field_latitude,field_longitude,site_id
0.135176926851273,34.8034629821777,0
0.127123504877091,34.8039474487305,1
0.137744799256325,34.8249320983887,2
0.125211760401726,34.8153038024902,3
0.135209113359451,34.8034744262695,4
0.127344623208046,34.8037147521973,5
0.133632391691208,34.7875137329102,6
0.206929206848145,34.9627647399902,7
0.195302650332451,34.9613723754883,8
0.169417545199394,34.9570083618164,9
0.0020192400552332,34.9560012817383,10
0.0318796709179878,34.9042739868164,11
0.0020085999276489,34.9561042785645,12
0.0020808100234717,34.9561195373535,13
0.380215048789978,34.459400177002,14
-0.0120155001059175,34.7646789550781,15
-0.0120030902326107,34.7646675109863,16
-0.0231782700866461,34.7573432922363,17
-0.0237323902547359,34.7522277832031,18
0.138128027319908,34.9008674621582,19
0.141362443566322,34.9132919311523,20
0.121504038572311,34.9039726257324,21
0.135298922657967,34.9180793762207,22
0.141348883509636,34.9136734008789,23
0.135802462697029,34.9191474914551,24
0.13507267832756,34.8986282348633,25
0.13489855825901,34.8986511230469,26
0.130491822957993,34.9034614562988,27
0.149495512247086,34.9008598327637,28
0.0371576100587845,34.8227958679199,29
0.0181067995727062,34.7970771789551,30
0.022185180336237,34.8073234558105,31
0.018293920904398,34.7972984313965,32
0.154286697506905,34.8590126037598,33
0.173469752073288,34.918773651123,34
-0.588563978672028,34.760368347168,35
0.134821653366089,34.8940734863281,36
0.137827545404434,34.8928489685059,37
0.0227269399911165,34.8113861083984,38
0.111726619303226,34.3832092285156,39
0.102983042597771,34.3754501342773,40
0.105842001736164,34.4060859680176,41
0.112005107104778,34.3831214904785,42
0.113639920949936,34.3851852416992,43
0.0994826033711433,34.3719902038574,44
0.098624162375927,34.3709526062012,45
0.118669003248215,34.4089851379395,46
0.0905321091413498,34.3378028869629,47
0.09885273873806,34.3754005432129,48
0.118488401174545,34.4091491699219,49
0.1169693171978,34.4095420837402,50
0.105708412826061,34.373893737793,51
0.105284713208675,34.3655738830566,52
0.0987026989459991,34.3709526062012,53
0.106159396469593,34.3744087219238,54
0.106468498706818,34.4062385559082,55
0.114341050386429,34.4129524230957,56
0.114299573004246,34.4128456115723,57
0.115321300923824,34.4135360717773,58
0.126020103693008,34.1900291442871,59
0.109906032681465,34.2019538879395,60
0.099964551627636,34.1811408996582,61
0.125977739691734,34.1901168823242,62
0.0921039134263992,34.1930885314941,63
0.106080107390881,34.1836242675781,64
0.0938779935240746,34.185432434082,65
0.12021367251873,34.1886367797852,66
0.110063523054123,34.2026138305664,67
0.110057413578034,34.2015533447266,68
0.0928792804479599,34.1856994628906,69
0.0970732867717743,34.186580657959,70
0.119159266352654,34.2016448974609,71
0.0442792102694511,34.2167053222656,72
0.0918088927865028,34.338134765625,73
0.098250649869442,34.3509750366211,74
0.120111383497715,34.3278694152832,75
0.0965768918395042,34.3310012817383,76
0.0921902507543564,34.3380584716797,77
0.10860601067543,34.3263778686523,78
0.115342676639557,34.3490180969238,79
0.120562642812729,34.3284873962402,80
0.0969191417098045,34.3315353393555,81
0.0938438773155212,34.3354454040527,82
0.0460814014077187,34.2190895080566,83
0.0937344804406166,34.3352165222168,84
0.0909257829189301,34.3447875976562,85
0.108276389539242,34.348705291748,86
0.109199427068234,34.347354888916,87
0.114913202822208,34.3360290527344,88
0.116007678210735,34.3356628417969,89
0.0972474068403244,34.3504066467285,90
0.0964750871062279,34.3492050170898,91
0.114897862076759,34.3501663208008,92
0.114606127142906,34.3490982055664,93
0.184923052787781,34.191764831543,94
0.185184434056282,34.1951560974121,95
0.169404834508896,34.1881217956543,96
0.173903867602348,34.1879196166992,97
0.180722564458847,34.1922454833984,98
0.181430995464325,34.1927871704102,99
0.180284053087234,34.1893310546875,100
0.163168683648109,34.1710662841797,101
0.176748335361481,34.1864814758301,102
0.18445548415184,34.1922454833984,103
0.163124322891235,34.1706123352051,104
0.16955840587616,34.1806144714355,105
0.172413423657417,34.1884422302246,106
0.0858809426426888,34.3945388793945,107
0.116897493600845,34.1289978027344,108
0.104968756437302,34.1403503417969,109
0.104964509606361,34.1403541564941,110
0.115892238914967,34.130786895752,111
0.115965329110622,34.1305465698242,112
0.111953467130661,34.1296691894531,113
0.100013621151447,34.164852142334,114
0.125715047121048,34.1438140869141,115
0.103805303573608,34.1502647399902,116
0.110618390142918,34.1297874450684,117
0.111960381269455,34.1295547485352,118
0.0249843206256628,34.4666519165039,119
0.0227599702775478,34.4413070678711,120
0.0274094492197037,34.4413032531738,121
0.0266917403787375,34.4415130615234,122
0.0116814495995641,34.4269714355469,123
0.0266400091350079,34.441478729248,124
0.0117140300571918,34.426944732666,125
0.0236142408102751,34.4616203308105,126
0.0244703199714422,34.4672813415527,127
0.01405477989465,34.4259986877441,128
0.235975787043571,34.1685752868652,129
0.240976214408875,34.1738433837891,130
0.223618522286415,34.1505241394043,131
0.242846056818962,34.1875152587891,132
0.242883592844009,34.1874961853027,133
0.235982835292816,34.168586730957,134
0.237606063485146,34.1672592163086,135
0.241483375430107,34.1748046875,136
0.232484221458435,34.1740493774414,137
0.224832698702812,34.182674407959,138
0.245294228196144,34.1810035705566,139
0.202941656112671,34.1855430603027,140
0.223617807030678,34.1504821777344,141
0.245315194129944,34.1827239990234,142
0.22540257871151,34.183349609375,143
0.245297208428383,34.1827125549316,144
0.241191536188126,34.1859283447266,145
0.255503863096237,34.1945152282715,146
0.254902184009552,34.1982192993164,147
0.0404856614768505,34.4138259887695,148
0.0354542806744576,34.4157867431641,149
0.0352206900715828,34.4165229797363,150
0.0447795987129211,34.4149208068848,151
0.0294614601880312,34.4224700927734,152
0.0498680509626865,34.4251480102539,153
0.0293890908360481,34.4214172363281,154
0.0455194301903248,34.4152069091797,155
0.0207027997821569,34.3913307189941,156
0.0255020894110203,34.4221496582031,157
0.0199235994368792,34.3939743041992,158
0.048503290861845,34.4113311767578,159
0.0206249393522739,34.39404296875,160
0.0487487092614174,34.4231605529785,161
0.0294720903038979,34.4224891662598,162
0.0319683402776718,34.4162101745605,163
0.0294117294251919,34.4162063598633,164
0.0352068692445755,34.4165382385254,165
0.0493723712861538,34.4118843078613,166
0.032505888491869,34.4338340759277,167
0.0293757300823927,34.4215545654297,168
0.0326397605240345,34.4159698486328,169
0.176229372620583,34.179370880127,170
0.20653261244297,34.4366683959961,171
0.315936595201492,34.2215309143066,172
0.359077215194702,34.2189903259277,173
0.315904349088669,34.2215156555176,174
0.336149781942368,34.2074508666992,175
0.359089076519013,34.2190208435059,176
0.581974923610687,34.55859375,177
0.361581742763519,34.345287322998,178
0.35018664598465,34.3537178039551,179
0.362243950366974,34.3444290161133,180
0.34815388917923,34.3415794372559,181
0.346516668796539,34.3458557128906,182
0.299052029848099,34.1837882995605,183
0.320248067378998,34.290657043457,184
0.323398649692535,34.2909469604492,185
0.263809025287628,34.075309753418,186
0.28653210401535,34.0810737609863,187
0.194828867912293,34.0733375549316,188
0.228135541081429,34.0655555725098,189
0.252986490726471,34.073184967041,190
0.24158076941967,34.0796585083008,191
0.210723072290421,34.0653915405273,192
0.208423897624016,34.0582389831543,193
0.194618210196495,34.0904426574707,194
0.228119313716888,34.0880241394043,195
0.186936676502228,34.0878372192383,196
0.149269312620163,34.0972709655762,197
0.370850592851639,34.3739395141602,198
0.370448797941208,34.3679161071777,199
0.399905562400818,34.3442459106445,200
0.397909551858902,34.3428764343262,201
0.372915476560593,34.3541488647461,202
0.396091431379318,34.3445320129395,203
0.369394689798355,34.3713035583496,204
0.370422124862671,34.3678932189941,205
0.378185480833054,34.3559188842773,206
0.381561934947967,34.1876373291016,207
0.386833250522614,34.1903228759766,208
0.581795275211334,34.5583648681641,209
0.419959515333176,34.2052955627441,210
0.406493544578552,34.2095642089844,211
0.388099819421768,34.170051574707,212
0.386066615581513,34.165168762207,213
0.402547389268875,34.2069931030273,214
0.39080137014389,34.1757431030273,215
0.389286249876022,34.1701126098633,216
0.386465936899185,34.3291206359863,217
0.352250456809998,34.3052177429199,218
0.352109432220459,34.3036231994629,219
0.353755295276642,34.3077011108398,220
0.350379973649979,34.3040542602539,221
0.391140848398209,34.3229103088379,222
0.388005018234253,34.3262405395508,223
0.32612082362175,34.3214950561523,224
0.335416704416275,34.3410720825195,225
0.322899967432022,34.3237380981445,226
0.335319727659226,34.341178894043,227
0.581999480724335,34.5583839416504,228
0.321237444877625,34.3251266479492,229
0.399499386548996,34.3553047180176,230
0.58195960521698,34.5584144592285,231
0.581971824169159,34.5583953857422,232
0.581975102424622,34.5583915710449,233
0.581965923309326,34.5583992004395,234
0.581960201263428,34.5583953857422,235
0.58197432756424,34.5583953857422,236
0.58196222782135,34.5583953857422,237
0.58196347951889,34.5583915710449,238
0.402928054332733,34.3524284362793,239
0.396354794502258,34.3641357421875,240
0.408475130796432,34.351806640625,241
0.581975519657135,34.5583953857422,242
0.581847667694092,34.5583724975586,243
0.35382941365242,34.4071044921875,244
0.429432332515717,34.1512870788574,245
0.42729115486145,34.1459732055664,246
0.427115857601166,34.1454734802246,247
0.440210729837418,34.1196250915527,248
0.347377389669418,34.1780891418457,249
0.433687776327133,34.1722183227539,250
0.423372000455856,34.1620445251465,251
0.347496867179871,34.1781959533691,252
0.42353019118309,34.1706123352051,253
0.334212064743042,34.2377624511719,254
0.326381236314774,34.2334938049316,255
0.326210230588913,34.2334976196289,256
0.33489465713501,34.2387771606445,257
0.333716601133347,34.2377243041992,258
0.350840866565704,34.2214813232422,259
0.345199882984161,34.2257194519043,260
0.366168349981308,34.2297706604004,261
0.359106689691544,34.2189750671387,262
0.359117567539215,34.2191009521484,263
0.359107136726379,34.2189712524414,264
0.359083443880081,34.219051361084,265
0.299300014972687,34.3052635192871,266
0.447601646184921,34.256420135498,267
0.420876085758209,34.2692718505859,268
0.437654137611389,34.2491836547852,269
0.437712550163269,34.2492065429688,270
0.413526564836502,34.2617034912109,271
0.432920634746552,34.2784194946289,272
0.423443347215653,34.270263671875,273
0.433158338069916,34.2784729003906,274
0.421331524848938,34.268913269043,275
0.447578638792038,34.2573089599609,276
0.413612753152847,34.2617683410645,277
0.425313979387283,34.2490234375,278
0.476954936981201,34.1530609130859,279
0.477942854166031,34.1601524353027,280
0.431328266859055,34.0974998474121,281
0.417649179697037,34.1027946472168,282
0.431397378444672,34.1033020019531,283
0.427728235721588,34.0996475219727,284
0.429683744907379,34.0967292785645,285
0.431181401014328,34.1025733947754,286
0.396993786096573,34.1253890991211,287
0.40014910697937,34.1212921142578,288
0.400287181138992,34.120662689209,289
0.396230161190033,34.1247825622559,290
0.400974243879318,34.1198539733887,291
0.578096151351929,34.552978515625,292
0.581780135631561,34.5583534240723,293
0.276418209075928,34.2374153137207,294
0.276605159044266,34.2386283874512,295
0.276428192853928,34.2374382019043,296
0.297651678323746,34.210262298584,297
0.26814278960228,34.2345085144043,298
0.278207004070282,34.213134765625,299
0.303353905677795,34.1590347290039,300
0.270525544881821,34.2353706359863,301
0.315596163272858,34.1943435668945,302
0.297656565904617,34.2102928161621,303
0.302951008081436,34.158805847168,304
0.581854343414307,34.5585098266602,305
0.332097202539444,34.2709693908691,306
-0.833818376064301,34.6205253601074,307
0.290532767772675,34.0898551940918,308
0.307880580425263,34.0719909667969,309
0.315791249275208,34.0682563781738,310
0.581968426704407,34.5583992004395,311
0.58197420835495,34.5583915710449,312
0.581974387168884,34.5583953857422,313
0.581968784332275,34.5583877563477,314
0.581973314285278,34.5583915710449,315
0.581979393959045,34.5583992004395,316
0.58197021484375,34.5583953857422,317
0.581977486610413,34.5583953857422,318
0.581979811191559,34.5583915710449,319
0.394358098506927,34.2265548706055,320
0.394457161426544,34.2263870239258,321
0.440196663141251,34.2040405273438,322
0.442714691162109,34.217227935791,323
0.450669080018997,34.2147674560547,324
0.305665910243988,34.151123046875,325
0.306965231895447,34.1501350402832,326
0.581966698169708,34.5583763122559,327
0.581946015357971,34.5583839416504,328
0.581982672214508,34.5583724975586,329
0.278431683778763,34.2981643676758,330
0.278467118740082,34.2981491088867,331
0.381825625896454,34.2535362243652,332
0.379204988479614,34.2598152160645,333
0.37980118393898,34.2606430053711,334
0.381505966186523,34.2538566589355,335
0.255603551864624,34.1313171386719,336
0.259051024913788,34.1324348449707,337
0.256305485963821,34.1261024475098,338
0.581884443759918,34.5583877563477,339
0.581882059574127,34.5583534240723,340
0.581847727298737,34.5584831237793,341
0.581886947154999,34.558422088623,342
0.581800520420074,34.5584182739258,343
0.581878125667572,34.5583801269531,344
0.58187198638916,34.558349609375,345
0.581868231296539,34.5583724975586,346
0.581821620464325,34.5583953857422,347
0.581853091716766,34.558406829834,348
0.581853449344635,34.5583763122559,349
0.319835424423218,34.3358688354492,350
0.308189570903778,34.3596725463867,351
0.293902665376663,34.3485374450684,352
0.301687657833099,34.3562278747559,353
0.319497436285019,34.3360900878906,354
0.321114957332611,34.3353538513184,355
0.308009296655655,34.3500785827637,356
0.315561413764954,34.3810386657715,357
0.330977827310562,34.3446464538574,358
0.327633291482925,34.3600082397461,359
0.308365553617477,34.3588676452637,360
0.348033875226974,34.3808746337891,361
0.285203218460083,34.1290016174316,362
0.260212570428848,34.1354789733887,363
0.274629831314087,34.1357498168945,364
0.425252616405487,34.2197952270508,365
0.359845221042633,34.2195320129395,366
0.359197825193405,34.2189750671387,367
0.359161883592606,34.2189788818359,368
0.359131306409836,34.2189903259277,369
0.359147697687149,34.2189865112305,370
0.359118193387985,34.2190170288086,371
0.347523182630539,34.1782264709473,372
0.452563136816025,34.1873931884766,373
0.459824293851852,34.1923789978027,374
0.456512808799744,34.1914138793945,375
0.418910592794418,34.1648063659668,376
0.458128839731216,34.1712341308594,377
0.435741543769836,34.1856384277344,378
0.456807523965836,34.1555213928223,379
0.437695890665054,34.1891174316406,380
0.445407390594482,34.1931343078613,381
0.448937207460403,34.1695556640625,382
0.437079399824143,34.1893577575684,383
0.446954846382141,34.1794586181641,384
0.447151988744736,34.1846542358398,385
0.447326868772507,34.1872901916504,386
0.451770514249802,34.1777038574219,387
0.447744458913803,34.1899566650391,388
0.450677841901779,34.1899299621582,389
0.453849703073502,34.1884841918945,390
0.581871628761292,34.5583877563477,391
0.454566091299057,34.1883392333984,392
0.453827649354935,34.1884956359863,393
0.4500392973423,34.1715087890625,394
0.452263593673706,34.1866149902344,395
0.458756685256958,34.1915435791016,396
0.447023451328278,34.1796264648438,397
0.447118788957596,34.1905899047852,398
0.467098623514175,34.1854476928711,399
0.581847190856934,34.5584449768066,400
0.347185701131821,34.2076797485352,401
0.34871643781662,34.3559684753418,402
0.36490473151207,34.3762435913086,403
0.392255961894989,34.3514938354492,404
0.363581836223602,34.3734703063965,405
0.357293903827667,34.3841896057129,406
0.300387769937515,34.2355155944824,407
0.380987495183945,34.1890144348145,408
0.381527096033096,34.1894187927246,409
0.383957713842392,34.1647872924805,410
0.44759726524353,34.2522392272949,411
0.38369745016098,34.1642532348633,412
0.40602695941925,34.2061309814453,413
0.387426257133484,34.1678352355957,414
0.404580265283585,34.218433380127,415
0.413437724113464,34.1810646057129,416
0.388873279094696,34.1750030517578,417
0.391313999891281,34.3309020996094,418
0.352933168411255,34.3053741455078,419
0.339592069387436,34.3553123474121,420
0.348406165838242,34.3710746765137,421
0.343183070421219,34.3670654296875,422
0.581956207752228,34.5583992004395,423
0.404213100671768,34.348804473877,424
0.581950426101685,34.5583801269531,425
0.581963896751404,34.5583953857422,426
0.399926573038101,34.3567199707031,427
0.581822335720062,34.5584678649902,428
0.581932127475739,34.5583839416504,429
0.413549542427063,34.1654205322266,430
0.347414433956146,34.1780586242676,431
0.419530779123306,34.1633720397949,432
0.430583238601685,34.1742057800293,433
0.422508984804153,34.163875579834,434
0.418544918298721,34.1656608581543,435
0.413559854030609,34.1654052734375,436
0.430514752864838,34.176139831543,437
0.325401186943054,34.242805480957,438
0.326214522123337,34.2421073913574,439
0.345810532569885,34.2252731323242,440
0.400505274534226,34.2422637939453,441
0.403647989034653,34.2410659790039,442
0.383825600147247,34.2707099914551,443
0.377273291349411,34.267951965332,444
0.358951479196549,34.2397766113281,445
0.35039210319519,34.2493438720703,446
0.350347965955734,34.2494277954102,447
0.46311491727829,34.1670303344727,448
0.463154286146164,34.1671180725098,449
0.456987828016281,34.149227142334,450
0.454994380474091,34.1642265319824,451
0.451931893825531,34.1639785766602,452
0.459641367197037,34.1648712158203,453
0.455579042434692,34.1548385620117,454
0.456643491983414,34.1549758911133,455
0.450360268354416,34.1541633605957,456
0.456566959619522,34.1490783691406,457
0.451886415481567,34.1553382873535,458
0.450442105531693,34.154125213623,459
0.331814408302307,34.3731727600098,460
0.348411947488785,34.4061813354492,461
0.315846413373947,34.3803825378418,462
0.316146969795227,34.3817367553711,463
0.332146435976028,34.2702751159668,464
0.323326349258423,34.2496910095215,465
0.325134187936783,34.2504997253418,466
0.331752389669418,34.2699508666992,467
0.339159935712814,34.2760314941406,468
0.319850593805313,34.2608375549316,469
0.328115433454514,34.2603454589844,470
0.322467237710953,34.2595024108887,471
0.327339172363281,34.2606887817383,472
0.310275882482529,34.2982177734375,473
0.360553741455078,34.217945098877,474
0.447803556919098,34.2522048950195,475
0.354013830423355,34.2018547058105,476
0.352397561073303,34.2081146240234,477
0.376719266176224,34.287712097168,478
0.447770714759827,34.2521934509277,479
0.354826807975769,34.2102737426758,480
0.373302102088928,34.286190032959,481
0.352018803358078,34.2079544067383,482
0.448232263326645,34.2139472961426,483
0.449670225381851,34.2083358764648,484
0.450116395950317,34.1999778747559,485
0.449334412813187,34.2040939331055,486
0.305923134088516,34.1297492980957,487
0.581871569156647,34.558422088623,488
0.581844210624695,34.5583534240723,489
0.581916928291321,34.5583763122559,490
0.183781817555428,34.5373992919922,491
0.183767229318619,34.5372467041016,492
0.183785632252693,34.5373497009277,493
0.188791215419769,34.5406913757324,494
0.180711567401886,34.5302772521973,495
0.195478424429893,34.5333099365234,496
0.181241974234581,34.5301895141602,497
0.195444196462631,34.5332565307617,498
0.189163833856583,34.5372657775879,499
0.188785806298256,34.5407066345215,500
0.18119403719902,34.5302581787109,501
0.189689591526985,34.537036895752,502
0.286793261766434,34.4752731323242,503
0.284081548452377,34.4867401123047,504
0.270399272441864,34.4814300537109,505
0.289931982755661,34.4793243408203,506
0.275209248065948,34.4810066223145,507
0.270766973495483,34.481803894043,508
0.298850208520889,34.4281005859375,509
0.26634818315506,34.4685325622559,510
0.27966034412384,34.4826164245605,511
0.279765874147415,34.4789123535156,512
0.267646610736847,34.4687347412109,513
0.3028504550457,34.4797706604004,514
0.283955156803131,34.4850540161133,515
0.298001289367676,34.4281044006348,516
0.298764407634735,34.427734375,517
0.277060955762863,34.482795715332,518
0.265767931938171,34.469539642334,519
0.221564546227455,34.552619934082,520
0.223284676671028,34.5648155212402,521
0.222725316882134,34.567066192627,522
0.197637364268303,34.4026641845703,523
0.198670715093613,34.4026184082031,524
0.189263164997101,34.4010353088379,525
0.180364474654198,34.389965057373,526
0.183215826749802,34.3939476013184,527
0.197643220424652,34.4026756286621,528
0.197530567646027,34.4027214050293,529
0.19878114759922,34.402458190918,530
0.187732711434364,34.395938873291,531
0.356244564056396,34.6204948425293,532
0.368607401847839,34.6274681091309,533
0.347929328680039,34.6257591247559,534
0.35534992814064,34.6215362548828,535
0.354415029287338,34.6274070739746,536
0.354474753141403,34.6283798217773,537
0.355295538902283,34.6210670471191,538
0.343484371900559,34.6253471374512,539
0.356021910905838,34.6296043395996,540
0.306576758623123,34.4835357666016,541
0.311906337738037,34.5391082763672,542
0.299389690160751,34.505298614502,543
0.313598483800888,34.4942626953125,544
0.290590107440948,34.4970245361328,545
0.295835912227631,34.5403022766113,546
0.289427220821381,34.5077133178711,547
0.289361119270325,34.5076942443848,548
0.313589781522751,34.4942398071289,549
0.313704401254654,34.5381622314453,550
0.31377723813057,34.538387298584,551
0.307241022586823,34.4845008850098,552
0.285784989595413,34.5252456665039,553
0.581321775913239,35.3055381774902,554
0.321654200553894,34.5014305114746,555
0.286147892475128,34.5249366760254,556
0.235064938664436,34.5845947265625,557
0.256464332342148,34.6092224121094,558
0.236309573054314,34.5848808288574,559
0.235049843788147,34.5846328735352,560
0.228120625019073,34.5961380004883,561
0.260974884033203,34.6069488525391,562
0.256440311670303,34.6094741821289,563
0.25645124912262,34.6091384887695,564
0.26100617647171,34.6069831848145,565
0.227356046438217,34.5964736938477,566
0.265741020441055,34.6130027770996,567
0.260978221893311,34.6069984436035,568
0.256949961185455,34.6099090576172,569
0.372255891561508,34.4576301574707,570
0.375960886478424,34.453727722168,571
0.359900951385498,34.437931060791,572
0.366004824638367,34.4477386474609,573
0.359206646680832,34.4393844604492,574
0.377093374729156,34.4620475769043,575
0.376644432544708,34.4615592956543,576
0.362503945827484,34.437198638916,577
0.380975097417831,34.4587554931641,578
0.359941571950912,34.438892364502,579
0.382171660661697,34.4498405456543,580
0.367288857698441,34.4467391967773,581
0.367372125387192,34.4452629089355,582
0.378040432929993,34.4649391174316,583
0.368545860052109,34.4437294006348,584
0.364881366491318,34.4442596435547,585
0.214842900633812,34.5320663452148,586
0.58197408914566,34.558406829834,587
0.196782439947128,34.6041564941406,588
0.581969618797302,34.5583953857422,589
0.581969380378723,34.5583953857422,590
0.581947386264801,34.558464050293,591
0.256842881441116,34.5641403198242,592
0.31111216545105,34.5421600341797,593
0.336817651987076,34.5941162109375,594
0.321043372154236,34.5645370483398,595
0.35012024641037,34.5680313110352,596
0.349858611822128,34.5674324035645,597
0.319176554679871,34.5732002258301,598
0.3442702293396,34.590202331543,599
0.346351653337479,34.5845794677734,600
0.321020424365997,34.5645141601562,601
0.343908250331879,34.6139335632324,602
0.321023553609848,34.5648307800293,603
0.197340756654739,34.4878387451172,604
0.180714666843414,34.537841796875,605
0.185105487704277,34.5477600097656,606
0.192715913057327,34.5412902832031,607
0.190271258354187,34.545597076416,608
0.190271720290184,34.5455856323242,609
0.179253503680229,34.5380935668945,610
0.192631646990776,34.5413475036621,611
0.190273270010948,34.5456352233887,612
0.179349213838577,34.5380897521973,613
0.581922948360443,34.5585060119629,614
0.215157359838486,34.4417686462402,615
0.203890576958656,34.4272270202637,616
0.230580613017082,34.4323806762695,617
0.192334249615669,34.4118919372559,618
0.231360718607902,34.432258605957,619
0.222654327750206,34.4462738037109,620
0.209749415516853,34.4450073242188,621
0.230288460850716,34.4342575073242,622
0.215031564235687,34.4423141479492,623
0.204139590263367,34.4242553710938,624
0.21525801718235,34.4425277709961,625
0.203773155808449,34.4267997741699,626
0.192306622862816,34.4118766784668,627
0.264107257127762,34.4511032104492,628
0.285096555948258,34.4441070556641,629
0.190330892801285,34.5456314086914,630
0.190344393253326,34.5456314086914,631
0.261771351099014,34.5838165283203,632
0.261926174163818,34.5836715698242,633
0.264609843492508,34.5884056091309,634
0.264786213636398,34.587776184082,635
0.247688323259354,34.4509582519531,636
0.243953466415405,34.4550666809082,637
0.225858762860298,34.4549255371094,638
0.233991146087647,34.4665374755859,639
0.248171553015709,34.4508171081543,640
0.266140133142471,34.4584083557129,641
0.247740790247917,34.4511375427246,642
0.217160299420357,34.4993629455566,643
0.581971228122711,34.5583992004395,644
0.581868588924408,34.5584411621094,645
0.201540514826775,34.4821357727051,646
0.581910192966461,34.5584869384766,647
0.199034661054611,34.577709197998,648
0.173235788941383,34.5534515380859,649
0.226963892579079,34.6001091003418,650
0.213507905602455,34.5717391967773,651
0.196746274828911,34.5243225097656,652
0.185607224702835,34.5655784606934,653
0.199125349521637,34.5777130126953,654
0.196721166372299,34.5243072509766,655
0.223142936825752,34.592098236084,656
0.213507562875748,34.5716552734375,657
0.223488867282867,34.5923728942871,658
0.187934935092926,34.5627365112305,659
0.198083356022835,34.5761642456055,660
0.186249867081642,34.560230255127,661
0.176712900400162,34.5493927001953,662
0.196506932377815,34.5984916687012,663
0.196446120738983,34.5984268188477,664
0.173206582665443,34.5044021606445,665
0.170940533280373,34.5077667236328,666
0.173256874084473,34.5044937133789,667
0.184400364756584,34.5073051452637,668
0.165432035923004,34.5215606689453,669
0.184397503733635,34.5072898864746,670
0.170746996998787,34.5077667236328,671
0.180871546268463,34.5082588195801,672
0.359476208686829,34.5915794372559,673
0.344987422227859,34.5976524353027,674
0.353818625211716,34.6328811645508,675
0.362665385007858,34.6249008178711,676
0.367505639791489,34.6269760131836,677
0.355173408985138,34.6065788269043,678
0.348795294761658,34.6190452575684,679
0.357489764690399,34.6042022705078,680
0.194282084703445,34.529052734375,681
0.194285809993744,34.5296821594238,682
0.193635165691376,34.5239715576172,683
0.581969976425171,34.5583915710449,684
0.581871747970581,34.5585174560547,685
0.20547690987587,34.4992065429688,686
0.581810891628265,34.5586204528809,687
0.58188134431839,34.5582504272461,688
0.222201213240624,34.4429244995117,689
0.213508605957031,34.4333419799805,690
0.233713656663895,34.441333770752,691
0.222846269607544,34.4461860656738,692
0.204980850219727,34.436653137207,693
0.230971321463585,34.4443702697754,694
0.228206053376198,34.4257888793945,695
0.205700784921646,34.4324722290039,696
0.17494535446167,34.407886505127,697
0.178618833422661,34.4106140136719,698
0.187457203865051,34.4108772277832,699
0.166752234101295,34.3994522094727,700
0.183561682701111,34.413688659668,701
0.179592624306679,34.4116439819336,702
0.183707892894745,34.4140625,703
0.763372719287872,34.6813125610352,704
0.655361413955688,34.6702308654785,705
0.757176578044891,34.5724678039551,706
0.686267375946045,34.5673942565918,707
0.680460810661316,34.5766906738281,708
0.680462241172791,34.576587677002,709
0.679261028766632,34.5853385925293,710
0.649878263473511,34.5623474121094,711
0.667159616947174,34.5577926635742,712
0.666958510875702,34.557689666748,713
0.667059421539307,34.5573425292969,714
0.68562239408493,34.5748748779297,715
0.667764544487,34.5583381652832,716
0.680453598499298,34.5766067504883,717
0.687549591064453,34.5683975219727,718
0.604769825935364,34.6012916564941,719
0.606721341609955,34.6032524108887,720
0.596748113632202,34.6128845214844,721
0.610362648963928,34.6026039123535,722
0.595876514911652,34.6125373840332,723
0.612795770168304,34.6015090942383,724
0.595699191093445,34.612548828125,725
0.595878303050995,34.6125335693359,726
0.615457832813263,34.6054458618164,727
0.615803718566895,34.5982818603516,728
0.665114939212799,34.5313377380371,729
0.665335953235626,34.5313720703125,730
0.683875381946564,34.5303039550781,731
0.653617084026337,34.5230827331543,732
0.684006094932556,34.5301971435547,733
0.581870436668396,34.5584297180176,734
0.581947267055511,34.5585517883301,735
0.581926226615906,34.5584754943848,736
0.581870973110199,34.5585021972656,737
0.5819411277771,34.5584831237793,738
0.581881940364838,34.5585670471191,739
0.581914484500885,34.5585250854492,740
0.581835687160492,34.5584754943848,741
0.581839799880981,34.5584907531738,742
0.581934154033661,34.5584831237793,743
0.58189582824707,34.558521270752,744
0.581878781318665,34.5585479736328,745
0.618173062801361,34.5143356323242,746
0.661361157894135,34.5618591308594,747
0.65999048948288,34.5609512329102,748
0.661238431930542,34.561840057373,749
0.659471333026886,34.5633926391602,750
0.599246025085449,34.5959014892578,751
0.640150725841522,34.4989967346191,752
0.577820658683777,34.5661582946777,753
0.581852197647095,34.5583877563477,754
0.577925443649292,34.5661888122559,755
0.581862986087799,34.5585098266602,756
0.581673145294189,34.5585594177246,757
0.581796526908875,34.5583763122559,758
0.646649181842804,34.5254669189453,759
0.65541684627533,34.5190582275391,760
0.582905411720276,34.5565338134766,761
0.581226944923401,34.5602149963379,762
0.581874668598175,34.5584831237793,763
0.583759963512421,34.5696563720703,764
0.654956221580505,34.5182189941406,765
0.660763204097748,34.5397071838379,766
0.660860300064087,34.5397491455078,767
0.662796914577484,34.537281036377,768
0.58181369304657,34.5584945678711,769
0.660026669502258,34.5433769226074,770
0.66158401966095,34.537784576416,771
0.650805354118347,34.5388298034668,772
0.581596732139587,34.552074432373,773
0.65995055437088,34.5384101867676,774
0.66078245639801,34.5471611022949,775
0.582267999649048,34.5629501342773,776
0.574901282787323,34.5472602844238,777
0.60210770368576,34.4799003601074,778
0.595460057258606,34.4872817993164,779
0.604179501533508,34.4774322509766,780
0.604312121868134,34.4777374267578,781
0.600161552429199,34.4863624572754,782
0.599809408187866,34.485897064209,783
0.581832051277161,34.5584678649902,784
0.578011929988861,34.5662117004395,785
0.580627501010895,34.5006675720215,786
0.581794381141663,34.5583724975586,787
0.583981096744537,34.5092735290527,788
0.581746518611908,34.509708404541,789
0.600452125072479,34.517650604248,790
0.638617336750031,34.5967979431152,791
0.620487987995148,34.5923843383789,792
0.636844158172607,34.5979995727539,793
0.639163315296173,34.5675048828125,794
0.620530664920807,34.593391418457,795
0.662138879299164,34.5944442749023,796
0.637299239635468,34.5679054260254,797
0.655657529830933,34.483341217041,798
0.609820067882538,34.5981292724609,799
0.614879071712494,34.6108818054199,800
0.609285712242126,34.5982437133789,801
0.614891588687897,34.6108512878418,802
0.644988059997559,34.5443458557129,803
0.645543396472931,34.5441818237305,804
0.622820854187012,34.568058013916,805
0.641901969909668,34.5800094604492,806
0.653277635574341,34.5583076477051,807
0.621972918510437,34.5678825378418,808
0.643437802791595,34.5566864013672,809
0.654185354709625,34.5522537231445,810
0.645099103450775,34.5801315307617,811
0.62774246931076,34.5651473999023,812
0.592808663845062,34.5968551635742,813
0.5956791639328,34.5995826721191,814
0.584435880184174,34.4498252868652,815
0.688770353794098,34.5402755737305,816
0.665487587451935,34.5366325378418,817
0.631030917167664,34.5376739501953,818
0.628257572650909,34.5079727172852,819
0.625591099262238,34.5307159423828,820
0.640871405601501,34.5354347229004,821
0.57793664932251,34.5662612915039,822
0.640041530132294,34.4644355773926,823
0.639855861663818,34.4655532836914,824
0.639888048171997,34.4638366699219,825
0.609691023826599,34.4804077148438,826
0.596745252609253,34.4886283874512,827
0.601098477840424,34.4803695678711,828
0.60426253080368,34.4802207946777,829
0.596629858016968,34.4887504577637,830
0.596766889095306,34.4886360168457,831
0.56650984287262,34.5664024353027,832
0.600439250469208,34.523120880127,833
0.559666991233826,34.5826187133789,834
0.601472675800323,34.5275688171387,835
0.604908108711243,34.514274597168,836
0.59947282075882,34.5205001831055,837
0.581708550453186,34.5585823059082,838
0.590263068675995,34.4869842529297,839
0.580602586269379,34.5606384277344,840
0.652386248111725,34.5813293457031,841
0.652384698390961,34.5813255310059,842
0.653195142745972,34.5806007385254,843
0.660008788108826,34.4397087097168,844
0.132033184170723,34.5368499755859,845
0.132228940725327,34.5368576049805,846
0.128224074840546,34.5412101745605,847
0.104855500161648,34.3824043273926,848
0.115296572446823,34.4040565490723,849
0.105061367154121,34.3823585510254,850
0.107848532497883,34.389591217041,851
0.119918763637543,34.3687019348145,852
0.119894079864025,34.3689613342285,853
0.119309566915035,34.3669662475586,854
0.123833552002907,34.3726768493652,855
0.117777019739151,34.3804397583008,856
0.10058206319809,34.4137496948242,857
0.108711123466492,34.409725189209,858
0.103079289197922,34.532543182373,859
0.0859567895531654,34.5755958557129,860
0.173730239272118,34.5606651306152,861
0.173824906349182,34.5606536865234,862
0.130303606390953,34.5258445739746,863
0.173834264278412,34.560604095459,864
0.144314080476761,34.5807075500488,865
0.152262046933174,34.5002555847168,866
0.148496061563492,34.5032196044922,867
0.147215813398361,34.5031089782715,868
0.158505812287331,34.4995536804199,869
0.152236774563789,34.5002555847168,870
0.152243733406067,34.5001373291016,871
0.159096494317055,34.5000915527344,872
0.138845965266228,34.6016464233398,873
0.140030637383461,34.5952301025391,874
0.139798954129219,34.5950622558594,875
0.116919569671154,34.5991172790527,876
0.114837497472763,34.6105575561523,877
0.0806273072957993,34.5853729248047,878
0.129273846745491,34.5970573425293,879
0.127004876732826,34.5829200744629,880
0.140736475586891,34.6069145202637,881
0.138847410678863,34.6017761230469,882
0.131046816706657,34.5934257507324,883
0.13378794491291,34.592456817627,884
0.114790119230747,34.6105422973633,885
0.139261454343796,34.6011047363281,886
0.140735194087029,34.601203918457,887
0.105064667761326,34.5965423583984,888
0.150147557258606,34.5706901550293,889
0.188567459583282,34.3417053222656,890
0.165249943733215,34.3293991088867,891
0.164683029055595,34.3296546936035,892
0.177599102258682,34.3020553588867,893
0.170452520251274,34.2980346679688,894
0.165906816720962,34.3290214538574,895
0.14698152244091,34.454273223877,896
0.143455982208252,34.4811325073242,897
0.141369357705116,34.4421730041504,898
0.145475625991821,34.4511985778809,899
0.147765710949898,34.4775390625,900
0.143520787358284,34.4805717468262,901
0.147334143519402,34.4605255126953,902
0.147314086556435,34.4606246948242,903
0.143526777625084,34.4666862487793,904
0.143130108714104,34.4808311462402,905
0.135209068655968,34.4520072937012,906
0.146726787090302,34.4679985046387,907
0.141226381063461,34.4682731628418,908
0.146658703684807,34.454948425293,909
0.147530972957611,34.4776725769043,910
0.137063667178154,34.4663581848145,911
0.15033720433712,34.4760208129883,912
0.131533205509186,34.485668182373,913
0.149290636181831,34.4754333496094,914
0.136455252766609,34.4516983032227,915
0.142445683479309,34.4565277099609,916
0.153412386775017,34.511302947998,917
0.153388276696205,34.511287689209,918
0.134659975767136,34.5094985961914,919
0.153400227427483,34.5112380981445,920
0.0489934906363487,34.4449043273926,921
0.0580233000218868,34.4637680053711,922
0.0459019616246223,34.4600563049316,923
0.0561389997601509,34.4467620849609,924
0.0545999594032764,34.4714279174805,925
0.107603803277016,34.5665740966797,926
0.108996480703354,34.4457588195801,927
0.205617055296898,34.3796501159668,928
0.274950802326202,34.4514312744141,929
0.218389317393303,34.3846282958984,930
0.28087043762207,34.4459838867188,931
0.226143777370453,34.3784713745117,932
0.184894815087318,34.3810005187988,933
0.126500323414803,34.4666328430176,934
0.100377649068832,34.5026550292969,935
0.124940097332001,34.4595222473145,936
0.143327534198761,34.6366767883301,937
0.141700282692909,34.6368217468262,938
0.125551134347916,34.6301193237305,939
0.141684025526047,34.636833190918,940
0.143534794449806,34.6341361999512,941
0.226713642477989,34.3785514831543,942
0.142915606498718,34.6372337341309,943
0.119245797395706,34.5789756774902,944
0.12507851421833,34.5662612915039,945
0.0954223424196243,34.5732383728027,946
0.119689971208572,34.5791206359863,947
0.115353159606457,34.5771903991699,948
0.117175340652466,34.5681381225586,949
0.12302090972662,34.5690727233887,950
0.12314909696579,34.5684623718262,951
0.128553658723831,34.3711891174316,952
0.152940526604652,34.4008865356445,953
0.153188928961754,34.3974990844727,954
0.140038385987282,34.3645858764648,955
0.132932588458061,34.3816566467285,956
0.127361312508583,34.4011878967285,957
0.140159115195274,34.3638648986816,958
0.15311835706234,34.3976821899414,959
0.13230487704277,34.3805122375488,960
0.137957334518433,34.3897857666016,961
0.132908195257187,34.3626441955566,962
0.140493124723435,34.3864593505859,963
0.0826722830533981,34.4654273986816,964
0.0934435203671455,34.4770660400391,965
0.0689555034041405,34.50537109375,966
0.093329519033432,34.4605255126953,967
0.0708392933011055,34.514949798584,968
0.0682873725891113,34.5032806396484,969
0.0934326574206352,34.4770011901855,970
0.157887384295464,34.2105827331543,971
0.0824988409876823,34.4645309448242,972
0.0679387599229813,34.503360748291,973
0.0903888270258904,34.4599113464355,974
0.109265759587288,34.5783653259277,975
0.152279615402222,34.5002517700195,976
0.109927609562874,34.6215515136719,977
0.0796286016702652,34.5945205688477,978
0.107115529477596,34.5762519836426,979
0.113037399947643,34.6178016662598,980
0.113519549369812,34.617790222168,981
0.0790745690464973,34.598087310791,982
0.211003616452217,34.3337936401367,983
0.212112948298454,34.3353652954102,984
0.161682263016701,34.3410415649414,985
0.154297813773155,34.3100242614746,986
0.150097280740738,34.3450202941895,987
0.146608904004097,34.3398056030273,988
0.143225073814392,34.3366851806641,989
0.14093029499054,34.3076057434082,990
0.145932823419571,34.336540222168,991
0.146958023309708,34.3396377563477,992
0.149696081876755,34.344482421875,993
0.14447058737278,34.3356895446777,994
0.140850454568863,34.3080062866211,995
0.181327953934669,34.3606948852539,996
0.0959244072437286,34.390007019043,997
0.105651691555977,34.3944854736328,998
0.0839490368962288,34.4398460388184,999
0.0861568003892899,34.433406829834,1000
0.0687702819705009,34.4409484863281,1001
0.0692259073257446,34.4488143920898,1002
0.0693680197000504,34.4478302001953,1003
0.0815875679254532,34.4445991516113,1004
0.0687917768955231,34.4409446716309,1005
0.0760426670312881,34.4458618164062,1006
0.0809231027960777,34.4449005126953,1007
0.176245272159576,34.5726127624512,1008
0.186171755194664,34.5703392028809,1009
0.173823907971382,34.5606117248535,1010
0.185017272830009,34.5771751403809,1011
0.181555211544037,34.5589447021484,1012
0.186167135834694,34.5703506469727,1013
0.170488864183426,34.5760536193848,1014
0.170652985572815,34.5759582519531,1015
0.204075694084168,34.5096092224121,1016
0.170911625027657,34.5763549804688,1017
0.197686299681664,34.5741271972656,1018
0.109224870800972,34.4106788635254,1019
0.105332046747208,34.4068069458008,1020
0.109537273645401,34.4107322692871,1021
0.113956101238728,34.4054107666016,1022
0.109251670539379,34.3677062988281,1023
0.109770156443119,34.3676948547363,1024
0.103873953223228,34.408748626709,1025
0.114421457052231,34.4044799804688,1026
0.101756498217583,34.3777732849121,1027
0.100148782134056,34.4130554199219,1028
0.115359418094158,34.3838272094727,1029
0.111414946615696,34.3962326049805,1030
0.113620318472385,34.397632598877,1031
0.108094021677971,34.4047164916992,1032
0.105673290789127,34.4088249206543,1033
0.112984366714954,34.3909759521484,1034
0.10580275952816,34.4080047607422,1035
0.130199119448662,34.5258445739746,1036
0.1185252815485,34.596851348877,1037
0.117987386882305,34.6027030944824,1038
0.0907702669501305,34.5888977050781,1039
0.118193857371807,34.5967864990234,1040
0.139518812298775,34.5958518981934,1041
0.138862237334251,34.5967407226562,1042
0.120149292051792,34.6072082519531,1043
0.129268482327461,34.5879783630371,1044
0.1205133497715,34.6070747375488,1045
0.122486971318722,34.601692199707,1046
0.106070466339588,34.6026802062988,1047
0.115832582116127,34.6132431030273,1048
0.138737484812737,34.5968170166016,1049
0.0907761827111244,34.5888938903809,1050
0.11911129206419,34.6020011901855,1051
0.129133254289627,34.593936920166,1052
0.123248219490051,34.5986709594727,1053
0.128341108560562,34.5977897644043,1054
0.134627029299736,34.5879096984863,1055
0.139490023255348,34.5949592590332,1056
0.140329763293266,34.6006050109863,1057
0.137656927108765,34.4728317260742,1058
0.137620434165001,34.4729652404785,1059
0.146751224994659,34.4486885070801,1060
0.140155702829361,34.4607429504395,1061
0.149451822042465,34.457405090332,1062
0.129498407244682,34.4671058654785,1063
0.142842635512352,34.4560775756836,1064
0.142608866095543,34.4674987792969,1065
0.144531577825546,34.4578552246094,1066
0.135842263698578,34.4683303833008,1067
0.149570718407631,34.4568748474121,1068
0.0571878701448441,34.4401016235352,1069
0.0606042891740799,34.4564971923828,1070
0.0586867593228817,34.4463691711426,1071
0.0593325309455395,34.4508171081543,1072
0.059408150613308,34.4505996704102,1073
0.0571455396711826,34.4501609802246,1074
0.0614686384797096,34.444019317627,1075
0.0556367300450802,34.4431648254395,1076
0.13774374127388,34.3561668395996,1077
0.132749184966087,34.3782272338867,1078
0.0896557494997978,34.4952735900879,1079
0.0675030574202538,34.4414672851562,1080
-0.727155268192291,34.6743202209473,1081
-0.735233187675476,34.6951446533203,1082
-0.724699735641479,34.6769065856934,1083
-0.754937708377838,34.6600761413574,1084
-0.760040402412415,34.6648368835449,1085
-0.75331723690033,34.6595840454102,1086
-0.762931764125824,34.6806335449219,1087
-0.753582775592804,34.6596717834473,1088
-0.760089218616486,34.6665077209473,1089
-0.759669125080109,34.6399726867676,1090
-0.763547837734222,34.6798248291016,1091
-0.79797488451004,34.6800270080566,1092
-0.817811787128448,34.6470985412598,1093
-0.798248291015625,34.6501960754395,1094
-0.800328433513641,34.6622505187988,1095
-0.798701703548431,34.6503715515137,1096
-0.799020111560822,34.6548538208008,1097
-0.817432820796967,34.6463737487793,1098
-0.80044811964035,34.6489944458008,1099
-0.820589601993561,34.6379890441895,1100
-0.7993323802948,34.655143737793,1101
-0.816580355167389,34.6509094238281,1102
-0.770103514194489,34.6722602844238,1103
-0.816543579101562,34.6508750915527,1104
-0.800564110279083,34.6646690368652,1105
-0.799197316169739,34.654125213623,1106
-0.808515012264252,34.6523551940918,1107
-0.797893702983856,34.6803855895996,1108
-0.799883663654327,34.6622886657715,1109
-0.80158007144928,34.6835174560547,1110
-0.799284756183624,34.6690902709961,1111
-0.811997532844543,34.6466865539551,1112
-0.801101505756378,34.6407890319824,1113
-0.800747334957123,34.6405487060547,1114
-0.800338208675385,34.6627540588379,1115
-0.791956186294556,34.6585426330566,1116
-0.746162712574005,34.6631355285645,1117
-0.740616798400879,34.6594352722168,1118
-0.736697554588318,34.6773681640625,1119
-0.808783948421478,34.6570320129395,1120
-0.736784875392914,34.6777763366699,1121
-0.811127901077271,34.646671295166,1122
-0.715767741203308,34.8105964660645,1123
-0.81353771686554,34.8487968444824,1124
-0.773769795894623,34.6588554382324,1125
-0.778873383998871,34.6550483703613,1126
-0.778590857982635,34.6572189331055,1127
-0.773757338523865,34.6584434509277,1128
-0.774224281311035,34.6585121154785,1129
-0.808934986591339,34.652271270752,1130
-0.809703946113586,34.6526832580566,1131
0.0943705886602402,34.6983413696289,1132
-0.727835178375244,34.6539306640625,1133
-0.726322293281555,34.6509208679199,1134
-0.727363407611847,34.6471061706543,1135
-0.727239549160004,34.6469497680664,1136
-0.728412508964539,34.6536827087402,1137
-0.727459251880646,34.6463317871094,1138
-0.738178431987762,34.7984008789062,1139
-0.769450187683105,34.6473617553711,1140
-0.772222995758057,34.6372566223145,1141
-0.772365033626556,34.6374053955078,1142
-0.770276308059692,34.6476821899414,1143
-0.835223615169525,34.6173782348633,1144
-0.760804116725922,34.7019348144531,1145
-0.761760890483856,34.7013397216797,1146
-0.75975227355957,34.7011451721191,1147
-0.734706342220306,34.71923828125,1148
-0.773056209087372,34.6973304748535,1149
-0.740645825862885,34.7165603637695,1150
-0.734572649002075,34.7192497253418,1151
-0.773138761520386,34.6965522766113,1152
-0.777007877826691,34.750545501709,1153
-0.772558748722076,34.7547988891602,1154
-0.772231698036194,34.7547912597656,1155
-0.794493198394775,34.7700805664062,1156
-0.794305920600891,34.7699165344238,1157
-0.778240442276001,34.7612037658691,1158
-0.794968128204346,34.7702903747559,1159
-0.777474224567413,34.7603378295898,1160
-0.743227005004883,34.6643333435059,1161
-0.760492622852325,34.6739387512207,1162
-0.745691955089569,34.6643142700195,1163
-0.738982021808624,34.660400390625,1164
-0.76107782125473,34.6719093322754,1165
-0.766017317771912,34.6729278564453,1166
-0.740733563899994,34.662425994873,1167
-0.788143634796143,34.7050476074219,1168
-0.732964992523193,34.6668319702148,1169
-0.737444996833801,34.6683502197266,1170
-0.75326532125473,34.677059173584,1171
-0.747252225875854,34.6951484680176,1172
-0.744243443012238,34.7011489868164,1173
-0.744330048561096,34.7005081176758,1174
-0.737209856510162,34.6925926208496,1175
-0.744474470615387,34.7013854980469,1176
-0.765986621379852,34.7813873291016,1177
-0.765014052391052,34.7814064025879,1178
-0.750165402889252,34.7736930847168,1179
-0.748107194900513,34.7703514099121,1180
-0.749490857124329,34.7737731933594,1181
-0.7578204870224,34.7834053039551,1182
-0.760053873062134,34.8088989257812,1183
-0.754892945289612,34.8060035705566,1184
-0.768730640411377,34.7882270812988,1185
-0.830845654010773,34.6991806030273,1186
-0.727415084838867,34.6410179138184,1187
-0.722501277923584,34.6413917541504,1188
-0.726347863674164,34.6391830444336,1189
-0.728769779205322,34.6574363708496,1190
-0.730814099311829,34.7760925292969,1191
-0.74696010351181,34.7919769287109,1192
-0.731054842472076,34.7817268371582,1193
-0.743165850639343,34.7778968811035,1194
-0.730296075344086,34.7748413085938,1195
-0.74651837348938,34.7917137145996,1196
-0.731031060218811,34.7811584472656,1197
-0.730631709098816,34.7762641906738,1198
-0.73903101682663,34.7853698730469,1199
-0.743281245231628,34.7779502868652,1200
-0.745249509811401,34.7968673706055,1201
-0.737717807292938,34.7846336364746,1202
-0.744413912296295,34.7937889099121,1203
-0.738445103168488,34.7911071777344,1204
-0.746148288249969,34.6372756958008,1205
-0.747476100921631,34.6337928771973,1206
-0.723511755466461,34.765926361084,1207
-0.699508786201477,34.7795715332031,1208
-0.47060438990593,34.8985404968262,1209
-0.470985412597656,34.8981781005859,1210
-0.470606565475464,34.8991928100586,1211
-0.470938384532929,34.8986434936523,1212
-0.384271800518036,34.905948638916,1213
-0.384385198354721,34.905948638916,1214
-0.385184794664383,34.9086494445801,1215
-0.399623066186905,34.922966003418,1216
-0.398491680622101,34.9259223937988,1217
-0.390672296285629,34.9288635253906,1218
-0.40001517534256,34.9224128723145,1219
-0.402422875165939,34.9205665588379,1220
-0.389756321907044,34.9253044128418,1221
-0.40249639749527,34.9205932617188,1222
-0.382947742938995,34.9072456359863,1223
-0.397939622402191,34.9297904968262,1224
-0.390502005815506,34.9259033203125,1225
-0.392486393451691,34.8969421386719,1226
-0.390781462192535,34.9008026123047,1227
-0.399583756923675,34.9229278564453,1228
-0.390385001897812,34.9259071350098,1229
-0.392444312572479,34.8976135253906,1230
-0.39177542924881,34.948429107666,1231
-0.399486780166626,34.9464111328125,1232
-0.400018036365509,34.9463844299316,1233
-0.391439616680145,34.9474983215332,1234
-0.404165506362915,34.8301467895508,1235
-0.410633474588394,34.8172492980957,1236
-0.400277376174927,34.8144836425781,1237
-0.410551071166992,34.8171997070312,1238
-0.391195118427277,34.8123626708984,1239
-0.404237896203995,34.830150604248,1240
-0.406513750553131,34.8704147338867,1241
-0.422224372625351,34.8592262268066,1242
-0.408036321401596,34.8709945678711,1243
-0.40651661157608,34.8704223632812,1244
-0.420480400323868,34.8574028015137,1245
-0.422270268201828,34.8592071533203,1246
-0.500330567359924,34.8404083251953,1247
-0.50074303150177,34.841194152832,1248
-0.434383928775787,34.8701095581055,1249
-0.432247579097748,34.874828338623,1250
-0.433193802833557,34.8700866699219,1251
-0.438999533653259,34.8729476928711,1252
-0.433088034391403,34.8746566772461,1253
-0.428968459367752,34.8669013977051,1254
-0.438159644603729,34.8581581115723,1255
-0.440030604600906,34.8717002868652,1256
-0.429840058088303,34.8588790893555,1257
-0.428979635238648,34.8588180541992,1258
-0.430128008127213,34.8564109802246,1259
-0.454679816961289,34.9045829772949,1260
-0.455824434757233,34.9036979675293,1261
-0.457193225622177,34.9039115905762,1262
-0.455242931842804,34.90478515625,1263
-0.42243966460228,34.9878044128418,1264
-0.410913288593292,34.8585891723633,1265
-0.398138850927353,34.8691673278809,1266
-0.412139445543289,34.8577995300293,1267
-0.399561077356339,34.8523979187012,1268
-0.400119423866272,34.8559455871582,1269
-0.410865962505341,34.8585472106934,1270
-0.399690061807633,34.8523025512695,1271
-0.40061017870903,34.8681411743164,1272
-0.40024745464325,34.8685417175293,1273
-0.395809143781662,34.8564643859863,1274
-0.428787142038345,34.8586540222168,1275
-0.418284952640534,34.9434967041016,1276
-0.413678288459778,34.9367027282715,1277
-0.426384180784226,34.936393737793,1278
-0.411678403615951,34.9203491210938,1279
-0.423913419246674,34.9398574829102,1280
-0.423879653215408,34.9404411315918,1281
-0.416251957416534,34.9348258972168,1282
-0.413670569658279,34.9367332458496,1283
-0.418593555688858,34.9436569213867,1284
-0.413248866796493,34.918399810791,1285
-0.418888956308365,34.9441566467285,1286
-0.414148390293121,34.9194412231445,1287
-0.426786750555039,34.9370613098145,1288
-0.426187604665756,34.9368591308594,1289
-0.347875863313675,34.9922714233398,1290
-0.350923329591751,34.9999809265137,1291
-0.340402126312256,35.0011978149414,1292
-0.34049990773201,35.0012092590332,1293
-0.346893340349197,34.9921226501465,1294
-0.346437275409698,34.9946670532227,1295
-0.365167617797852,34.997932434082,1296
-0.346762925386429,34.9941787719727,1297
-0.345639824867248,35.0043601989746,1298
-0.454075366258621,34.945686340332,1299
-0.3882737159729,34.9780921936035,1300
-0.388252645730972,35.0069046020508,1301
-0.39671266078949,35.0037536621094,1302
-0.410465836524963,34.9469871520996,1303
-0.412839472293854,34.9448051452637,1304
-0.405962347984314,34.9553451538086,1305
-0.406117379665375,34.9554023742676,1306
-0.405161947011948,34.9541397094727,1307
-0.390637159347534,34.928840637207,1308
-0.39712393283844,34.9299659729004,1309
-0.403968960046768,34.9371452331543,1310
-0.400098592042923,35.0150947570801,1311
-0.427418649196625,34.9955177307129,1312
-0.400029987096786,35.0150604248047,1313
-0.417488425970078,35.0145797729492,1314
-0.414122968912125,34.9938468933105,1315
-0.425169050693512,34.8890953063965,1316
-0.44203794002533,34.9120178222656,1317
-0.442982971668243,34.9019393920898,1318
-0.424658507108688,34.8895263671875,1319
-0.44217112660408,34.9025344848633,1320
-0.44617423415184,34.9076499938965,1321
-0.433958798646927,34.895580291748,1322
-0.447342932224274,34.9000091552734,1323
-0.425756186246872,34.8900337219238,1324
-0.442389905452728,34.9025993347168,1325
-0.442672789096832,34.8564758300781,1326
-0.409514844417572,34.8558654785156,1327
-0.409252196550369,34.8629570007324,1328
-0.409262478351593,34.8629493713379,1329
-0.409450143575668,34.862174987793,1330
-0.404874116182327,34.8320693969727,1331
-0.39639201760292,34.8552017211914,1332
-0.39789217710495,34.8533020019531,1333
-0.409546822309494,34.8621215820312,1334
-0.407794922590256,34.864372253418,1335
-0.399849206209183,34.8494606018066,1336
-0.409575015306473,34.855785369873,1337
-0.39985266327858,34.8494148254395,1338
-0.415933698415756,34.9300117492676,1339
-0.434224218130112,34.9261283874512,1340
-0.433187991380691,34.923282623291,1341
-0.433198899030685,34.9231948852539,1342
-0.41305223107338,34.9448852539062,1343
0.387385100126266,34.9374351501465,1344
0.387649416923523,34.9366645812988,1345
0.373294413089752,34.9198417663574,1346
0.371946603059769,34.9217224121094,1347
0.380282759666443,34.9192657470703,1348
0.36216926574707,34.933536529541,1349
0.387845456600189,34.9366874694824,1350
0.379593700170517,34.9193153381348,1351
0.581928074359894,34.5583763122559,1352
0.581908226013184,34.5583915710449,1353
0.336363971233368,34.6876831054688,1354
0.319514960050583,34.6970252990723,1355
0.331141382455826,34.6884994506836,1356
0.324171543121338,34.7057189941406,1357
0.336956173181534,34.6870574951172,1358
0.331399351358414,34.6891975402832,1359
0.311660081148148,34.6609764099121,1360
0.317939400672913,34.6784400939941,1361
0.26342386007309,34.6946144104004,1362
0.312519401311874,34.6921005249023,1363
0.311008542776108,34.6870231628418,1364
0.311872094869614,34.6926002502441,1365
0.31820547580719,34.6772193908691,1366
0.311026871204376,34.6869812011719,1367
0.311586111783981,34.661319732666,1368
0.415778607130051,34.9478607177734,1369
0.415801912546158,34.9478721618652,1370
0.399820506572723,34.9211196899414,1371
0.411251217126846,34.9364395141602,1372
0.404052287340164,34.9234161376953,1373
0.40347558259964,34.920825958252,1374
0.403533518314362,34.9208297729492,1375
0.581808507442474,34.5584716796875,1376
0.581871211528778,34.5585594177246,1377
0.20152197778225,34.9259605407715,1378
0.201258420944214,34.9264907836914,1379
0.204247906804085,34.9218673706055,1380
0.202711716294289,34.9225158691406,1381
0.374925255775452,34.9037132263184,1382
0.370660871267319,34.8986778259277,1383
0.350346267223358,34.9343872070312,1384
0.372621297836304,34.9057083129883,1385
0.375015676021576,34.9034996032715,1386
0.370595425367355,34.8961334228516,1387
0.371464520692825,34.9054298400879,1388
0.350307524204254,34.9345092773438,1389
0.37559711933136,34.9033737182617,1390
0.370482593774795,34.8956871032715,1391
0.581932008266449,34.5583648681641,1392
0.581946492195129,34.558349609375,1393
0.328885287046432,34.9170150756836,1394
0.328928738832474,34.9169464111328,1395
0.351867526769638,34.9312934875488,1396
0.352928251028061,34.9309844970703,1397
0.3265021443367,34.9321670532227,1398
0.329232007265091,34.9218521118164,1399
0.315658837556839,34.9350776672363,1400
0.352780073881149,34.9309425354004,1401
0.329795658588409,34.9225006103516,1402
0.315621256828308,34.9377136230469,1403
0.315870702266693,34.937744140625,1404
0.330165326595306,34.9215202331543,1405
0.311177104711533,34.7795677185059,1406
0.268787324428558,34.8165702819824,1407
0.275543451309204,34.8258323669434,1408
0.268790632486343,34.8165626525879,1409
0.274998426437378,34.8230972290039,1410
0.275599479675293,34.8257751464844,1411
0.276697129011154,34.8313102722168,1412
0.269479781389237,34.8165321350098,1413
0.3101706802845,34.7217102050781,1414
0.309395790100098,34.7314872741699,1415
0.309417992830276,34.7314605712891,1416
0.399999111890793,34.7013359069824,1417
0.393830269575119,34.6988296508789,1418
0.582901775836945,34.5593032836914,1419
0.339979737997055,34.8218688964844,1420
0.361348927021027,34.8259315490723,1421
0.341013461351395,34.8123168945312,1422
0.340528398752213,34.811653137207,1423
0.361334979534149,34.8258399963379,1424
0.357741594314575,34.843132019043,1425
0.358155995607376,34.8261871337891,1426
0.339915752410889,34.82177734375,1427
0.339842200279236,34.821102142334,1428
0.358218431472778,34.8262519836426,1429
0.314173072576523,34.6400489807129,1430
0.314185291528702,34.6401214599609,1431
0.338710486888885,34.6608200073242,1432
0.339945882558823,34.6608238220215,1433
0.29875648021698,34.6608238220215,1434
0.33678212761879,34.664737701416,1435
0.372285723686218,34.7116432189941,1436
0.329497337341309,34.6680717468262,1437
0.329461604356766,34.6670074462891,1438
0.348941028118133,34.6946334838867,1439
0.33648419380188,34.6766128540039,1440
0.338286489248276,34.6948471069336,1441
0.348858594894409,34.6947784423828,1442
0.336447507143021,34.676685333252,1443
0.285399556159973,34.8271789550781,1444
0.289204210042953,34.8186264038086,1445
0.28535869717598,34.8271980285645,1446
0.293208241462708,34.8003768920898,1447
0.281259655952454,34.7962036132812,1448
0.285556942224503,34.8269462585449,1449
0.281290352344513,34.7962265014648,1450
0.293781131505966,34.7045478820801,1451
0.264124721288681,34.7143325805664,1452
0.290860503911972,34.7021179199219,1453
0.279955953359604,34.7097854614258,1454
0.263232916593552,34.7126274108887,1455
0.359429359436035,34.7282638549805,1456
0.360322505235672,34.7279319763184,1457
0.35919052362442,34.7285652160645,1458
0.36110258102417,34.724479675293,1459
0.360897779464722,34.7248573303223,1460
0.36046689748764,34.7277870178223,1461
0.357268214225769,34.7339401245117,1462
0.359757214784622,34.7204360961914,1463
0.357246845960617,34.7334365844727,1464
0.359012544155121,34.7287826538086,1465
0.387950301170349,34.850944519043,1466
0.388119488954544,34.8507652282715,1467
0.250636905431747,34.9517936706543,1468
0.259815216064453,34.9505081176758,1469
0.244383305311203,34.948299407959,1470
0.250718206167221,34.9519309997559,1471
0.244419515132904,34.9481925964355,1472
0.265091866254807,34.9221572875977,1473
0.25499501824379,34.923526763916,1474
0.255705595016479,34.9450073242188,1475
0.343634039163589,34.6971778869629,1476
0.35072386264801,34.7689476013184,1477
0.230623245239258,34.5235137939453,1478
0.318083167076111,34.5982704162598,1479
0.316764414310455,34.6124877929688,1480
0.387878566980362,34.8769454956055,1481
0.411971896886826,34.8581733703613,1482
0.377071350812912,34.8648147583008,1483
0.410553395748138,34.8575019836426,1484
0.387861341238022,34.8769264221191,1485
0.403155088424683,34.8661003112793,1486
0.403181195259094,34.8660545349121,1487
0.326231509447098,34.7959136962891,1488
0.318347632884979,34.7983055114746,1489
0.320442467927933,34.7961692810059,1490
0.408795386552811,34.9155769348145,1491
0.415134936571121,34.866340637207,1492
0.412193953990936,34.8573570251465,1493
0.40667137503624,34.8693733215332,1494
0.409526318311691,34.8705825805664,1495
0.415122836828232,34.8589897155762,1496
0.408797144889831,34.9155807495117,1497
0.411772131919861,34.8577079772949,1498
0.406747788190842,34.908878326416,1499
0.310184240341187,34.7756385803223,1500
0.310102999210358,34.7756156921387,1501
0.302266269922257,34.7764701843262,1502
0.272465288639069,34.8128890991211,1503
0.305649876594544,34.7778930664062,1504
0.310034662485123,34.5932655334473,1505
0.268622398376465,34.8189315795898,1506
0.277607411146164,34.8265991210938,1507
0.268632918596268,34.8189392089844,1508
0.270900726318359,34.8049926757812,1509
0.277577400207519,34.8266487121582,1510
0.216432332992554,34.6720542907715,1511
0.217669546604156,34.6616630554199,1512
0.221847385168076,34.6752586364746,1513
0.224668234586716,34.6737442016602,1514
0.221552342176437,34.6753883361816,1515
0.2229013890028,34.6722793579102,1516
0.215649783611298,34.6722183227539,1517
0.235713452100754,34.6433448791504,1518
0.396268367767334,34.6804008483887,1519
0.396985948085785,34.6794090270996,1520
0.394828945398331,34.6824417114258,1521
0.408982694149017,34.6804618835449,1522
0.360884726047516,34.8414001464844,1523
0.360918968915939,34.8442153930664,1524
0.361016035079956,34.8265151977539,1525
0.255153208971024,34.7014541625977,1526
0.253351956605911,34.7081336975098,1527
0.257460832595825,34.705509185791,1528
0.249000415205956,34.6891098022461,1529
0.257557809352875,34.7054557800293,1530
0.255162835121155,34.7015037536621,1531
0.253203451633453,34.7026405334473,1532
0.241380423307419,34.6894493103027,1533
0.243758097290993,34.6902770996094,1534
0.333540886640549,34.7314605712891,1535
0.336387544870377,34.7254028320312,1536
0.326175570487976,34.7367057800293,1537
0.318519115447998,34.7353019714355,1538
0.32305970788002,34.7488822937012,1539
0.337297588586807,34.7243766784668,1540
0.314249187707901,34.7493629455566,1541
0.246133714914322,34.7872009277344,1542
0.277660548686981,34.8256492614746,1543
0.282682836055756,34.8185119628906,1544
0.27806282043457,34.8108215332031,1545
0.282659888267517,34.8184661865234,1546
0.189586579799652,34.7111892700195,1547
0.367904275655747,34.6764793395996,1548
0.388395845890045,34.7191696166992,1549
0.367652326822281,34.6759262084961,1550
0.369758814573288,34.6996994018555,1551
0.370055705308914,34.690258026123,1552
0.373766779899597,34.6782188415527,1553
0.369772702455521,34.6996040344238,1554
0.367969959974289,34.6772422790527,1555
0.370066523551941,34.6942176818848,1556
0.370012015104294,34.6902503967285,1557
0.373390406370163,34.6965179443359,1558
0.184401616454125,35.0127830505371,1559
0.0827042609453201,34.7454833984375,1560
0.0865741819143295,34.7480850219727,1561
0.161847352981567,34.6613121032715,1562
0.156740307807922,34.6766548156738,1563
0.15789495408535,34.656795501709,1564
0.158812627196312,34.6592063903809,1565
0.161061808466911,34.6579475402832,1566
0.152168020606041,34.6665916442871,1567
0.160228386521339,34.658634185791,1568
0.161812424659729,34.6614723205566,1569
0.160897329449654,34.6589775085449,1570
0.158021688461304,34.6570243835449,1571
0.151837915182114,34.6370468139648,1572
0.157454237341881,34.6571426391602,1573
0.161856114864349,34.6594505310059,1574
0.157414242625237,34.6588516235352,1575
0.159702882170677,34.6582832336426,1576
0.170903548598289,34.8197250366211,1577
0.183331489562988,34.8266983032227,1578
0.183502778410912,34.8265724182129,1579
0.269063889980316,34.7529754638672,1580
0.231968015432358,34.8147087097168,1581
0.231853574514389,34.8143692016602,1582
0.195386588573456,34.8173828125,1583
0.195431277155876,34.8176727294922,1584
0.194784641265869,34.8150215148926,1585
0.184606939554215,34.8108520507812,1586
0.189534619450569,34.7004547119141,1587
0.25211039185524,34.8018379211426,1588
0.251332491636276,34.8020286560059,1589
0.275721669197083,34.7507629394531,1590
0.195290461182594,34.7241096496582,1591
0.135029479861259,34.6689643859863,1592
0.124267719686031,34.6681747436523,1593
0.130655497312546,34.6811676025391,1594
0.140158429741859,34.6760673522949,1595
0.133011236786842,34.6761856079102,1596
0.132533758878708,34.6732902526855,1597
0.144065067172051,34.6803359985352,1598
0.123525127768516,34.669261932373,1599
0.128738328814507,34.6800346374512,1600
0.12505878508091,34.6585388183594,1601
0.139384090900421,34.6713905334473,1602
0.132217407226562,34.6759185791016,1603
0.139571636915207,34.6713409423828,1604
0.124918788671494,34.6622581481934,1605
0.132073402404785,34.6758728027344,1606
0.136476457118988,34.9215774536133,1607
0.13413779437542,34.9217376708984,1608
0.135225385427475,34.9200325012207,1609
0.115385301411152,34.7283668518066,1610
0.129132151603699,34.9226837158203,1611
0.199009045958519,34.7440948486328,1612
0.283833831548691,34.7452812194824,1613
0.218307986855507,34.7471466064453,1614
0.199043333530426,34.7441825866699,1615
0.0886477380990982,34.7012710571289,1616
0.213566675782204,34.7502326965332,1617
0.200596034526825,34.6920051574707,1618
0.197261914610863,34.6704750061035,1619
0.204264521598816,34.6917686462402,1620
0.205852642655373,34.6926002502441,1621
0.195749074220657,34.6931381225586,1622
0.1632010191679,34.6721076965332,1623
0.165810436010361,34.6701164245605,1624
0.194948300719261,34.6704597473145,1625
0.205088406801224,34.6937484741211,1626
0.200613141059875,34.6919975280762,1627
0.16326792538166,34.6721572875977,1628
0.18407815694809,34.6889877319336,1629
0.184658885002136,34.6911125183105,1630
0.1703180372715,34.668083190918,1631
0.152693882584572,34.7472839355469,1632
0.0841456204652786,34.728946685791,1633
0.150521799921989,34.7731704711914,1634
0.0831339135766029,34.7056007385254,1635
0.0780269578099251,34.6872978210449,1636
0.0779168680310249,34.6868324279785,1637
0.151711285114288,34.7731132507324,1638
0.173429980874062,34.7749366760254,1639
0.184065461158752,34.663387298584,1640
0.200275853276253,34.658447265625,1641
0.203207582235336,34.6610298156738,1642
0.200440645217896,34.6538352966309,1643
0.180446714162827,34.6380462646484,1644
0.180345326662064,34.6378631591797,1645
0.176995724439621,34.6279220581055,1646
0.191469445824623,34.6341514587402,1647
0.161089465022087,34.7200202941895,1648
0.161064550280571,34.7200355529785,1649
0.267026752233505,34.7489356994629,1650
0.161832809448242,34.6960563659668,1651
0.155885055661202,34.6855392456055,1652
0.143428146839142,34.7020530700684,1653
0.153255134820938,34.6843223571777,1654
0.202098533511162,34.691291809082,1655
0.156337633728981,34.686279296875,1656
0.16156667470932,34.7155303955078,1657
0.134266212582588,34.7258796691895,1658
0.133662596344948,34.7248573303223,1659
0.185341775417328,34.8082122802734,1660
0.157446891069412,34.7287292480469,1661
0.157980427145958,34.7341537475586,1662
0.129184886813164,34.7319488525391,1663
0.133840814232826,34.7242851257324,1664
0.134257972240448,34.7259063720703,1665
0.136909827589989,34.7236862182617,1666
0.128466814756393,34.7175445556641,1667
0.157983675599098,34.7341156005859,1668
0.225489392876625,34.8080787658691,1669
0.225287452340126,34.8085403442383,1670
0.224259674549103,34.8176498413086,1671
0.231656342744827,34.780876159668,1672
0.240008592605591,34.789722442627,1673
0.224195793271065,34.8176231384277,1674
0.23409016430378,34.7977256774902,1675
0.23402726650238,34.7968139648438,1676
0.234360113739967,34.7976036071777,1677
0.235357716679573,34.8521728515625,1678
0.128989353775978,34.7000465393066,1679
0.130599692463875,34.7045440673828,1680
0.132192403078079,34.6985130310059,1681
0.134524524211883,34.696834564209,1682
0.131306141614914,34.6976585388184,1683
0.13379180431366,34.722526550293,1684
0.128817826509476,34.7003479003906,1685
0.222071647644043,34.7023582458496,1686
0.221577197313309,34.7017250061035,1687
0.221493676304817,34.7020721435547,1688
0.195998013019562,34.730712890625,1689
0.195957958698273,34.7307052612305,1690
0.14678418636322,34.7802505493164,1691
0.135092079639435,34.7410278320312,1692
0.24896502494812,34.8381080627441,1693
0.247054800391197,34.8369979858398,1694
0.248904719948769,34.8383941650391,1695
0.233698576688767,34.8530883789062,1696
0.257054358720779,34.8282775878906,1697
0.227381095290184,34.8249664306641,1698
0.233657345175743,34.8530006408691,1699
0.23469777405262,34.8476181030273,1700
0.234303787350655,34.8538970947266,1701
0.235742837190628,34.8519821166992,1702
0.220376953482628,34.782600402832,1703
0.22218568623066,34.7845153808594,1704
0.222157686948776,34.7798347473145,1705
0.145450055599213,34.789608001709,1706
0.139487206935883,34.7875213623047,1707
0.139284208416939,34.7872924804688,1708
0.891615808010101,34.9330062866211,1709
0.654808402061462,34.6402549743652,1710
0.672691285610199,34.6360244750977,1711
0.856964647769928,34.7900009155273,1712
0.818547010421753,34.6963386535645,1713
0.889622151851654,34.9260330200195,1714
0.776512444019318,34.599365234375,1715
0.767685174942017,34.5994033813477,1716
0.748907446861267,34.6083145141602,1717
0.766967535018921,34.6003875732422,1718
0.776362299919128,34.5983581542969,1719
0.766476690769196,34.5951042175293,1720
0.76590758562088,34.5966110229492,1721
0.776494085788727,34.5993194580078,1722
0.758098244667053,34.5901947021484,1723
0.764374613761902,34.5967788696289,1724
0.768273651599884,34.6025695800781,1725
0.767677068710327,34.5994071960449,1726
0.624640583992004,34.6606788635254,1727
0.642041504383087,34.6390571594238,1728
0.620888352394104,34.6593322753906,1729
0.659409046173096,34.6459884643555,1730
0.617814183235168,34.6578598022461,1731
0.608010411262512,34.6345176696777,1732
0.623773336410522,34.6415939331055,1733
0.615381956100464,34.6164894104004,1734
0.620963990688324,34.6596450805664,1735
0.795685827732086,34.6392097473145,1736
0.789759993553162,34.6351051330566,1737
0.781521558761597,34.6463928222656,1738
0.781964898109436,34.6470642089844,1739
0.796164333820343,34.6406021118164,1740
0.788031101226807,34.6351318359375,1741
0.665635108947754,34.6357727050781,1742
0.633490383625031,34.6340217590332,1743
0.652572631835938,34.6423454284668,1744
0.642614901065826,34.6337242126465,1745
0.650340676307678,34.6394348144531,1746
0.642369627952576,34.6319541931152,1747
0.643225312232971,34.6321754455566,1748
0.637772917747498,34.6385116577148,1749
0.665648281574249,34.6357917785645,1750
0.642632186412811,34.6337547302246,1751
0.641999900341034,34.6335716247559,1752
0.677125632762909,34.6374664306641,1753
0.834390699863434,34.7851333618164,1754
1.03437924385071,34.9886894226074,1755
0.581940293312073,34.5584335327148,1756
0.826408386230469,34.8028106689453,1757
0.838061094284058,34.7637672424316,1758
0.581857621669769,34.5584182739258,1759
0.815744280815125,34.7918167114258,1760
0.812974870204926,34.7887420654297,1761
0.801864087581635,34.8063926696777,1762
0.578823149204254,34.5549774169922,1763
0.804367661476135,34.8080673217773,1764
0.813871324062347,34.7895431518555,1765
0.804172039031982,34.8057289123535,1766
0.641016602516174,34.6151313781738,1767
0.643002033233643,34.6121940612793,1768
0.581922709941864,34.5584259033203,1769
0.691885054111481,34.5888824462891,1770
0.691878616809845,34.5897178649902,1771
0.679185748100281,34.5806198120117,1772
0.836815237998962,34.7642936706543,1773
0.791866540908813,34.6505241394043,1774
0.796129822731018,34.6659202575684,1775
0.795950531959534,34.6468086242676,1776
0.615541338920593,34.6153144836426,1777
0.625928521156311,34.6180572509766,1778
0.609919428825378,34.6176300048828,1779
0.615541338920593,34.6151275634766,1780
0.609842121601105,34.6176681518555,1781
0.610304474830627,34.6170806884766,1782
0.631135761737823,34.6280288696289,1783
0.591804027557373,34.6224822998047,1784
0.627413749694824,34.6258163452148,1785
0.606181859970093,34.6242218017578,1786
0.631320655345917,34.6283149719238,1787
0.719076216220856,34.6283988952637,1788
0.804432511329651,34.6941833496094,1789
0.797919929027557,34.6942138671875,1790
0.804646074771881,34.6907043457031,1791
0.803516149520874,34.6811065673828,1792
0.802263021469116,34.652645111084,1793
0.802287697792053,34.6526832580566,1794
0.802717566490173,34.6536064147949,1795
0.886472105979919,34.9439964294434,1796
0.805753767490387,34.6641235351562,1797
0.800662577152252,34.6466064453125,1798
0.807123243808746,34.6656188964844,1799
0.799698293209076,34.6472473144531,1800
0.864597916603088,34.7141914367676,1801
0.86272919178009,34.7050743103027,1802
0.868981778621674,34.7322387695312,1803
0.86871612071991,34.7321395874023,1804
0.868965268135071,34.7322540283203,1805
0.891010880470276,34.9310760498047,1806
0.803168594837189,34.7332305908203,1807
0.581891417503357,34.5584106445312,1808
0.581911444664001,34.5584144592285,1809
0.7762051820755,34.6026954650879,1810
0.841932773590088,34.8671989440918,1811
0.842051386833191,34.8674736022949,1812
0.776176571846008,34.6027030944824,1813
0.778838813304901,34.6046676635742,1814
0.778759300708771,34.5954170227051,1815
0.581984102725983,34.5585594177246,1816
0.635043263435364,34.6316375732422,1817
0.627104341983795,34.641674041748,1818
0.635296702384949,34.6331901550293,1819
0.633191764354706,34.634147644043,1820
0.634753525257111,34.6317520141602,1821
0.656417489051819,34.6371421813965,1822
0.627182483673096,34.641674041748,1823
0.656508147716522,34.6371078491211,1824
0.813385725021362,34.7892723083496,1825
0.790548324584961,34.783634185791,1826
0.81874817609787,34.7584075927734,1827
0.810330152511597,34.7906951904297,1828
0.584998369216919,34.5561714172363,1829
0.58191967010498,34.558406829834,1830
0.634745538234711,34.6152000427246,1831
0.637746155261993,34.6163482666016,1832
0.628930568695068,34.6159324645996,1833
0.638638973236084,34.622241973877,1834
0.638457179069519,34.6234397888184,1835
0.640604197978973,34.6178131103516,1836
0.634772717952728,34.6153564453125,1837
0.641036987304688,34.6180839538574,1838
0.643929600715637,34.6248817443848,1839
0.637812495231628,34.6227073669434,1840
0.643744468688965,34.623607635498,1841
0.637751638889313,34.6226997375488,1842
0.773961305618286,34.6861915588379,1843
0.777618825435638,34.6799468994141,1844
0.778948068618774,34.6592025756836,1845
0.915546417236328,34.7975692749023,1846
0.582034707069397,34.5584869384766,1847
0.582099139690399,34.5584716796875,1848
0.581893265247345,34.5583953857422,1849
0.850063979625702,34.7836418151855,1850
0.831132531166077,34.765567779541,1851
0.849779963493347,34.7852897644043,1852
0.851780831813812,34.7759666442871,1853
0.824657022953033,34.7933959960938,1854
0.581896841526031,34.5583763122559,1855
0.734321594238281,34.6291885375977,1856
0.733951508998871,34.6125679016113,1857
0.706818878650665,34.6326942443848,1858
0.723138511180878,34.6193466186523,1859
0.725496351718903,34.6190605163574,1860
0.709634602069855,34.6339378356934,1861
0.744527339935303,34.6026344299316,1862
0.723194420337677,34.6192474365234,1863
0.740467548370361,34.6141586303711,1864
0.739032924175262,34.608959197998,1865
0.744551301002502,34.6024894714355,1866
0.734337389469147,34.6116676330566,1867
0.809938490390778,34.6118659973145,1868
0.89106148481369,34.9314155578613,1869
0.828467726707458,34.5979499816895,1870
0.809943377971649,34.611888885498,1871
-0.61860603094101,34.6623611450195,1872
-0.619334280490875,34.6629028320312,1873
-0.653014779090881,34.662540435791,1874
-0.514128506183624,34.8876304626465,1875
-0.50900810956955,34.8882446289062,1876
-0.529237985610962,34.8883171081543,1877
-0.543775916099548,34.8772315979004,1878
-0.528958439826965,34.8877105712891,1879
-0.543526351451874,34.878059387207,1880
-0.535306632518768,34.8852577209473,1881
-0.529870808124542,34.8842735290527,1882
-0.529245376586914,34.8876647949219,1883
-0.543737947940826,34.8771362304688,1884
-0.535285353660583,34.885326385498,1885
-0.53295511007309,34.8852882385254,1886
-0.529499709606171,34.8835411071777,1887
-0.602346897125244,34.7572174072266,1888
-0.596298158168793,34.8106880187988,1889
-0.54265433549881,34.7804565429688,1890
-0.538422226905823,34.8340721130371,1891
-0.552544951438904,34.8454666137695,1892
-0.614229083061218,34.8301315307617,1893
0.126865193247795,34.6683921813965,1894
0.124343976378441,34.6665840148926,1895
-0.568118095397949,34.8702163696289,1896
-0.681742608547211,34.7962074279785,1897
-0.627726495265961,34.8037986755371,1898
-0.62829852104187,34.7961349487305,1899
-0.566660284996033,34.8059921264648,1900
-0.549183011054993,34.8149490356445,1901
-0.567124247550964,34.805736541748,1902
-0.543004333972931,34.8174819946289,1903
-0.543546736240387,34.8780517578125,1904
-0.599105715751648,34.8481674194336,1905
-0.582648515701294,34.8624382019043,1906
-0.60682600736618,34.7847061157227,1907
-0.617800831794739,34.7696113586426,1908
-0.618856072425842,34.758171081543,1909
-0.602130472660065,34.7522277832031,1910
-0.609035134315491,34.7515907287598,1911
-0.586012005805969,34.7800788879395,1912
-0.700225412845612,34.7624588012695,1913
-0.540737986564636,34.7961730957031,1914
-0.530024468898773,34.816593170166,1915
-0.540795505046844,34.7962074279785,1916
-0.540708780288696,34.7962226867676,1917
-0.529300034046173,34.8166465759277,1918
-0.569692492485046,34.8390350341797,1919
-0.569678843021393,34.8391227722168,1920
-0.606810450553894,34.8156547546387,1921
-0.690567374229431,34.7877502441406,1922
-0.563760995864868,34.7401733398438,1923
-0.563761651515961,34.7347373962402,1924
-0.568382024765015,34.7354698181152,1925
-0.597602546215057,34.8038291931152,1926
-0.593403279781342,34.8237419128418,1927
-0.593836724758148,34.7358055114746,1928
-0.594718396663666,34.7506217956543,1929
-0.58747786283493,34.7611885070801,1930
-0.596824944019318,34.7266159057617,1931
-0.593069791793823,34.759937286377,1932
-0.597237408161163,34.7220153808594,1933
-0.597338557243347,34.7478332519531,1934
-0.5897057056427,34.728141784668,1935
-0.594342529773712,34.7197074890137,1936
-0.594663619995117,34.7503395080566,1937
-0.508553087711334,34.8894004821777,1938
-0.507040679454803,34.8895416259766,1939
-0.524299681186676,34.9028587341309,1940
-0.508342504501343,34.8885841369629,1941
-0.522090911865234,34.9043960571289,1942
-0.669966399669647,34.7693901062012,1943
-0.547651946544647,34.7828559875488,1944
-0.627178847789764,34.8281326293945,1945
-0.645715177059174,34.8038673400879,1946
-0.651739835739136,34.8024482727051,1947
-0.660126924514771,34.8032913208008,1948
-0.660900294780731,34.8025131225586,1949
-0.650900781154633,34.8033103942871,1950
-0.645976185798645,34.8017654418945,1951
-0.535167276859283,34.8358612060547,1952
-0.579965889453888,34.7708511352539,1953
-0.564730286598206,34.754825592041,1954
-0.584527194499969,34.7824401855469,1955
-0.585907995700836,34.7799835205078,1956
-0.540829300880432,34.795482635498,1957
-0.540308952331543,34.7964744567871,1958
-0.531492412090302,34.817310333252,1959
-0.535879909992218,34.8139724731445,1960
-0.542526185512543,34.7995796203613,1961
-0.529750108718872,34.8147430419922,1962
-0.669836640357971,34.769229888916,1963
-0.583238780498505,34.7442970275879,1964
-0.575126647949219,34.7347373962402,1965
-0.669836103916168,34.7693405151367,1966
-0.600984394550323,34.8247604370117,1967
-0.601537644863129,34.822437286377,1968
-0.669735074043274,34.7694473266602,1969
-0.669877052307129,34.7690696716309,1970
0.77870762348175,34.986946105957,1971
0.786909103393555,34.9914207458496,1972
0.818406522274017,34.9825744628906,1973
0.800829350948334,34.9737281799316,1974
0.785051107406616,34.9770202636719,1975
0.790493965148926,34.9899139404297,1976
0.786916971206665,34.9912643432617,1977
0.818819582462311,34.9812774658203,1978
0.778689861297607,34.9869270324707,1979
0.913984060287476,35.0937614440918,1980
0.738757431507111,34.8974075317383,1981
0.701609373092651,34.8456268310547,1982
0.704122722148895,34.8784141540527,1983
0.710575520992279,34.8526763916016,1984
0.731467843055725,34.9070205688477,1985
0.773860096931458,35.1082153320312,1986
0.769793152809143,35.0825042724609,1987
0.769476354122162,35.0825080871582,1988
0.788568437099457,35.0899124145508,1989
0.849737882614136,35.134838104248,1990
1.0133603811264,35.0063171386719,1991
0.865048110485077,35.1599884033203,1992
1.03052139282227,35.0190277099609,1993
0.848205924034119,35.1367568969727,1994
0.84986811876297,35.1352691650391,1995
0.866605579853058,35.1600494384766,1996
0.717450141906738,34.9302597045898,1997
0.714565455913544,34.9399566650391,1998
0.718019545078278,34.9284019470215,1999
0.718199789524078,34.9274635314941,2000
0.717417538166046,34.9302864074707,2001
0.717376351356506,34.930347442627,2002
0.711167275905609,34.9508285522461,2003
0.693175435066223,34.9779396057129,2004
0.69392991065979,34.9778671264648,2005
0.693731486797333,34.9778747558594,2006
0.684656023979187,34.9907379150391,2007
0.682965517044067,34.9934234619141,2008
0.689668238162994,34.9783973693848,2009
1.03036904335022,35.0188789367676,2010
0.82987380027771,35.1022796630859,2011
0.809884428977966,35.104133605957,2012
0.807828605175018,35.1071853637695,2013
1.03062033653259,35.0188941955566,2014
1.03059780597687,35.0188980102539,2015
1.03043735027313,35.0188522338867,2016
0.904743671417236,35.0943756103516,2017
0.8121058344841,35.0028495788574,2018
0.61650288105011,34.9880599975586,2019
0.887323141098022,35.0565567016602,2020
0.88012307882309,35.0584983825684,2021
0.872956514358521,35.0431327819824,2022
0.887409269809723,35.0564994812012,2023
0.874335587024689,35.0424919128418,2024
0.830036342144012,35.0899963378906,2025
0.883379817008972,35.041187286377,2026
0.742902338504791,35.1206016540527,2027
0.812074303627014,35.0030860900879,2028
0.581861734390259,34.5585136413574,2029
0.775123536586761,35.1228446960449,2030
0.742264688014984,35.125358581543,2031
0.739637494087219,35.1416053771973,2032
0.766813397407532,35.1197662353516,2033
0.766963958740234,35.1206550598145,2034
0.743306517601013,35.1230010986328,2035
0.563327789306641,34.5552024841309,2036
0.733600676059723,34.9080543518066,2037
0.732869684696198,34.9077301025391,2038
0.732774674892426,34.9079132080078,2039
0.732609212398529,34.9078521728516,2040
0.733608186244965,34.9080619812012,2041
0.733058452606201,34.9080963134766,2042
0.732601821422577,34.9078483581543,2043
0.73353910446167,34.9081916809082,2044
0.770388782024384,35.0178108215332,2045
0.827894508838654,35.0703506469727,2046
0.803286731243134,35.0549850463867,2047
0.819979548454285,35.0767593383789,2048
1.03051817417145,35.0189743041992,2049
0.823890864849091,35.0730819702148,2050
0.904437899589539,35.0945892333984,2051
0.828568994998932,35.0940818786621,2052
0.731593787670135,34.9071044921875,2053
0.731574356555939,34.9070205688477,2054
0.731547296047211,34.9071044921875,2055
0.736273169517517,34.9822387695312,2056
0.736026644706726,34.9828643798828,2057
0.731600403785706,34.9070739746094,2058
0.812107563018799,35.0030975341797,2059
0.778249621391296,34.9744873046875,2060
0.795087695121765,34.9769287109375,2061
0.778248608112335,34.9745025634766,2062
0.795054256916046,34.9770011901855,2063
1.03050804138184,35.0190162658691,2064
1.03043818473816,35.0190162658691,2065
0.904589712619781,35.0928268432617,2066
0.702611684799194,34.8769493103027,2067
0.73188441991806,34.907413482666,2068
0.717783331871033,34.8798789978027,2069
0.727168142795563,34.8762321472168,2070
0.703530311584473,34.8756904602051,2071
0.733245074748993,34.9030342102051,2072
0.7122722864151,34.9324569702148,2073
0.735081553459167,34.8997421264648,2074
0.819528937339783,35.1304473876953,2075
0.581957936286926,34.5583457946777,2076
0.794002771377563,35.1301574707031,2077
0.731551706790924,34.907096862793,2078
0.750020742416382,34.8959655761719,2079
0.716730892658234,34.8508834838867,2080
0.71655398607254,34.8508338928223,2081
0.851503908634186,35.0826530456543,2082
0.854085624217987,35.0947799682617,2083
0.844132602214813,35.0961875915527,2084
1.02839708328247,35.0160751342773,2085
0.824142634868622,35.0997276306152,2086
0.847332179546356,35.0840072631836,2087
0.849478423595428,35.08154296875,2088
0.89651882648468,34.896110534668,2089
0.794169485569,35.0110359191895,2090
0.765152394771576,34.9969100952148,2091
0.749644219875336,35.0010185241699,2092
0.74980103969574,35.0010986328125,2093
0.904438197612762,35.0945892333984,2094
0.822486340999603,35.0541648864746,2095
-0.692027032375336,34.8849906921387,2096
-0.826111793518066,34.9583435058594,2097
-0.826517462730408,34.9581909179688,2098
-0.831819951534271,34.8851470947266,2099
-0.854489803314209,34.9621276855469,2100
-0.840947151184082,34.9579277038574,2101
-0.84363842010498,34.9671440124512,2102
-0.896647930145264,34.9135131835938,2103
-0.891494572162628,34.8957633972168,2104
-0.844598889350891,34.8801574707031,2105
-0.874733924865723,34.909294128418,2106
-0.875069320201874,34.9107666015625,2107
-0.841873466968536,34.8776512145996,2108
-0.795115411281586,34.9169921875,2109
-0.817353367805481,34.8757629394531,2110
-0.826521277427673,34.8736686706543,2111
-0.831315279006958,34.8786010742188,2112
-0.901970624923706,34.920597076416,2113
-0.85496723651886,34.9282608032227,2114
-0.847339570522308,34.9146385192871,2115
-0.799436926841736,34.8768424987793,2116
-0.801091730594635,34.8724746704102,2117
-0.884084165096283,34.9627456665039,2118
-0.885354399681091,34.9439659118652,2119
-0.88782000541687,34.9647102355957,2120
-0.886527955532074,34.943473815918,2121
-0.790156543254852,35.0830383300781,2122
-0.789710521697998,35.083610534668,2123
-0.808544278144836,34.8697357177734,2124
-0.821354925632477,34.881103515625,2125
-0.803629636764526,34.8928375244141,2126
-0.795703411102295,34.8775749206543,2127
-0.821177423000336,34.8805732727051,2128
-0.803672790527344,34.8929176330566,2129
-0.857228815555573,34.8768615722656,2130
-0.826848387718201,34.8842506408691,2131
-0.857426881790161,34.9424591064453,2132
-0.857308149337769,34.9420280456543,2133
-0.857423484325409,34.9417991638184,2134
-0.841069340705872,34.9094772338867,2135
-0.793718576431274,34.8862953186035,2136
-0.800426244735718,34.8705406188965,2137
-0.747081935405731,34.8638305664062,2138
-0.748155355453491,34.8630180358887,2139
-0.74692291021347,34.8635635375977,2140
-0.749471604824066,34.8486404418945,2141
-0.748409509658813,34.8668022155762,2142
-0.749667108058929,34.8323554992676,2143
-0.74230831861496,34.848560333252,2144
-0.750001072883606,34.8329963684082,2145
-0.746146559715271,34.8626403808594,2146
-0.745225667953491,34.8638572692871,2147
-0.824582278728485,34.7202682495117,2148
-0.898905873298645,34.8965225219727,2149
-0.760902464389801,35.0316848754883,2150
-0.884688436985016,35.0071029663086,2151
-0.884490668773651,35.0068321228027,2152
-0.756396353244781,34.8879432678223,2153
-0.778762936592102,34.9180488586426,2154
-0.738358795642853,34.8891525268555,2155
-0.872807621955872,34.9797058105469,2156
-0.8866086602211,34.9971351623535,2157
-0.870201885700226,34.9125099182129,2158
-0.869134545326233,34.9134063720703,2159
-0.868674755096436,34.9107475280762,2160
-0.861586391925812,34.8834495544434,2161
-0.836162567138672,34.7907485961914,2162
-0.835621058940887,34.7914657592773,2163
-0.80558580160141,34.7896347045898,2164
-0.829741597175598,34.7820358276367,2165
-0.886658906936646,34.9281005859375,2166
-0.803660988807678,34.8592872619629,2167
-0.854069113731384,34.9319915771484,2168
-0.891633570194244,34.9525146484375,2169
-0.881465435028076,34.9603080749512,2170
-0.881051421165466,34.956859588623,2171
-0.862336933612823,34.8793449401855,2172
-0.838631689548492,34.8877944946289,2173
-0.83209764957428,34.8933448791504,2174
-0.843819797039032,34.9344291687012,2175
-0.782706916332245,34.8924255371094,2176
-0.745588004589081,34.8673667907715,2177
-0.734592914581299,34.8547210693359,2178
-0.75121009349823,34.8670082092285,2179
-0.746075749397278,34.8685989379883,2180
-0.750365018844604,34.866886138916,2181
-0.748982548713684,34.8495407104492,2182
-0.744527876377106,34.8707542419434,2183
-0.694727957248688,34.7868576049805,2184
-0.734777987003326,34.8105087280273,2185
-0.868813633918762,34.9424591064453,2186
-0.871202349662781,34.964786529541,2187
-0.871139645576477,34.964958190918,2188
-0.740023493766785,34.8100738525391,2189
-0.739938139915466,34.810001373291,2190
-0.869629442691803,34.9858283996582,2191
-0.761472046375275,34.8761749267578,2192
-0.761522829532623,34.8762130737305,2193
0.493935406208038,34.7690010070801,2194
0.500162661075592,34.7661285400391,2195
0.493943989276886,34.7693557739258,2196
0.500190019607544,34.7676582336426,2197
0.500303387641907,34.7665824890137,2198
0.493932396173477,34.7724533081055,2199
0.543632566928864,34.8664588928223,2200
0.548395335674286,34.8669586181641,2201
0.489400684833527,34.9045562744141,2202
0.494581818580627,34.8928451538086,2203
0.494673520326614,34.8931922912598,2204
0.487040251493454,34.8881645202637,2205
0.494716018438339,34.893123626709,2206
0.486844062805176,34.8883018493652,2207
0.494485944509506,34.8715667724609,2208
0.484298527240753,34.8878784179688,2209
0.487125873565674,34.8729476928711,2210
0.483176022768021,34.8877334594727,2211
0.490003138780594,34.8680191040039,2212
0.494153141975403,34.8731155395508,2213
0.489652544260025,34.9020195007324,2214
0.487473458051682,34.8717193603516,2215
0.490898191928864,34.9027824401855,2216
0.474099636077881,34.4724044799805,2217
0.60583770275116,34.8940811157227,2218
0.604454457759857,34.8940238952637,2219
0.640163779258728,34.8924102783203,2220
0.64405369758606,34.8911094665527,2221
0.64333301782608,34.8902740478516,2222
0.605808258056641,34.8940811157227,2223
0.482807844877243,34.7475891113281,2224
0.49329400062561,34.7334594726562,2225
0.491858780384064,34.7322654724121,2226
0.494163364171982,34.725959777832,2227
0.506052434444427,34.7390518188477,2228
0.442570298910141,34.9325485229492,2229
0.624326288700104,34.9727783203125,2230
0.640584051609039,34.9574317932129,2231
0.640433132648468,34.9575347900391,2232
0.597831726074219,34.9816093444824,2233
0.62402206659317,34.9417343139648,2234
0.595427215099335,34.9779052734375,2235
0.640587687492371,34.957389831543,2236
0.629502952098846,34.9562606811523,2237
0.624323666095734,34.9727783203125,2238
0.63030606508255,34.956111907959,2239
0.632271409034729,34.9574279785156,2240
0.621706545352936,34.833381652832,2241
0.624983608722687,34.8335266113281,2242
0.61397522687912,34.8332633972168,2243
0.612882196903229,34.8466110229492,2244
0.613657593727112,34.8326568603516,2245
0.624943614006042,34.8361206054688,2246
0.621296942234039,34.8358764648438,2247
0.621628522872925,34.833438873291,2248
0.597652733325958,34.8026504516602,2249
0.566983699798584,34.839656829834,2250
0.597684383392334,34.8221549987793,2251
0.605424761772156,34.8257179260254,2252
0.603712141513824,34.8340606689453,2253
0.596732914447784,34.8212623596191,2254
0.596697628498077,34.8212432861328,2255
0.604923486709595,34.8255844116211,2256
0.604466259479523,34.8359794616699,2257
0.601060211658478,34.8213500976562,2258
0.597743391990662,34.8197555541992,2259
0.590357661247253,34.8347396850586,2260
0.566976249217987,34.8396873474121,2261
0.577493011951447,34.8450889587402,2262
0.586407363414764,34.8180961608887,2263
0.597937703132629,34.8193359375,2264
0.592046737670898,34.8642692565918,2265
0.57469916343689,34.8565483093262,2266
0.596100687980652,34.8525581359863,2267
0.591909646987915,34.8643836975098,2268
0.56814056634903,34.8665084838867,2269
0.55867874622345,34.8720016479492,2270
0.567297041416168,34.867431640625,2271
0.590080261230469,34.8290328979492,2272
0.442230135202408,34.8680725097656,2273
0.443030089139938,34.8666839599609,2274
0.468276053667068,34.9037551879883,2275
0.468150675296784,34.9030532836914,2276
0.426417827606201,34.6493835449219,2277
0.426541358232498,34.6507263183594,2278
0.447544157505035,34.8362998962402,2279
0.433643192052841,34.8323936462402,2280
0.43333375453949,34.8307456970215,2281
0.380547702312469,34.7982902526855,2282
0.417772799730301,34.7188453674316,2283
0.453897804021835,34.6664276123047,2284
0.447317242622375,34.7415046691895,2285
0.406694173812866,34.7519073486328,2286
0.419821530580521,34.7344245910645,2287
0.42207083106041,34.7355613708496,2288
0.505760669708252,34.7677154541016,2289
0.505609631538391,34.767894744873,2290
0.500729322433472,34.7588310241699,2291
0.501085519790649,34.759838104248,2292
0.500532329082489,34.7587356567383,2293
0.505042672157288,34.7679824829102,2294
0.596644937992096,34.888801574707,2295
0.596073925495148,34.8786468505859,2296
0.595069050788879,34.8897705078125,2297
0.587025880813599,34.8802337646484,2298
0.596042931079865,34.8893699645996,2299
0.440679401159286,34.7231864929199,2300
0.444819182157516,34.72802734375,2301
0.454483568668365,34.7328262329102,2302
0.444070279598236,34.7281532287598,2303
0.454474449157715,34.7328147888184,2304
0.464337021112442,34.7382545471191,2305
0.460616886615753,34.7098999023438,2306
0.429328322410583,34.8639526367188,2307
0.420257896184921,34.8887672424316,2308
0.436079204082489,34.8545989990234,2309
0.436195492744446,34.8548393249512,2310
0.425061225891113,34.8739433288574,2311
0.428696513175964,34.8641128540039,2312
0.435770332813263,34.8549919128418,2313
0.42912283539772,34.8636169433594,2314
0.582758009433746,34.9089660644531,2315
0.588061273097992,34.5556411743164,2316
0.567595422267914,34.9159736633301,2317
0.569949924945831,34.9161109924316,2318
0.537191867828369,34.9184036254883,2319
0.567531287670135,34.9174194335938,2320
0.539657652378082,34.9214477539062,2321
0.553830504417419,34.8511047363281,2322
0.584271490573883,34.8224792480469,2323
0.553873002529144,34.8510780334473,2324
0.55389940738678,34.8493194580078,2325
0.583402514457703,34.5588417053223,2326
0.58006364107132,34.5601959228516,2327
0.581808507442474,34.5592269897461,2328
0.509829878807068,34.946964263916,2329
0.583146214485168,34.559814453125,2330
0.584288895130157,34.5580596923828,2331
0.550335109233856,34.880256652832,2332
0.550141990184784,34.879711151123,2333
0.577895760536194,34.806697845459,2334
0.579078316688538,34.8057327270508,2335
0.49096006155014,34.7349891662598,2336
0.500065505504608,34.7412948608398,2337
0.496029287576675,34.7327194213867,2338
0.627398729324341,34.9703559875488,2339
0.634738266468048,34.9467887878418,2340
0.633895874023438,34.942066192627,2341
0.624441742897034,34.9415664672852,2342
0.634591996669769,34.9409484863281,2343
0.623218595981598,34.9430313110352,2344
0.634483993053436,34.946475982666,2345
0.62935072183609,34.970775604248,2346
0.633873462677002,34.9415435791016,2347
0.577607929706573,34.8446426391602,2348
0.473627269268036,34.7316665649414,2349
0.473620533943176,34.7316818237305,2350
0.474758327007294,34.7080955505371,2351
0.50947093963623,34.8280830383301,2352
0.515005826950073,34.8274917602539,2353
0.614528715610504,34.851734161377,2354
0.615110278129578,34.8512191772461,2355
0.676488876342773,34.8834800720215,2356
0.672825336456299,34.8669242858887,2357
0.672783195972443,34.8669013977051,2358
0.441313862800598,34.8675117492676,2359
0.449264526367188,34.9114456176758,2360
0.449087798595429,34.8836364746094,2361
0.441492557525635,34.867073059082,2362
0.449325114488602,34.9116058349609,2363
0.460877120494842,34.6769065856934,2364
0.460909932851791,34.6769790649414,2365
0.460883229970932,34.6768951416016,2366
0.550382137298584,34.9015197753906,2367
0.552047312259674,34.9050369262695,2368
0.49330547451973,34.7549209594727,2369
0.492986649274826,34.7550888061523,2370
0.448424160480499,34.734260559082,2371
0.448492288589477,34.7342872619629,2372
-1.01781058311462,34.5327644348145,2373
-1.0112270116806,34.5184173583984,2374
-1.01810765266419,34.5331611633301,2375
-1.01116251945496,34.4294204711914,2376
-1.01918685436249,34.4325561523438,2377
-1.01632642745972,34.4461135864258,2378
-1.00919282436371,34.4314918518066,2379
-1.02771055698395,34.4387054443359,2380
-1.02642405033112,34.4396896362305,2381
-1.02159333229065,34.4322814941406,2382
-1.0263911485672,34.4400596618652,2383
-1.01119697093964,34.4294242858887,2384
-1.01918745040894,34.432559967041,2385
-1.0030677318573,34.4185981750488,2386
-1.01519656181335,34.4466400146484,2387
-1.01517868041992,34.446647644043,2388
-1.00213885307312,34.4185638427734,2389
-1.0607602596283,34.5860862731934,2390
-1.06073415279388,34.5860977172852,2391
-1.00540256500244,34.5259437561035,2392
-0.966572165489197,34.4790420532227,2393
-1.00506973266602,34.5252380371094,2394
-1.00192260742188,34.533878326416,2395
-0.966409146785736,34.4785690307617,2396
-0.976627707481384,34.5271415710449,2397
-0.982871532440186,34.536205291748,2398
-1.00031733512878,34.5310516357422,2399
-1.00164532661438,34.4621391296387,2400
-1.00428819656372,34.5003318786621,2401
-1.00844085216522,34.5081787109375,2402
-0.976113736629486,34.5283393859863,2403
-1.00769424438477,34.5067443847656,2404
-0.976176857948303,34.5285301208496,2405
-0.985956370830536,34.537410736084,2406
-1.00191855430603,34.5076904296875,2407
-0.995059490203857,34.4570541381836,2408
-1.01572024822235,34.496753692627,2409
-0.964291036128998,34.3576354980469,2410
-0.923453986644745,34.3782691955566,2411
-0.964155197143555,34.3577575683594,2412
-0.920466482639313,34.3747215270996,2413
-0.993283569812775,34.4824562072754,2414
-0.998286068439484,34.4746894836426,2415
-0.997552573680878,34.4545783996582,2416
-0.996314644813538,34.4755821228027,2417
-0.995249807834625,34.4831466674805,2418
-0.966140449047089,34.4845428466797,2419
-1.01106190681457,34.4841003417969,2420
-0.997297883033752,34.4543838500977,2421
-0.998185932636261,34.4748191833496,2422
-0.966143608093262,34.4845809936523,2423
-1.01099514961243,34.4840507507324,2424
-1.0107057094574,34.4841957092285,2425
-0.995250105857849,34.4832496643066,2426
-0.997535884380341,34.4545822143555,2427
-1.05856859683991,34.549861907959,2428
-1.05811619758606,34.5445747375488,2429
-1.05812323093414,34.5445709228516,2430
-1.04320585727692,34.5210418701172,2431
-1.05934655666351,34.5505714416504,2432
-1.12146973609924,34.4870185852051,2433
-1.12293899059296,34.4674797058105,2434
-1.12145912647247,34.4870109558105,2435
-1.12024796009064,34.4842567443848,2436
-1.12579214572906,34.4668159484863,2437
-1.07650804519653,34.4381866455078,2438
-1.07326054573059,34.4386940002441,2439
-1.04651308059692,34.4295501708984,2440
-1.05415713787079,34.4919395446777,2441
-1.04640996456146,34.5096168518066,2442
-1.05658006668091,34.4956436157227,2443
-1.04113280773163,34.4841728210449,2444
-1.07400226593018,34.5710182189941,2445
-1.08280861377716,34.5529556274414,2446
-1.0725531578064,34.5119934082031,2447
-1.07250893115997,34.5120048522949,2448
-1.08276915550232,34.5334968566895,2449
-1.08254468441009,34.552978515625,2450
-1.07267200946808,34.4966773986816,2451
-1.0730938911438,34.5119171142578,2452
-1.08370387554169,34.5525093078613,2453
-1.07271432876587,34.4965209960938,2454
-1.07265245914459,34.5634078979492,2455
-1.07591617107391,34.5392532348633,2456
-1.0627965927124,34.5314407348633,2457
-1.072230219841,34.567024230957,2458
-1.03904449939728,34.5928535461426,2459
-1.04055917263031,34.5915412902832,2460
-1.01151871681213,34.5707206726074,2461
-1.02576005458832,34.5787887573242,2462
-1.02572464942932,34.5787963867188,2463
-1.04058694839477,34.591495513916,2464
-1.00200748443603,34.5624771118164,2465
-1.00569427013397,34.5693168640137,2466
-1.0057235956192,34.5692901611328,2467
-1.03715097904205,34.5893745422363,2468
-1.00551426410675,34.5797004699707,2469
-1.11058878898621,34.4345550537109,2470
-1.11056733131409,34.4346046447754,2471
-1.09255135059357,34.4044303894043,2472
-1.12523579597473,34.4304313659668,2473
-1.09156274795532,34.4043273925781,2474
-1.11074137687683,34.4354515075684,2475
-1.12599754333496,34.4299430847168,2476
-1.02853345870972,34.5780143737793,2477
-1.04176688194275,34.5630187988281,2478
-1.01139783859253,34.5596504211426,2479
-1.04180538654327,34.5631332397461,2480
-1.0072968006134,34.5646896362305,2481
-1.01137864589691,34.5596466064453,2482
-1.03361248970032,34.5934715270996,2483
-1.02834677696228,34.5845108032227,2484
-1.0284229516983,34.5846748352051,2485
-1.04339790344238,34.5273323059082,2486
-1.05323016643524,34.522144317627,2487
-1.04271268844604,34.5247535705566,2488
-1.06082129478455,34.526294708252,2489
-1.05461931228638,34.5290107727051,2490
-1.05460143089294,34.5290107727051,2491
-1.05510675907135,34.523006439209,2492
-1.05721175670624,34.5192260742188,2493
-1.05514335632324,34.5229415893555,2494
-1.0509682893753,34.5302581787109,2495
-1.05841982364654,34.5195960998535,2496
-1.05334186553955,34.5277519226074,2497
-1.05659222602844,34.5157089233398,2498
-1.01167404651642,34.4942016601562,2499
-1.01181626319885,34.4942207336426,2500
-1.01187169551849,34.4943389892578,2501
-1.0649334192276,34.5377388000488,2502
-1.06364750862122,34.5380249023438,2503
0.864963591098785,34.8439979553223,2504
0.892455697059631,34.875560760498,2505
0.86496114730835,34.8440055847168,2506
0.86209237575531,34.8253860473633,2507
0.862101793289185,34.825382232666,2508
0.87599790096283,34.8672256469727,2509
0.875988721847534,34.8737945556641,2510
0.867168605327606,34.8329811096191,2511
0.839803695678711,34.9290962219238,2512
0.851950526237488,34.9387054443359,2513
0.840032756328583,34.9307594299316,2514
0.838906168937683,34.9296989440918,2515
0.853709101676941,34.9404182434082,2516
0.970828831195831,34.8079299926758,2517
0.87985497713089,35.0176391601562,2518
0.826516151428223,34.9439239501953,2519
0.879910469055176,35.0176086425781,2520
0.971799969673157,34.9020309448242,2521
0.953154385089874,34.913272857666,2522
0.903020143508911,34.8286781311035,2523
0.902903497219086,34.8287658691406,2524
0.903055608272552,34.8286895751953,2525
0.961675226688385,35.0719184875488,2526
0.962077677249908,35.0733222961426,2527
0.988502740859985,35.0797958374023,2528
0.982144713401794,35.0331535339355,2529
0.9821737408638,35.0289001464844,2530
0.923093438148499,35.0168724060059,2531
0.886133313179016,34.9989204406738,2532
0.913082957267761,35.012825012207,2533
0.869129657745361,35.0100631713867,2534
0.8687384724617,35.010124206543,2535
0.879390478134155,35.0003967285156,2536
0.886144757270813,34.9989356994629,2537
0.912507891654968,35.0139350891113,2538
0.86916172504425,35.010009765625,2539
0.765874922275543,34.90185546875,2540
0.819171547889709,34.9028244018555,2541
0.826595604419708,34.9001846313477,2542
0.830427765846252,34.9167976379395,2543
0.819105803966522,34.9037857055664,2544
0.84334123134613,34.9056968688965,2545
0.828346312046051,34.9006690979004,2546
0.839646279811859,34.909309387207,2547
0.828992187976837,34.9161796569824,2548
0.819644689559937,34.9026565551758,2549
0.843616425991058,34.9062309265137,2550
0.817519783973694,34.9056701660156,2551
0.830724120140076,34.9179191589355,2552
0.842429876327515,34.908088684082,2553
0.826080143451691,34.9001235961914,2554
0.828249871730804,34.9140396118164,2555
0.825544893741608,34.8999404907227,2556
0.842590868473053,34.8991622924805,2557
0.827654004096985,34.9009628295898,2558
0.8264000415802,34.898853302002,2559
0.84540069103241,34.9058532714844,2560
0.879022121429443,34.8802452087402,2561
0.843820869922638,34.8979454040527,2562
0.882688403129578,34.882396697998,2563
0.876946270465851,34.8903770446777,2564
0.882771492004395,34.8781700134277,2565
0.85944789648056,34.8966178894043,2566
0.838229060173035,34.8813438415527,2567
0.838497221469879,34.8829345703125,2568
0.843513965606689,34.8980941772461,2569
0.85897022485733,34.902229309082,2570
0.851498961448669,34.8925552368164,2571
0.839386999607086,34.8831405639648,2572
0.834395051002502,34.9070701599121,2573
0.926798522472382,34.8446044921875,2574
0.960231781005859,35.0684394836426,2575
0.960337579250336,35.0680274963379,2576
0.960410177707672,35.0684013366699,2577
0.82906585931778,34.9277687072754,2578
0.829554915428162,34.935962677002,2579
0.827712059020996,34.9381523132324,2580
0.828350722789764,34.927677154541,2581
0.943179666996002,35.0268936157227,2582
0.939410150051117,35.0273704528809,2583
0.930632352828979,35.0447311401367,2584
0.939617693424225,35.0284233093262,2585
0.934164822101593,35.0381546020508,2586
0.943268537521362,35.0271987915039,2587
0.922331869602203,35.0580253601074,2588
0.921350836753845,35.0398445129395,2589
0.929251074790955,35.0606727600098,2590
0.976287007331848,34.9154357910156,2591
0.97606635093689,34.9151878356934,2592
0.954504787921906,34.9130325317383,2593
0.922061324119568,34.937671661377,2594
0.95268589258194,35.1803894042969,2595
0.581979334354401,34.5585823059082,2596
0.98579216003418,35.0381126403809,2597
1.0040819644928,35.1551628112793,2598
1.00761783123016,35.1623115539551,2599
1.00201761722565,35.158447265625,2600
0.999840497970581,35.1785774230957,2601
0.99928480386734,35.1541633605957,2602
1.00745117664337,35.1620788574219,2603
1.00842714309692,35.1624908447266,2604
1.01183617115021,35.1619682312012,2605
0.999751806259155,35.1785087585449,2606
0.999313235282898,35.1779823303223,2607
1.00702679157257,35.1608848571777,2608
-0.586643636226654,35.0067672729492,2609
-0.528360426425934,34.9849052429199,2610
-0.529141366481781,34.9845428466797,2611
-0.529537558555603,34.9851112365723,2612
-0.586196839809418,35.0061492919922,2613
-0.524131834506989,35.0074882507324,2614
-0.523831903934479,35.0071144104004,2615
-0.52318263053894,35.0025253295898,2616
-0.522139966487885,35.0055885314941,2617
-0.513128936290741,35.0120735168457,2618
-0.522188782691956,35.0053672790527,2619
-0.523368716239929,35.0021781921387,2620
-0.503924310207367,35.0188827514648,2621
-0.456880211830139,34.9798126220703,2622
-0.466071009635925,34.9861221313477,2623
-0.464561432600021,34.9841575622559,2624
-0.466257095336914,35.0188636779785,2625
-0.471404552459717,34.9832420349121,2626
-0.475824981927872,35.0005950927734,2627
-0.471921652555466,35.005687713623,2628
-0.472822606563568,34.9872283935547,2629
-0.468700647354126,34.9921607971191,2630
-0.475654184818268,35.0007553100586,2631
-0.462616920471191,35.018726348877,2632
-0.462594956159592,35.0192184448242,2633
-0.669374883174896,34.8295593261719,2634
-0.644634187221527,34.8164939880371,2635
-0.652487695217133,34.8243026733398,2636
-0.653403103351593,34.8251647949219,2637
-0.641762375831604,34.8173522949219,2638
-0.630408227443695,34.8096542358398,2639
-0.639213800430298,34.8074111938477,2640
-0.658052742481232,34.8223419189453,2641
-0.398098558187485,35.0248107910156,2642
-0.410088181495667,35.0329284667969,2643
-0.3843092918396,35.0217628479004,2644
-0.408566325902939,35.0330200195312,2645
-0.611468315124512,34.8400726318359,2646
-0.611473381519318,34.8398857116699,2647
-0.611559927463531,34.8469848632812,2648
-0.61140501499176,34.8392028808594,2649
-0.612080335617065,34.8461570739746,2650
-0.612085580825806,34.8459587097168,2651
-0.688274204730988,34.8388481140137,2652
-0.501161396503448,34.9490165710449,2653
-0.516470551490784,34.9629745483398,2654
-0.505228042602539,34.9554328918457,2655
-0.516379654407501,34.9616813659668,2656
-0.518915057182312,34.938663482666,2657
-0.514446258544922,34.9434928894043,2658
-0.501998066902161,34.9492340087891,2659
-0.511319637298584,34.9533195495605,2660
-0.512476205825806,34.9541664123535,2661
-0.459788143634796,34.9761009216309,2662
-0.459262698888779,34.9768104553223,2663
-0.579999506473541,34.9963989257812,2664
-0.580082893371582,34.9961891174316,2665
-0.517327308654785,34.9281692504883,2666
-0.51895946264267,34.9271926879883,2667
-0.518993973731995,34.9271278381348,2668
-0.520164847373962,34.9256896972656,2669
-0.573350131511688,34.9206008911133,2670
-0.572124838829041,34.9173278808594,2671
-0.572478711605072,34.9187393188477,2672
-0.495365470647812,35.0317268371582,2673
-0.472195714712143,35.0294342041016,2674
-0.478692501783371,35.0347061157227,2675
-0.406490921974182,35.0298652648926,2676
-0.525146484375,35.0259819030762,2677
-0.44241988658905,35.0393981933594,2678
-0.478431493043899,35.034595489502,2679
-0.401555120944977,35.0294456481934,2680
-0.442293375730515,35.0397186279297,2681
-0.416502058506012,35.0330924987793,2682
-0.696522533893585,34.8360824584961,2683
-0.70459645986557,34.83935546875,2684
-0.695889711380005,34.8363151550293,2685
-0.698826789855957,34.8286590576172,2686
-0.505171597003937,34.9552803039551,2687
-0.512061059474945,34.9544410705566,2688
-0.5054652094841,34.9545097351074,2689
-0.515700101852417,34.9582099914551,2690
-0.517071068286896,34.9596366882324,2691
-0.512242138385773,34.9541702270508,2692
-0.505161643028259,34.9553413391113,2693
-0.453691750764847,34.9665756225586,2694
-0.457712113857269,34.9819412231445,2695
-0.457984656095505,34.981746673584,2696
-0.454828143119812,34.9697456359863,2697
-0.458176761865616,34.9818077087402,2698
-0.453411549329758,34.9667205810547,2699
-0.485180407762528,34.9523086547852,2700
-0.498675912618637,34.9585227966309,2701
-0.487215310335159,34.9274101257324,2702
-0.485596865415573,34.9265213012695,2703
-0.486934065818787,34.9390563964844,2704
-0.488537311553955,34.9450302124023,2705
-0.495606452226639,34.957893371582,2706
-0.493998110294342,34.9564971923828,2707
-0.460879772901535,34.9812622070312,2708
-0.512217402458191,34.8036994934082,2709
-0.485249072313309,34.8040504455566,2710
-0.51710319519043,34.7379837036133,2711
-0.510566651821136,34.7910690307617,2712
-0.483634799718857,34.8045921325684,2713
-0.510392427444458,34.7923812866211,2714
-0.512217462062836,34.8036994934082,2715
-0.506753265857697,34.7932052612305,2716
-0.504339635372162,34.7980995178223,2717
-0.485466420650482,34.7775115966797,2718
-0.486041963100433,34.770637512207,2719
-0.486430197954178,34.8516540527344,2720
-0.484363555908203,34.846492767334,2721
-0.487149894237518,34.8500099182129,2722
-0.485842823982239,34.8477058410645,2723
-0.495590001344681,34.8559303283691,2724
-0.485769957304001,34.8477516174316,2725
-0.484471827745438,34.8464393615723,2726
-0.495608896017075,34.8545837402344,2727
-0.486215174198151,34.8476409912109,2728
-0.487075537443161,34.8500785827637,2729
-0.48704919219017,34.8517379760742,2730
-0.487836956977844,34.8487319946289,2731
-0.561636030673981,34.7245712280273,2732
-0.552869081497192,34.7509689331055,2733
-0.552408576011658,34.7494773864746,2734
-0.548206031322479,34.7503967285156,2735
-0.695484757423401,34.7788467407227,2736
-0.550821542739868,34.7519607543945,2737
-0.695156097412109,34.7788543701172,2738
-0.550667464733124,34.7553558349609,2739
-0.550774455070496,34.7520332336426,2740
-0.692931294441223,34.7718811035156,2741
-0.551659286022186,34.7500953674316,2742
-0.686574637889862,34.7758941650391,2743
-0.556703209877014,34.7400550842285,2744
-0.551478683948517,34.7517890930176,2745
-0.555769383907318,34.7394523620605,2746
-0.548060655593872,34.7445068359375,2747
-0.523506820201874,34.7562370300293,2748
-0.358027070760727,34.7671890258789,2749
-0.354578912258148,34.7652740478516,2750
-0.358059197664261,34.7669143676758,2751
-0.358099788427353,34.7671432495117,2752
-0.3477383852005,34.774658203125,2753
-0.354631870985031,34.7652778625488,2754
-0.555223286151886,34.7048797607422,2755
-0.543692708015442,34.7089805603027,2756
-0.686573207378387,34.7759284973145,2757
-0.686549425125122,34.7759094238281,2758
-0.68657374382019,34.7759437561035,2759
-0.504603266716003,34.7600593566895,2760
-0.494891464710236,34.7550239562988,2761
-0.507714331150055,34.7436904907227,2762
-0.504649639129639,34.7601509094238,2763
-0.515466868877411,34.7542724609375,2764
-0.505697011947632,34.7378082275391,2765
-0.489656865596771,34.755729675293,2766
-0.489669531583786,34.7556953430176,2767
-0.506020784378052,34.7603645324707,2768
-0.494892507791519,34.7550048828125,2769
-0.489415585994721,34.7561073303223,2770
-0.470666587352753,34.8728332519531,2771
-0.470676898956299,34.8729095458984,2772
-0.473826676607132,34.8501892089844,2773
-0.697329580783844,34.7796592712402,2774
-0.686512172222137,34.7758369445801,2775
-0.686515092849731,34.7758636474609,2776
-0.68651682138443,34.7758483886719,2777
-0.487271130084992,34.8261451721191,2778
-0.487288564443588,34.8261642456055,2779
-0.695574104785919,34.7790870666504,2780
-0.484781533479691,34.8045425415039,2781
-0.48066970705986,34.8014335632324,2782
-0.484858810901642,34.8045654296875,2783
-0.483837217092514,34.8047142028809,2784
-0.480758607387543,34.8012962341309,2785
-0.510724425315857,34.8000297546387,2786
-0.483870655298233,34.8047981262207,2787
-0.5169797539711,34.7380905151367,2788
-0.481569141149521,34.8013381958008,2789
-0.506258249282837,34.7918014526367,2790
-0.510733664035797,34.8000526428223,2791
-0.483097106218338,34.8475112915039,2792
-0.48358017206192,34.8470916748047,2793
-0.494193315505982,34.845630645752,2794
-0.494218587875366,34.8456192016602,2795
-0.494168549776077,34.8455390930176,2796
-0.494760096073151,34.8405303955078,2797
-0.492363691329956,34.8412780761719,2798
-0.492766439914703,34.8412170410156,2799
-0.483777970075607,34.846923828125,2800
-0.483731895685196,34.846996307373,2801
-0.686787664890289,34.7771224975586,2802
-0.686789691448212,34.7771301269531,2803
-0.695552945137024,34.7788429260254,2804
-0.686356484889984,34.7759628295898,2805
-0.510371506214142,34.7356452941895,2806
-0.348199665546417,34.7741165161133,2807
-0.347790002822876,34.7745742797852,2808
-0.483557730913162,34.6413612365723,2809
-0.482062816619873,34.6393203735352,2810
-0.483510196208954,34.6411514282227,2811
-0.482093751430511,34.6393814086914,2812
-0.526621758937836,34.7472267150879,2813
-0.515329957008362,34.734806060791,2814
-0.528282880783081,34.746696472168,2815
-0.526653170585632,34.7472610473633,2816
-0.538986504077911,34.7476272583008,2817
-0.538766086101532,34.7477989196777,2818
-0.528194487094879,34.7459030151367,2819
-0.515334069728851,34.7348175048828,2820
-0.528271317481995,34.7460250854492,2821
-0.524303078651428,34.7394714355469,2822
-0.524587631225586,34.7396278381348,2823
-0.687468826770782,34.7738151550293,2824
-0.50621885061264,34.7463035583496,2825
-0.506223678588867,34.7462501525879,2826
-0.686543405056,34.77587890625,2827
-0.686559200286865,34.7759056091309,2828
-0.686559796333313,34.7758750915527,2829
-0.565255701541901,34.6291961669922,2830
-0.670601844787598,34.6207847595215,2831
-0.884063601493835,34.5802612304688,2832
-0.746004104614258,34.559871673584,2833
-0.88418972492218,34.5804748535156,2834
-0.883431375026703,34.5816307067871,2835
-0.882775783538818,34.5813903808594,2836
-0.745128989219666,34.5597991943359,2837
-0.883481383323669,34.5801734924316,2838
-0.829562842845917,34.5851516723633,2839
-0.799909055233002,34.5777587890625,2840
-0.796441972255707,34.5841598510742,2841
-0.797546803951263,34.5813217163086,2842
-0.840287208557129,34.5783462524414,2843
-0.830331265926361,34.5832901000977,2844
-0.830509841442108,34.5845794677734,2845
-0.783210873603821,34.5715103149414,2846
-0.799904644489288,34.5778770446777,2847
-0.779258847236633,34.5734214782715,2848
-0.7875657081604,34.5937728881836,2849
-0.802120625972748,34.5787925720215,2850
-0.755466818809509,34.6026802062988,2851
-0.888932645320892,34.5086097717285,2852
-0.79842871427536,34.5296516418457,2853
-0.879871010780334,34.5049095153809,2854
-0.806250989437103,34.5336265563965,2855
-0.892166495323181,34.502857208252,2856
-0.804952502250671,34.5332069396973,2857
-0.89164924621582,34.5032386779785,2858
-0.807114601135254,34.5336952209473,2859
-0.797097563743591,34.5295028686523,2860
-0.880541920661926,34.5047645568848,2861
-0.76163637638092,34.605541229248,2862
-0.634649038314819,34.5181999206543,2863
-0.635528743267059,34.5186080932617,2864
-0.653483986854553,34.534797668457,2865
-0.653769135475159,34.5348167419434,2866
-0.545766830444336,34.4877624511719,2867
-0.544905185699463,34.4874229431152,2868
-0.653811037540436,34.533763885498,2869
-0.638719737529755,34.518009185791,2870
-0.77049845457077,34.6125183105469,2871
-0.767263948917389,34.6171875,2872
-0.787048280239105,34.6159362792969,2873
-0.764092326164246,34.6210708618164,2874
-0.505001902580261,34.6173820495605,2875
-0.677766442298889,34.5104331970215,2876
-0.679449677467346,34.5211486816406,2877
-0.694717466831207,34.5479469299316,2878
-0.678672611713409,34.5216789245605,2879
-0.664881110191345,34.5430564880371,2880
-0.680958986282349,34.5193977355957,2881
-0.844618082046509,34.5726928710938,2882
-0.675804615020752,34.5046882629395,2883
-0.67971271276474,34.5353317260742,2884
-0.662824749946594,34.5457992553711,2885
-0.673278450965881,34.5055961608887,2886
-0.678732573986053,34.5444946289062,2887
-0.685128509998322,34.4547119140625,2888
-0.613759875297546,34.5277862548828,2889
-0.586933553218842,34.5047264099121,2890
-0.617052793502808,34.5241012573242,2891
-0.617536127567291,34.5238761901855,2892
-0.655189573764801,34.5421943664551,2893
-0.587936818599701,34.503978729248,2894
-0.798553884029388,34.5805931091309,2895
-0.708293676376343,34.6107635498047,2896
-0.649100363254547,34.6309509277344,2897
-0.647258341312408,34.6313514709473,2898
-0.645921409130096,34.6276435852051,2899
-0.609590411186218,34.6465110778809,2900
-0.820024490356445,34.5863456726074,2901
-0.818475306034088,34.5879821777344,2902
-0.800864160060883,34.554931640625,2903
-0.800766050815582,34.5557022094727,2904
-0.813780128955841,34.5989456176758,2905
-0.818224489688873,34.587947845459,2906
-0.805031895637512,34.5820960998535,2907
-0.81978040933609,34.5865097045898,2908
-0.861017763614655,34.4794502258301,2909
-0.858179092407227,34.4847564697266,2910
-0.856421768665314,34.4843330383301,2911
-0.840676188468933,34.4810028076172,2912
-0.841170370578766,34.4813041687012,2913
-0.859823942184448,34.4792976379395,2914
-0.842245817184448,34.4857788085938,2915
-0.840114831924438,34.4851722717285,2916
-0.859655141830444,34.4823913574219,2917
-0.842183947563171,34.4852333068848,2918
-0.849697947502136,34.4737243652344,2919
-0.851078927516937,34.4728584289551,2920
-0.851391971111298,34.4714813232422,2921
-0.671562314033508,34.6081886291504,2922
-0.679228186607361,34.6178550720215,2923
-0.671981394290924,34.6184234619141,2924
-0.655666053295135,34.6149024963379,2925
-0.674342393875122,34.6295356750488,2926
-0.673632383346558,34.6314582824707,2927
-0.679265856742859,34.617359161377,2928
-0.6665860414505,34.6087188720703,2929
-0.670997858047485,34.6175270080566,2930
-0.664044857025146,34.6149787902832,2931
-0.674343645572662,34.629524230957,2932
-0.666797161102295,34.6328811645508,2933
-0.672011852264404,34.6068229675293,2934
-0.667013645172119,34.6222229003906,2935
-0.666903078556061,34.6198883056641,2936
-0.670658588409424,34.6175498962402,2937
-0.801882743835449,34.5760154724121,2938
-0.845215022563934,34.5695114135742,2939
-0.842462539672852,34.5679206848145,2940
-0.825473546981812,34.569694519043,2941
-0.840278267860413,34.5705642700195,2942
-0.844532191753387,34.5709381103516,2943
-0.514860093593597,34.7367286682129,2944
0.68923956155777,34.4597244262695,2945
0.680846214294434,34.4620971679688,2946
0.681417524814606,34.4627952575684,2947
0.689715981483459,34.4604949951172,2948
0.718648076057434,34.466796875,2949
0.722312033176422,34.4660797119141,2950
0.82810652256012,34.4577827453613,2951
0.845536530017853,34.4660339355469,2952
0.839120626449585,34.4655151367188,2953
0.827999711036682,34.4579124450684,2954
0.841084659099579,34.4670295715332,2955
0.834280490875244,34.4654579162598,2956
0.745405733585358,34.3290328979492,2957
0.773343324661255,34.3793029785156,2958
0.773497402667999,34.3791999816895,2959
0.564390420913696,34.5525245666504,2960
0.757921099662781,34.3383255004883,2961
0.745600402355194,34.329158782959,2962
0.764759659767151,34.367057800293,2963
0.778314173221588,34.3769683837891,2964
0.77907258272171,34.376537322998,2965
0.745090901851654,34.3293037414551,2966
0.760838985443115,34.3615951538086,2967
0.65267425775528,34.5172233581543,2968
0.661527633666992,34.5137634277344,2969
0.564292192459106,34.5526847839355,2970
0.770684123039246,34.5261535644531,2971
0.675202965736389,34.4262771606445,2972
0.581876933574677,34.5585136413574,2973
0.582058906555176,34.5580749511719,2974
0.668055772781372,34.4523582458496,2975
0.668132722377777,34.452278137207,2976
0.669438481330872,34.4346923828125,2977
0.581887304782867,34.5584106445312,2978
0.581917226314545,34.5583724975586,2979
0.766757071018219,34.476734161377,2980
0.761157512664795,34.4867782592773,2981
0.775309145450592,34.4929504394531,2982
0.766075193881989,34.4765281677246,2983
0.773387134075165,34.4886131286621,2984
0.741074979305267,34.4708251953125,2985
0.745093107223511,34.4595031738281,2986
0.750160336494446,34.4610404968262,2987
0.742885828018188,34.4694328308105,2988
0.742897987365723,34.4693794250488,2989
0.760143637657166,34.4744300842285,2990
0.756441056728363,34.4718475341797,2991
0.760387122631073,34.4733543395996,2992
0.749164879322052,34.4721832275391,2993
0.756436228752136,34.4718627929688,2994
0.749386012554169,34.4720153808594,2995
0.581845760345459,34.5584907531738,2996
0.810580790042877,34.4270858764648,2997
0.819972157478333,34.4364128112793,2998
0.819604098796844,34.4358177185059,2999
0.764840543270111,34.5321235656738,3000
0.74847286939621,34.5415992736816,3001
0.748490154743195,34.541576385498,3002
0.764824330806732,34.5321197509766,3003
0.76486349105835,34.5320854187012,3004
0.759269118309021,34.528923034668,3005
0.77082771062851,34.4123115539551,3006
0.769164383411407,34.4198188781738,3007
0.799745857715607,34.5694732666016,3008
0.763770759105682,34.571346282959,3009
0.560811519622803,34.5531120300293,3010
0.824179649353027,34.4720573425293,3011
0.827251315116882,34.4714317321777,3012
0.766470372676849,34.3695755004883,3013
0.671599864959717,34.439769744873,3014
0.581884384155273,34.5584106445312,3015
0.581220507621765,34.5597267150879,3016
0.553332328796387,34.553897857666,3017
0.677664577960968,34.4531135559082,3018
0.581880867481232,34.5584945678711,3019
0.581166088581085,34.5597152709961,3020
0.770789206027985,34.4971122741699,3021
0.770663857460022,34.4960784912109,3022
0.553095757961273,34.5540771484375,3023
0.581882774829865,34.5584602355957,3024
0.671234726905823,34.4385414123535,3025
0.675251960754395,34.4262962341309,3026
0.81823867559433,34.4247512817383,3027
0.824313402175903,34.4263496398926,3028
0.81818413734436,34.4253730773926,3029
0.818243563175201,34.4247207641602,3030
0.55267596244812,34.5541114807129,3031
0.758541166782379,34.5076675415039,3032
0.741666674613953,34.4688606262207,3033
0.758618831634521,34.5077095031738,3034
0.741667032241821,34.4688720703125,3035
0.741380512714386,34.4696884155273,3036
0.742291152477264,34.5210990905762,3037
0.739100635051727,34.4541625976562,3038
0.738426506519318,34.4538269042969,3039
0.581849575042725,34.5584754943848,3040
0.818601667881012,34.4614601135254,3041
0.823515474796295,34.4575500488281,3042
0.771849572658539,34.5334663391113,3043
0.729786455631256,34.5181617736816,3044
0.727079510688782,34.5212211608887,3045
0.729282200336456,34.5192070007324,3046
0.564394652843475,34.5526084899902,3047
0.727846801280975,34.4976654052734,3048
0.756234347820282,34.5370597839355,3049
0.757208347320557,34.5288467407227,3050
0.767836213111877,34.5481452941895,3051
0.767939448356628,34.5483741760254,3052
0.56324428319931,34.552661895752,3053
0.773095905780792,34.4309616088867,3054
0.77301961183548,34.4336891174316,3055
0.775763154029846,34.420467376709,3056
0.776693224906921,34.4220275878906,3057
-0.629712343215942,34.6932487487793,3058
-0.704872488975525,34.769401550293,3059
-0.701562345027924,34.740852355957,3060
-0.706313669681549,34.7285385131836,3061
-0.706378161907196,34.7285766601562,3062
-0.705014526844025,34.7270088195801,3063
-0.672480463981628,34.7269325256348,3064
-0.703777670860291,34.7399635314941,3065
-0.612754166126251,34.6912574768066,3066
-0.621190130710602,34.682544708252,3067
-0.625702142715454,34.6769638061523,3068
-0.613069832324982,34.6910972595215,3069
-0.618209004402161,34.6818923950195,3070
-0.609995007514954,34.7361946105957,3071
-0.700501143932343,34.7806816101074,3072
-0.609500050544739,34.7403678894043,3073
-0.617859363555908,34.7437515258789,3074
-0.610029399394989,34.7361793518066,3075
-0.612537086009979,34.7353096008301,3076
-0.715432643890381,34.7212562561035,3077
-0.700655460357666,34.7805786132812,3078
-0.710909247398376,34.7141227722168,3079
-0.713390111923218,34.742057800293,3080
-0.716288506984711,34.7209663391113,3081
-0.700487494468689,34.7804794311523,3082
-0.700734972953796,34.7805099487305,3083
-0.673604607582092,34.6554794311523,3084
-0.67361581325531,34.6555137634277,3085
-0.700512290000916,34.7805061340332,3086
-0.700486361980438,34.7804832458496,3087
-0.700668275356293,34.7805328369141,3088
-0.700632810592651,34.7805252075195,3089
-0.698013365268707,34.7842140197754,3090
0.558439493179321,34.2491798400879,3091
0.558403968811035,34.2491569519043,3092
0.490574032068253,34.1485786437988,3093
0.490471094846726,34.1482696533203,3094
0.467503994703293,34.1379051208496,3095
0.482915192842484,34.152702331543,3096
0.533703863620758,34.3727760314941,3097
0.502551674842834,34.3676872253418,3098
0.505489766597748,34.3673706054688,3099
0.495744824409485,34.3790092468262,3100
0.497496366500854,34.3742599487305,3101
0.621517598628998,34.3727073669434,3102
0.625885307788849,34.3738784790039,3103
0.631065130233765,34.380126953125,3104
0.621511280536652,34.372745513916,3105
0.640966057777405,34.3820114135742,3106
0.622695624828339,34.3714828491211,3107
0.621827602386475,34.372974395752,3108
0.630714237689972,34.3800010681152,3109
0.631428182125092,34.3808784484863,3110
0.621569514274597,34.3727760314941,3111
0.64097660779953,34.3819694519043,3112
0.521147012710571,34.3540992736816,3113
0.530348777770996,34.3729476928711,3114
0.529149889945984,34.3735466003418,3115
0.576478004455566,34.3946723937988,3116
0.533140480518341,34.3724784851074,3117
0.518287122249603,34.355655670166,3118
0.535246133804321,34.3713073730469,3119
0.541972279548645,34.3668441772461,3120
0.517091274261475,34.3556632995605,3121
0.618876159191132,34.2909660339355,3122
0.473603308200836,34.5232048034668,3123
0.615806519985199,34.2837142944336,3124
0.618614315986633,34.3083763122559,3125
0.618613660335541,34.3084526062012,3126
0.464126497507095,34.2905654907227,3127
0.44881471991539,34.308162689209,3128
0.457233160734177,34.2737731933594,3129
0.457335948944092,34.2672424316406,3130
0.460149884223938,34.2858543395996,3131
0.447032392024994,34.3097190856934,3132
0.460200071334839,34.2859153747559,3133
0.464007943868637,34.2903823852539,3134
0.464704245328903,34.3043823242188,3135
0.621501505374908,34.2923431396484,3136
0.627602458000183,34.291316986084,3137
0.626459419727325,34.2982406616211,3138
0.621450841426849,34.2923965454102,3139
0.473468363285065,34.5231971740723,3140
0.706721901893616,34.4116516113281,3141
0.573778927326202,34.2909507751465,3142
0.573618054389954,34.2908973693848,3143
0.582442283630371,34.2671508789062,3144
0.589755713939667,34.3619804382324,3145
0.590166211128235,34.3624649047852,3146
0.748901426792145,34.4452438354492,3147
0.44090810418129,34.4347953796387,3148
0.440816789865494,34.4354820251465,3149
0.473592787981033,34.5233459472656,3150
0.448460519313812,34.4128532409668,3151
0.539969861507416,34.3779258728027,3152
0.559731006622314,34.4219512939453,3153
0.551973938941956,34.3859214782715,3154
0.539979577064514,34.3779144287109,3155
0.552245438098907,34.3859672546387,3156
0.552694141864777,34.3863372802734,3157
0.559732973575592,34.4221534729004,3158
0.438712149858475,34.3846817016602,3159
0.428090035915375,34.3736534118652,3160
0.453062534332275,34.3790435791016,3161
0.428227990865707,34.3733825683594,3162
0.446923643350601,34.3773727416992,3163
0.437033087015152,34.3858451843262,3164
0.565584897994995,34.557861328125,3165
0.453046709299088,34.379077911377,3166
0.473611533641815,34.5234146118164,3167
0.423129141330719,34.3579025268555,3168
0.452116906642914,34.378978729248,3169
0.542504727840424,34.4231834411621,3170
0.586286008358002,34.5548934936523,3171
0.535821437835693,34.4050941467285,3172
0.579643547534943,34.4064788818359,3173
0.594741940498352,34.421516418457,3174
0.542483747005463,34.423412322998,3175
0.578948378562927,34.4079742431641,3176
0.544217884540558,34.4226837158203,3177
0.532643675804138,34.3972930908203,3178
0.574774444103241,34.4076957702637,3179
0.586235463619232,34.555118560791,3180
0.532642185688019,34.3972778320312,3181
0.586259722709656,34.5550918579102,3182
0.578976333141327,34.4072418212891,3183
0.682066857814789,34.3994140625,3184
0.474133908748627,34.235408782959,3185
0.498014360666275,34.219123840332,3186
0.490023702383041,34.2299728393555,3187
0.491484135389328,34.2285346984863,3188
0.497900545597076,34.2190208435059,3189
0.470636993646622,34.2298889160156,3190
0.581876397132874,34.5585136413574,3191
0.498395353555679,34.2182998657227,3192
0.610791504383087,34.2486038208008,3193
0.585535287857056,34.5566902160645,3194
0.591965317726135,34.2486763000488,3195
0.584788084030151,34.5575942993164,3196
0.586317479610443,34.5548820495605,3197
0.684186458587646,34.3946685791016,3198
0.681569457054138,34.3993988037109,3199
0.588987171649933,34.5571975708008,3200
0.688004553318024,34.3864898681641,3201
0.685866236686707,34.371509552002,3202
0.452474147081375,34.3803253173828,3203
0.684019505977631,34.39453125,3204
0.586103141307831,34.5549964904785,3205
0.586556971073151,34.5549545288086,3206
0.661073207855225,34.4122161865234,3207
0.558178901672363,34.2239189147949,3208
0.558194577693939,34.2238960266113,3209
0.544597923755646,34.2623138427734,3210
0.55919748544693,34.2234115600586,3211
0.572273194789886,34.2382011413574,3212
0.661863684654236,34.38623046875,3213
0.520072817802429,34.1342163085938,3214
0.522557735443115,34.1363716125488,3215
0.520165681838989,34.1342735290527,3216
0.517001628875732,34.1401596069336,3217
0.52279394865036,34.1358871459961,3218
0.521785736083984,34.1363868713379,3219
0.740927696228027,34.4224166870117,3220
0.740569293498993,34.4221611022949,3221
0.739155411720276,34.4217987060547,3222
0.581878066062927,34.5584754943848,3223
0.740034759044647,34.4216575622559,3224
0.740666329860687,34.4228515625,3225
0.761128008365631,34.4124984741211,3226
0.739102303981781,34.4218406677246,3227
0.74060469865799,34.4214744567871,3228
0.586251437664032,34.5549430847168,3229
0.700475633144379,34.4141807556152,3230
0.756269693374634,34.4455909729004,3231
0.753895878791809,34.4452590942383,3232
0.758132755756378,34.4432487487793,3233
0.756046712398529,34.4469833374023,3234
0.75631046295166,34.4455795288086,3235
0.582000374794006,34.5583801269531,3236
0.601057887077332,34.424919128418,3237
0.532095968723297,34.4154205322266,3238
0.530972123146057,34.4006271362305,3239
0.587573230266571,34.4140472412109,3240
0.591351389884949,34.4186630249023,3241
0.530614256858826,34.4008903503418,3242
0.589823186397552,34.4166526794434,3243
0.634369909763336,34.421215057373,3244
0.635012567043304,34.4197425842285,3245
0.635309517383575,34.4230651855469,3246
0.634980380535126,34.4198226928711,3247
0.635639309883118,34.4229125976562,3248
0.606559097766876,34.427360534668,3249
0.524734258651733,34.2131958007812,3250
0.512025058269501,34.221809387207,3251
0.523894011974335,34.2130165100098,3252
0.547535538673401,34.1956901550293,3253
0.489733427762985,34.2295532226562,3254
0.535124123096466,34.1764144897461,3255
0.535069704055786,34.1763458251953,3256
0.455190777778625,34.2868881225586,3257
0.499818801879883,34.1870155334473,3258
0.455631196498871,34.2875328063965,3259
0.582419216632843,34.5549507141113,3260
0.592267692089081,34.2486801147461,3261
0.58511346578598,34.5571441650391,3262
0.592110574245453,34.2486801147461,3263
0.476973742246628,34.3807334899902,3264
-0.0670806169509888,35.2591361999512,3265
-0.0686446502804756,35.2565612792969,3266
-0.0900899395346642,35.2385559082031,3267
0.0117564797401428,35.328784942627,3268
-0.0821090266108513,35.2767677307129,3269
-0.0771471410989761,35.2599296569824,3270
-0.0832891687750816,35.2742576599121,3271
-0.0668827295303345,35.2561149597168,3272
-0.0907158926129341,35.2367362976074,3273
-0.0701506435871124,35.2868957519531,3274
-0.0773577988147736,35.2595710754395,3275
0.0212014392018318,35.3426551818848,3276
0.0255305003374815,35.3451042175293,3277
-0.0777563825249672,35.2623291015625,3278
0.0244130808860064,35.3456039428711,3279
-0.0670120120048523,35.2884864807129,3280
0.0211837403476238,35.3426284790039,3281
-0.0836000517010689,35.2873573303223,3282
0.0213044006377459,35.3425903320312,3283
-0.067301981151104,35.2587203979492,3284
-0.0672528669238091,35.2561531066895,3285
-0.0669515430927277,35.2592506408691,3286
0.0058286101557314,35.3077545166016,3287
-0.0827731713652611,35.2734603881836,3288
-0.0687885209918022,35.2875595092773,3289
-0.0667905583977699,35.2605094909668,3290
-0.0674659833312035,35.2883071899414,3291
0.021250220015645,35.3424301147461,3292
-0.0038860200438648,35.3341674804688,3293
0.0207462795078754,35.3419494628906,3294
0.0051544802263379,35.3066940307617,3295
0.0022738000843674,35.3375091552734,3296
0.0148102203384042,35.3355598449707,3297
0.0168849695473909,35.3454170227051,3298
0.003956510219723,35.3935852050781,3299
-0.0047178799286485,35.334529876709,3300
0.015050689689815,35.3354797363281,3301
0.0067393099889159,35.3083038330078,3302
0.021211689338088,35.3426895141602,3303
0.0211732108145952,35.3426132202148,3304
0.0150906499475241,35.3358764648438,3305
0.0127917602658272,35.4311904907227,3306
0.0148401502519846,35.3354682922363,3307
0.0154462996870279,35.3357810974121,3308
0.0150234503671527,35.3358840942383,3309
0.0150619195774198,35.3359642028809,3310
0.0040566399693489,35.3936042785645,3311
0.021177290007472,35.3426055908203,3312
-0.0036544299218804,35.3421478271484,3313
-0.004852990154177,35.3332633972168,3314
0.0123044699430466,35.4316253662109,3315
0.0032237500417978,35.3385925292969,3316
0.117705181241036,34.6447982788086,3317
0.113944478332996,34.6465682983398,3318
0.114803612232208,34.6476402282715,3319
0.117859236896038,34.6449775695801,3320
0.113770261406898,34.653507232666,3321
0.0589087009429932,34.6823348999023,3322
0.0493264012038708,34.6125259399414,3323
0.071774497628212,34.5697059631348,3324
0.0662239864468575,34.5830345153809,3325
0.0656427666544914,34.5756759643555,3326
0.0658181011676788,34.5758895874023,3327
0.0618545301258564,34.5814323425293,3328
0.0747255980968475,34.5700988769531,3329
0.0743688121438026,34.5731468200684,3330
0.018471110612154,34.5611228942871,3331
0.121056966483593,34.6670379638672,3332
0.0918792113661766,34.6536254882812,3333
0.101832263171673,34.6624870300293,3334
0.0938099473714828,34.6526412963867,3335
0.121213316917419,34.6671676635742,3336
0.128661796450615,34.6694221496582,3337
0.117071859538555,34.6689224243164,3338
0.0807871893048286,34.6121063232422,3339
0.0671873688697815,34.6074867248535,3340
0.0959876924753189,34.612361907959,3341
0.0811555832624435,34.6121444702148,3342
0.0993426069617271,34.6058006286621,3343
0.0630637630820274,34.6034698486328,3344
0.0986640304327011,34.6079864501953,3345
0.080936573445797,34.6112937927246,3346
0.0311790201812983,34.5724220275879,3347
0.0333692915737629,34.568115234375,3348
0.0205112304538488,34.5530738830566,3349
0.0229755993932486,34.5500411987305,3350
0.0212166998535395,34.5516891479492,3351
0.0227100402116776,34.5501365661621,3352
0.0304735098034143,34.5728149414062,3353
0.0342464782297611,34.5700187683105,3354
0.0244678799062967,34.5481452941895,3355
0.074372299015522,34.7179985046387,3356
0.0486256182193756,34.7389488220215,3357
0.0807814374566078,34.7336692810059,3358
0.0740995407104492,34.717945098877,3359
0.0778655633330345,34.7292976379395,3360
0.0238781906664371,34.7089614868164,3361
0.0166659597307444,34.701416015625,3362
0.0164867397397757,34.7015151977539,3363
0.0237259697169065,34.7094535827637,3364
0.139437645673752,34.6714057922363,3365
0.139425203204155,34.6714019775391,3366
-0.5338254570961,34.8068618774414,3367
0.0185765400528908,34.700855255127,3368
0.0185671504586935,34.7008743286133,3369
0.0265167206525803,34.7054023742676,3370
0.0229231808334589,34.7037887573242,3371
0.0225153397768736,34.7042121887207,3372
0.0214001592248678,34.705394744873,3373
0.0217039007693529,34.7053146362305,3374
0.748939990997314,34.7057838439941,3375
0.703493058681488,34.7014961242676,3376
0.703433632850647,34.7014961242676,3377
0.697212159633636,34.7026100158691,3378
0.697207093238831,34.7026290893555,3379
0.691783428192139,34.7120399475098,3380
0.692018449306488,34.7117462158203,3381
0.700564980506897,34.7262725830078,3382
0.581885695457458,34.5585517883301,3383
0.581893801689148,34.5585517883301,3384
0.670097291469574,34.6787910461426,3385
0.685795605182648,34.7010879516602,3386
0.658503711223602,34.6816940307617,3387
0.667592704296112,34.6753692626953,3388
0.669088780879974,34.6774291992188,3389
0.667577028274536,34.6723899841309,3390
0.684385478496552,34.7047538757324,3391
0.754892528057098,34.7588958740234,3392
0.754924833774567,34.7587356567383,3393
0.757223606109619,34.6855583190918,3394
0.741240501403809,34.6881523132324,3395
0.784131646156311,34.7529754638672,3396
0.695999324321747,34.7656898498535,3397
0.691643357276917,34.7467765808105,3398
0.697262227535248,34.7664566040039,3399
0.672682285308838,34.7739219665527,3400
0.691150009632111,34.7473030090332,3401
0.686979174613953,34.7507972717285,3402
0.685889065265656,34.7757949829102,3403
0.672850251197815,34.7739944458008,3404
0.69893205165863,34.7701721191406,3405
0.581964373588562,34.558422088623,3406
0.698496758937836,34.7700614929199,3407
0.581939041614532,34.5584487915039,3408
0.676381945610046,34.7727012634277,3409
0.683158338069916,34.7572364807129,3410
0.695696353912354,34.7654342651367,3411
0.691894471645355,34.7463722229004,3412
0.687863171100616,34.827278137207,3413
0.687850832939148,34.8272666931152,3414
0.688782691955566,34.8129920959473,3415
0.691016137599945,34.8282852172852,3416
0.690983891487122,34.828311920166,3417
0.697221338748932,34.831241607666,3418
0.697237133979797,34.8313636779785,3419
0.692734360694885,34.8142204284668,3420
0.814280867576599,34.7918434143066,3421
0.800938665866852,34.796199798584,3422
0.800925612449646,34.7962455749512,3423
0.814280927181244,34.7918472290039,3424
0.795215725898743,34.8002319335938,3425
0.571351110935211,34.7719650268555,3426
0.717261731624603,34.7587928771973,3427
0.723077356815338,34.7546043395996,3428
0.717393696308136,34.7588310241699,3429
0.72960764169693,34.7476844787598,3430
0.717232048511505,34.7584457397461,3431
0.726252734661102,34.7502288818359,3432
0.581953585147858,34.5583457946777,3433
0.581947028636932,34.5583419799805,3434
0.58196097612381,34.5583915710449,3435
0.723760962486267,34.7537803649902,3436
0.729664504528046,34.7476501464844,3437
0.723876059055328,34.7538375854492,3438
0.729556620121002,34.7283630371094,3439
0.737334489822388,34.7444152832031,3440
0.58194762468338,34.5583801269531,3441
0.736871123313904,34.7447814941406,3442
0.737360715866089,34.7597160339355,3443
0.581824719905853,34.5584945678711,3444
0.733507037162781,34.7527389526367,3445
0.716104447841644,34.7439765930176,3446
0.722582340240479,34.7193183898926,3447
0.716082692146301,34.7441444396973,3448
0.722735464572906,34.7203178405762,3449
0.733510255813599,34.7527389526367,3450
0.736612677574158,34.7444114685059,3451
0.741933703422546,34.7528114318848,3452
0.666374087333679,34.6903343200684,3453
0.65582263469696,34.6949462890625,3454
0.672300219535828,34.7084541320801,3455
0.656359493732452,34.6936950683594,3456
0.679282903671265,34.6882820129395,3457
0.679240047931671,34.6882247924805,3458
0.668100595474243,34.6908531188965,3459
0.674734115600586,34.7099647521973,3460
0.674896836280823,34.7099723815918,3461
0.66820502281189,34.6908721923828,3462
0.632715344429016,34.7727737426758,3463
0.595476627349854,34.7979736328125,3464
0.63298112154007,34.7695236206055,3465
0.64071261882782,34.7812232971191,3466
0.547872602939606,34.7270278930664,3467
0.549022793769836,34.7296752929688,3468
0.559010326862335,34.7473030090332,3469
0.547419309616089,34.7281455993652,3470
0.548011243343353,34.726978302002,3471
0.55005556344986,34.7301368713379,3472
0.558935344219208,34.7473068237305,3473
0.549106955528259,34.729076385498,3474
0.550000369548798,34.7301025390625,3475
0.550743579864502,34.7294960021973,3476
0.580171823501587,34.5577125549316,3477
0.702081859111786,34.8419609069824,3478
0.703462779521942,34.8408088684082,3479
0.503037691116333,34.6133079528809,3480
0.508539736270905,34.6885986328125,3481
0.503130376338959,34.6131629943848,3482
0.523582279682159,34.6994934082031,3483
0.519511222839355,34.7148780822754,3484
0.517971575260162,34.7144622802734,3485
0.701446890830994,34.6927337646484,3486
0.609720945358276,34.7726173400879,3487
0.759058594703674,34.8079032897949,3488
0.75901585817337,34.8079605102539,3489
0.768172740936279,34.7425956726074,3490
0.786267757415771,34.7604446411133,3491
0.769241511821747,34.7413902282715,3492
0.786415934562683,34.7603645324707,3493
0.758863687515259,34.7684516906738,3494
0.768613338470459,34.7425231933594,3495
0.693211853504181,34.8011703491211,3496
0.70601761341095,34.7746162414551,3497
0.697315752506256,34.8092384338379,3498
0.697334825992584,34.8092842102051,3499
0.692996561527252,34.8010139465332,3500
0.706035792827606,34.7745933532715,3501
0.726118683815002,34.6852607727051,3502
0.725061416625977,34.7051963806152,3503
0.724806368350983,34.6832084655762,3504
0.725131034851074,34.7049751281738,3505
0.726784646511078,34.6885566711426,3506
0.71390974521637,34.678466796875,3507
0.717901527881622,34.6859359741211,3508
0.725467026233673,34.7057838439941,3509
0.563778936862946,34.557861328125,3510
0.678913652896881,34.6550521850586,3511
0.70812201499939,34.641975402832,3512
0.694916605949402,34.6563873291016,3513
0.698396623134613,34.6510124206543,3514
0.581837296485901,34.5584983825684,3515
0.698941230773926,34.700309753418,3516
0.688859701156616,34.6823501586914,3517
0.688408315181732,34.7024345397949,3518
0.581826686859131,34.5584869384766,3519
0.563828110694885,34.5578308105469,3520
0.688251614570618,34.7025947570801,3521
0.563746750354767,34.5577659606934,3522
0.67774373292923,34.7531814575195,3523
0.680708467960358,34.7821044921875,3524
0.721148192882538,34.7966575622559,3525
0.711179435253143,34.7695617675781,3526
0.713827550411224,34.7649803161621,3527
0.719770610332489,34.7845993041992,3528
0.713074266910553,34.7648544311523,3529
0.721008837223053,34.7943840026855,3530
0.623378932476044,34.7581748962402,3531
0.641182243824005,34.7519340515137,3532
0.674232840538025,34.8060264587402,3533
0.723912000656128,34.7551536560059,3534
0.643390595912933,34.787109375,3535
0.625848233699799,34.7977027893066,3536
0.594452500343323,34.7953338623047,3537
0.643201410770416,34.7869682312012,3538
0.639802694320679,34.7911224365234,3539
0.629743993282318,34.6689567565918,3540
0.615181446075439,34.7561416625977,3541
0.523035526275635,34.7162895202637,3542
0.486614793539047,34.6794319152832,3543
-0.513805572198783,34.5760651123757,3544
-0.504093605816082,34.5676903355468,3545
-0.514151859139974,34.5769781631672,3546
-0.505046861573114,34.5671813408985,3547
-0.554164230058272,34.5942574930999,3548
-0.520445223375098,34.5776884490537,3549
-0.531832901366201,34.617151979935,3550
-0.539014896108308,34.5958915278929,3551
-0.538852513518142,34.595685836384,3552
-0.552541425823022,34.5939042219444,3553
-0.556116270543622,34.5919875743816,3554
-0.395067620607435,34.5356521978917,3555
-0.389775073793646,34.5437158369832,3556
-0.390513609081426,34.5442559048112,3557
-0.390172428269721,34.5405068129132,3558
-0.39125181445514,34.5347928012792,3559
-0.543838556163764,34.7342181649096,3560
-0.395334490324552,34.5239309177356,3561
-0.347405628235028,34.5704358435554,3562
-0.347263526820993,34.5707041870677,3563
-0.392664909559139,34.5395134081735,3564
-0.389702271784785,34.5443332043792,3565
-0.386617408940186,34.5391566045012,3566
-0.398869175985415,34.5301070598155,3567
-0.399760675869644,34.5258785099174,3568
-0.385722778341819,34.5398401812602,3569
-0.400202728736936,34.5232878475615,3570
-0.352378792151123,34.5703795919668,3571
-0.40313761730598,34.5306090051384,3572
-0.511593451391092,34.5935269616007,3573
-0.511487647628701,34.593308424514,3574
-0.511498971905106,34.595791894648,3575
-0.52455685361682,34.5903065296632,3576
-0.521835105221712,34.5909418989082,3577
-0.480887090817842,34.5988078696236,3578
-0.522176924298879,34.5906570875013,3579
-0.534136415459646,34.6005552991749,3580
-0.522221038601981,34.5935099896458,3581
-0.481315886259987,34.5995910191544,3582
-0.534185221876115,34.601361833167,3583
-0.511737377291971,34.5953456173228,3584
-0.49053356257458,34.6099326166346,3585
-0.490751842307856,34.6126595602607,3586
-0.537698601552953,34.6180764755645,3587
-0.543484848336797,34.6366298545028,3588
-0.537104767450654,34.6177366020663,3589
-0.535157006763427,34.6193080257503,3590
-0.537210806887548,34.6198344151857,3591
-0.541098052967083,34.6371462694639,3592
-0.538112442505458,34.6123127575236,3593
-0.670284727026563,34.620575009528,3594
-0.662629397178004,34.6139131493753,3595
-0.789146921632523,34.5916886830272,3596
-0.82542042870417,34.5696905684964,3597
-0.812122424605993,34.5621662370168,3598
-0.825483719661349,34.5715467625583,3599
-0.76023138407305,34.6052857199297,3600
0.137205951956282,34.8006636082717,3601
0.1225553,34.8574155,3602
0.110855271579391,34.8697432371088,3603
0.0387832336127758,34.8137531988323,3604
0.0472096865996718,34.8226213362068,3605
0.0462940474972129,34.8082004394382,3606
0.044435653835535,34.8193280864507,3607
0.0458251219242811,34.830111823976,3608
0.0481130043044686,34.8201855551451,3609
0.0138304335996509,34.8178744968027,3610
0.0378998648375273,34.8144881241023,3611
0.0398831907659769,34.8281360417605,3612
0.0435612536966801,34.8344058729708,3613
0.0442979391664267,34.8192083090544,3614
0.0484985299408436,34.8219895083457,3615
0.0361792696639895,34.8283447511494,3616
0.0486527569591999,34.8204246908426,3617
0.0136094447225332,34.8179112095386,3618
0.047146026045084,34.8221495188773,3619
0.0474960543215275,34.8218982294202,3620
0.0479937298223376,34.8217005841434,3621
0.0455840583890677,34.8191309440881,3622
0.0472286716103554,34.8220135644078,3623
0.0137285934761167,34.8174295853823,3624
0.0372715154662728,34.8126035369933,3625
0.0448298547416925,34.8186789080501,3626
0.043642264790833,34.833705900237,3627
0.0446717301383615,34.8172275815159,3628
0.0465224962681532,34.8310105316341,3629
0.173965911370512,34.8888017610964,3630
0.178601065384171,34.8935105886319,3631
0.155206399378368,34.915576106065,3632
0.154392602332362,34.9155597518039,3633
0.162140049499517,34.8934853846666,3634
0.154406661124969,34.9155534222612,3635
0.161494942253574,34.893112834431,3636
0.174876897464859,34.89038686925,3637
0.172840678107846,34.8893647699524,3638
0.173622931721883,34.8901071511842,3639
0.179838811980058,34.8927872832307,3640
0.193959,35.0539188,3641
0.163537200666962,35.0020185718522,3642
0.172729746038105,35.007853546,3643
0.166475322965527,35.0034967848475,3644
0.168796035876866,35.0043181897925,3645
0.172027912146569,35.0187925269303,3646
0.163855283719938,35.002524033205,3647
0.164294575200961,35.0193606435,3648
-0.0234866375103593,34.7530268970877,3649
-0.0236056605353951,34.7531117219478,3650
-0.0229933625087142,34.7573518753052,3651
0.216711406125428,35.0805275170952,3652
0.1837612,35.1026359,3653
0.213414404528212,35.0432377366785,3654
0.213258019260584,35.0491866234772,3655
0.190085090032337,35.0883282180942,3656
0.200709078926714,35.1142117010683,3657
0.184524755379969,35.1021956170001,3658
0.211569057674916,35.0489523379483,3659
0.176788705098956,35.0883398552996,3660
0.216742374194616,35.0774634729715,3661
0.214013119266691,35.0434591807727,3662
0.18565657500198,35.1025639304699,3663
0.185314868562046,35.1000295157434,3664
0.205513990482051,35.0359638929379,3665
0.190526526458677,35.087241212098,3666
0.17199702015481,35.0828552361585,3667
0.0214053506132538,34.8344105226682,3668
0.023244366787575,34.8642068537469,3669
0.0367129,34.8922443,3670
0.0308731326337898,34.8680932107672,3671
0.0304947972552011,34.8545477335675,3672
0.0242965330548045,34.8610660246358,3673
0.0235693,34.8370634,3674
0.0324106088632708,34.8667696442327,3675
0.020696674357073,34.8316546725155,3676
0.0127349388518318,34.8338711903214,3677
0.0628122,34.8877621,3678
0.02724352027748,34.8524895689385,3679
0.0158792995955562,34.8346034889922,3680
0.0223627357938667,34.8651317452227,3681
0.0289998780509906,34.9794892627086,3682
0.0442723688623009,34.9714858066494,3683
0.0395692884922028,34.9934006016702,3684
0.0431141629815102,34.9995809979737,3685
0.0590419583022594,34.9847810715437,3686
0.0266957535701536,34.9792146938513,3687
0.058393282815814,34.984134323895,3688
0.0298807570953553,34.9936723401085,3689
0.0442581639269067,34.9711374897205,3690
0.0309285102412105,34.9950033053756,3691
0.0380359,34.9743746,3692
0.0431134505197406,34.9995544273406,3693
0.0333499496241933,34.9917360079051,3694
0.0272221704402569,34.9906843051853,3695
0.0405998434871435,35.0011499226093,3696
0.126665890420219,34.8988712864715,3697
0.123230391353287,34.8832882766925,3698
0.144890690373772,34.9037202196,3699
0.2884245,34.7633917,3700
0.144949314810299,34.9018924695254,3701
0.124599115555696,34.8777551107207,3702
0.1575317,34.9056892,3703
0.122482035606429,34.9068747252078,3704
0.152264,34.8970709,3705
0.127496441021197,34.8802513816024,3706
0.148963898857133,34.9050215108514,3707
0.124974768546377,34.8861330688128,3708
0.12298827716075,34.9071113060134,3709
0.128057593607804,34.8816921496645,3710
0.12401955296946,34.8783576490991,3711
0.13789251446804,34.9001390077446,3712
0.123966021562381,34.9311481957547,3713
0.3937379,34.8644457,3714
0.135502879907468,34.9016740586639,3715
0.140799586496271,34.9052014975354,3716
0.123010917511359,34.9260960183009,3717
0.130759754658519,34.9014320123808,3718
0.123997123203028,34.8988948755943,3719
0.127763937472814,34.920356958755,3720
0.140931960680639,34.8967845013271,3721
0.138770285871147,34.916237457961,3722
0.133198300560377,34.8930861194317,3723
0.125206075764088,34.9309931224674,3724
0.122939566777315,34.9307016036025,3725
0.139998232787311,34.9038348743439,3726
0.15043185175287,34.9078785654372,3727
0.129023380767969,34.8975743637904,3728
0.142928954305577,34.9015432816159,3729
0.12535964114695,34.9202954438749,3730
0.134644464341653,34.9178378971696,3731
0.140267048350307,34.8945981268173,3732
0.1939486,35.0548188,3733
0.125242123134211,34.9309144926963,3734
0.1853142,34.9463557,3735
0.131734600647967,34.8998574725198,3736
0.0370810786262155,34.8228594660759,3737
0.0367302121594548,34.8228078335524,3738
0.0848269545556106,34.8403696229495,3739
0.0915677406200244,34.8425002956624,3740
0.0902385604715255,34.8435778094527,3741
0.0906184854936063,34.8443915258352,3742
0.1096211,34.8374084,3743
0.0823211187739076,34.8424162750722,3744
0.0824539640791433,34.8670398434424,3745
0.083403008937777,34.8687328232487,3746
0.0973686,34.8487923,3747
0.0700149,34.8687968,3748
0.0841881918824432,34.8490252306364,3749
0.0823867309817387,34.8669793875813,3750
0.0916060911272691,34.8425323411089,3751
0.0800301405972559,34.8492609080151,3752
0.151898629153484,34.899671003454,3753
0.161506059123311,34.8885526845655,3754
0.0952002845383622,34.4077278475372,3755
0.043007078510056,34.2958472930637,3756
0.0139535826781936,34.283935015075,3757
0.0445335599412546,34.3020379767222,3758
0.0339921686179793,34.2879767217031,3759
0.0429152497826404,34.2761424906582,3760
0.0463779230301508,34.3016123500767,3761
0.0453030135593711,34.3032644674089,3762
0.0083220888349227,34.2787851586147,3763
0.0353632361216862,34.2808587752324,3764
0.0327686929086493,34.2862782340071,3765
0.033968393564782,34.3322976731639,3766
0.0126320971747384,34.280091183894,3767
0.0159215650530789,34.2864189900633,3768
0.0118727933894604,34.2802398176936,3769
0.0122720383747882,34.2876915108705,3770
0.0409725949022933,34.281332581762,3771
0.0399505588809244,34.2969100732162,3772
0.0170498501352313,34.2819204527274,3773
0.0015817168122649,34.2434842176789,3774
-0.0572416,34.109051,3775
0.0298584041313343,34.3373513623628,3776
0.0326440181943358,34.3339552144675,3777
0.0395590634038901,34.2780812405398,3778
0.0367151,34.3443949,3779
0.0236155693873522,34.2915162126254,3780
0.0417154469619764,34.296453575213,3781
0.0372350345552166,34.2801733202948,3782
-0.0864906,34.2353861,3783
-0.0332955192885546,34.3888799690807,3784
0.0188443842496047,34.3890105825153,3785
0.0188111058031621,34.389024066325,3786
-0.0128900000489231,34.4006242542377,3787
0.0188253621661296,34.3890440352239,3788
-0.0064605570016942,34.4107396871166,3789
-0.0313132183313123,34.3856734719237,3790
-0.0272799135575859,34.3878612023488,3791
-0.0297387744891298,34.371700066712,3792
-0.0381216029987805,34.4019584955401,3793
-0.0380338975828392,34.4020370550314,3794
-0.0246071454131148,34.4294203702073,3795
-0.0287520901997161,34.3731753554845,3796
-0.0233057152821982,34.4258548729024,3797
-0.0235399330272254,34.4283840525329,3798
-0.0131971200852221,34.4000721033452,3799
0.135345300051236,34.3225460923486,3800
0.128879831917526,34.3467070113595,3801
0.126034570800119,34.3317180802157,3802
0.133239466705875,34.3293503161259,3803
0.107684584483151,34.3085286161102,3804
0.12872874074924,34.346272690187,3805
0.102974379655352,34.299549172477,3806
0.109164713385677,34.3056909734432,3807
0.12562268396735,34.3244043608269,3808
0.126379490836471,34.3315547484444,3809
0.13275144547928,34.3259551202716,3810
0.1414796,34.3187169,3811
0.1336668272546,34.3244087214259,3812
0.100540286504076,34.3154584581091,3813
0.0980937511915821,34.3167086722497,3814
0.129388355775222,34.3344048357419,3815
0.103129289852109,34.2998611621561,3816
0.107485642654495,34.3079416672909,3817
0.132339013126219,34.3391232927552,3818
0.131279998771667,34.33889035298,3819
0.139924771389365,34.3319660692753,3820
0.142687375142957,34.3163565272186,3821
0.100229244341537,34.3194405896796,3822
0.103332725880752,34.3004715048807,3823
0.1105414,34.1800299,3824
0.0253098782872157,34.3721239548603,3825
0.0251680361463542,34.374704361087,3826
0.0350362924507548,34.3860174419846,3827
0.0354623821963911,34.3998452906567,3828
0.0455999209396471,34.3769957806751,3829
0.0228720352826632,34.3761209273162,3830
0.0475262440030121,34.4488711512926,3831
0.0172536983029825,34.3714641749771,3832
0.0410509678105401,34.411295169434,3833
0.0318200932815671,34.3927089124918,3834
0.0277701962904516,34.4006179437857,3835
0.0633344598359771,34.4242723348067,3836
0.0223088373026209,34.3763634985068,3837
0.0592503819430252,34.4263548215625,3838
0.0376525246676198,34.3891279100138,3839
0.027699735503021,34.4007270570149,3840
0.0238350687296334,34.3771664196307,3841
0.018535205991307,34.3719266519768,3842
0.0355279050879175,34.3837695287497,3843
0.0371832385057688,34.3990305188105,3844
0.0314669637009501,34.3931530695409,3845
0.0162675123193965,34.3675188887112,3846
0.0238485370094438,34.3771198364531,3847
0.0274978203574577,34.400593951424,3848
0.085049356270675,34.4047586725926,3849
0.0697643893742542,34.3924636241315,3850
0.0870311254965091,34.4086195649632,3851
0.0790867791657337,34.4104440017866,3852
0.0532993,34.4102907,3853
0.0807980166429807,34.4140600416054,3854
0.0600643219737824,34.3800131766817,3855
0.0771189937829147,34.4038761334478,3856
0.0753103823642651,34.4041458937558,3857
0.0759827482038742,34.3981740796871,3858
0.0550980921753234,34.3851893000838,3859
0.0797403345010067,34.4116669955165,3860
0.0589646780586402,34.3823589005963,3861
0.0783796603231779,34.4091770796523,3862
0.0787572448843992,34.41545714238,3863
0.0623159782254722,34.3850958353358,3864
0.0754841849488773,34.4001275483628,3865
0.0794122690218247,34.4086843638353,3866
0.0763250280175678,34.3996796539539,3867
0.0780854847800126,34.4188916275682,3868
0.0746067110627324,34.4032516174988,3869
0.0801775933527771,34.4161805415115,3870
0.0796991981515767,34.4039690180969,3871
0.0793947564662811,34.4038166795821,3872
0.0808259777271972,34.4115617827627,3873
0.0854930521497342,34.4073504675915,3874
0.0917992646624432,34.3380984895643,3875
0.0966764524507835,34.3493454043001,3876
0.0919164750962291,34.3376807345519,3877
-0.0105911692563555,34.3381212338752,3878
-0.0244810766531427,34.3457805522566,3879
-0.089344,34.2784501,3880
-0.0237305211386158,34.3447619909381,3881
0.0121537,34.3423131,3882
-0.0090471925862234,34.3447181914148,3883
-0.018894,34.3440479,3884
-0.0206631042830375,34.2997989000155,3885
-0.0247932399043215,34.3462804924888,3886
-0.0188306,34.3440306,3887
0.0016207651789358,34.346903737523,3888
-0.0076978454280758,34.3444208356268,3889
-0.0080402713421935,34.3437839765247,3890
-0.0250747521639075,34.3433375702293,3891
-0.0152387952256851,34.3288037069265,3892
-0.024319902575353,34.3454435252631,3893
-0.008274651203725,34.339001719011,3894
-0.0036817257287713,34.3233478785817,3895
-0.025069532058756,34.3421227373178,3896
0.19181548198115,34.1436964878359,3897
0.184990017322197,34.1186856012372,3898
0.185110546220879,34.1181145040226,3899
0.190524203378734,34.1501965819823,3900
0.198479173195681,34.1546100612837,3901
0.197277990390443,34.1556016554085,3902
0.181195725666009,34.1363607009092,3903
-0.0316712796173579,34.4720563494774,3904
-0.044602956372994,34.4656174773154,3905
-0.0232357184875745,34.4419332379021,3906
-0.0299095643471469,34.4532935596643,3907
-0.0251288,34.4293567,3908
-0.0180927871460143,34.4859279085114,3909
-0.0430362556654984,34.4638053849051,3910
-0.0170350016377634,34.4361011483649,3911
-0.0173353857900205,34.4863495064956,3912
-0.044221088589083,34.465315731057,3913
-0.0192300412833086,34.4344941200407,3914
-0.0051417190917181,34.4673166179037,3915
-0.0314639998392936,34.4722058107365,3916
-0.0179547541031818,34.4857501556858,3917
-0.0172306940736971,34.4863446580543,3918
-0.0221605046206296,34.4597286803871,3919
-0.0204233357203078,34.4494183090102,3920
-0.0264346802663965,34.4410994991924,3921
-0.0072207712016633,34.4624300266452,3922
-0.0195206854558845,34.4502922918971,3923
-0.0308381257760811,34.4730432489337,3924
-0.0166062515960394,34.4859205098367,3925
-0.0202643783648046,34.4493512114154,3926
0.18424783682194,34.1922616199969,3927
0.181530418859771,34.1940775266044,3928
0.184527541640382,34.1914788058123,3929
0.182861443574555,34.1944698250418,3930
0.17307511862736,34.1900836153806,3931
0.218824857806711,34.2307877335261,3932
0.192921113056998,34.2045819882982,3933
0.225677082376281,34.2245973537434,3934
0.221531383498594,34.2271788052862,3935
0.172431540981824,34.2184344542716,3936
0.212478720722633,34.2195093105481,3937
0.200073035045144,34.2072807314648,3938
0.214853247579836,34.2268161835351,3939
0.109104470358546,34.1739766447523,3940
0.163832017573569,34.2190281435738,3941
0.218147006759637,34.2296231192084,3942
0.163700433754549,34.2189822916145,3943
0.207410527222951,34.2097059261053,3944
0.219548650057924,34.2288857461567,3945
0.220415130892612,34.2168058565015,3946
0.218295129908228,34.216157758279,3947
0.214698208730897,34.2280565874444,3948
0.16858630423657,34.2142726885043,3949
0.167028352804668,34.2162394062642,3950
0.225306670611192,34.2254159164917,3951
0.2074623102381,34.2097963797075,3952
0.166565947885945,34.2198495059721,3953
0.212358267156052,34.2218082321106,3954
0.22024484762887,34.2295107952122,3955
0.134320714765602,34.1362525175733,3956
0.1132305,34.1203319,3957
0.126871003245084,34.1369610703635,3958
0.106150586204316,34.1353311037549,3959
0.129753855085477,34.1293039969788,3960
0.118674616912806,34.145309554429,3961
0.1155039,34.1307205,3962
0.111732316345853,34.1744901067772,3963
0.143460147348698,34.1547285897307,3964
0.0974831,34.1321569,3965
0.0801191724726097,34.1490659385858,3966
0.118374899083701,34.1468478192582,3967
0.0768073842198323,34.1462636747961,3968
0.1107338,34.1298385,3969
0.106911263024454,34.1441900587044,3970
0.240391872874073,34.1814393792814,3971
0.196501858653074,34.1582215316056,3972
0.238716379049891,34.1649141641823,3973
0.203529992164048,34.1715085302846,3974
0.201633,34.1904722,3975
0.239246216171695,34.1638290478827,3976
0.2784395,34.1664393,3977
0.240661221025633,34.1517709467983,3978
0.286449767352081,34.1632328674102,3979
0.202003851295491,34.1888488531526,3980
0.193711702998993,34.1587790674568,3981
0.196444700828162,34.155941330445,3982
0.194136840450657,34.1600348525662,3983
0.240580188541839,34.1817136051444,3984
0.20633019143207,34.1689700553282,3985
0.240485740752071,34.1797193551002,3986
0.198434048229653,34.1865435886371,3987
0.264615828127833,34.1462210938204,3988
0.256213963030874,34.1578513840416,3989
0.259428701586795,34.1498193030094,3990
0.25406599977742,34.1994415359893,3991
0.255838630151595,34.1565255558782,3992
0.244881815807828,34.1828006315591,3993
0.194493145438344,34.1598528130737,3994
0.205210535254535,34.1676302728642,3995
0.26317930522734,34.1727945214215,3996
0.264091857695844,34.1737969628337,3997
-0.330060992470069,35.0880992164998,3998
-0.365228892685637,35.0627059293074,3999
-0.345376739278436,35.0769838504493,4000
-0.345330722630024,35.0706079043448,4001
-0.33578981179744,35.0796907860786,4002
-0.373801868408918,35.0748918950558,4003
-0.390824368273677,35.0562525107983,4004
-0.373833300545812,35.0747518334538,4005
-0.336140762083232,35.0797503814101,4006
-0.323101410693305,35.0624652463224,4007
-0.345209394581616,35.0702598877251,4008
-0.367232006974518,35.0543571542948,4009
-0.334269586019218,35.0783375278115,4010
-0.345251513645053,35.0766036473215,4011
-0.353953060694039,35.0596097577363,4012
-0.322746772331337,35.0629523204911,4013
-0.353842210024595,35.0595342367887,4014
-0.34218960441649,35.073660928756,4015
-0.323941237293184,35.0634210091084,4016
-0.449633630192252,35.0642836588658,4017
-0.462199473488711,35.0589036465637,4018
-0.488925063675253,35.0632909667126,4019
-0.480437533142205,35.0474500360925,4020
-0.468567409635137,35.0453885161705,4021
-0.487415657206586,35.0632319907484,4022
-0.480789931222623,35.0477194619122,4023
-0.462769613664456,35.0714956571373,4024
-0.470645003073675,35.0500723535109,4025
-0.448105270691184,35.062096742187,4026
-0.447493199240647,35.0837709800179,4027
-0.460819602012634,35.1286097522825,4028
-0.453368173912168,35.128127373755,4029
-0.442604720592499,35.1791776064783,4030
-0.443531759083271,35.1792406383902,4031
-0.456891926005483,35.1328857801855,4032
-0.457421620376408,35.1326669286937,4033
-0.458282232370379,35.1285946006071,4034
-0.459310212640116,35.1361957729157,4035
-0.458340654149652,35.1271182764322,4036
-0.412831798190986,35.0642529799751,4037
-0.406532362103462,35.0779207795858,4038
-0.406467821449041,35.0791075732559,4039
-0.412087049335241,35.0642430223525,4040
-0.446001864038408,35.098427105695,4041
-0.458498654099313,35.0855164875096,4042
-0.457797611030971,35.0898775246001,4043
-0.458840611257269,35.0931718507567,4044
-0.466203249062351,35.0892912119045,4045
-0.462748111899237,35.0923344173925,4046
-0.353409217861263,35.0317070825067,4047
-0.426638284698129,35.0552048161626,4048
-0.419979578556953,35.0559299462892,4049
-0.431251367604599,35.0643434072906,4050
-0.426591010764241,35.0556893739849,4051
-0.430876554394617,35.0544207851579,4052
-0.408561262757965,35.0450570209266,4053
-0.432292976981809,35.064357484179,4054
-0.43224822726436,35.0644022678467,4055
-0.414182117072956,35.0545177458824,4056
-0.429350907674204,35.0517432898186,4057
-0.431628245647952,35.0501892409728,4058
-0.44353853809096,35.0554242369073,4059
-0.432858752510567,35.0645287303515,4060
-0.441939627234535,35.0570815846147,4061
-0.424822303466499,35.058863600716,4062
0.245371249444193,34.1717249798726,4063
0.24522634905276,34.1715448578119,4064
0.2025159,34.1957768,4065
0.271345,34.1627557,4066
0.2375337,34.1717942,4067
0.2765806,34.1978619,4068
0.241473755020501,34.1680696806673,4069
0.241400738662505,34.1675895629811,4070
0.218906507044806,34.1574971348158,4071
0.236695330198525,34.1666203971285,4072
0.253166801018933,34.147876014246,4073
0.233871555131516,34.1599175839266,4074
0.218537957626244,34.1496100047187,4075
0.243708729526724,34.1695672019331,4076
0.252925150238474,34.1456689070627,4077
0.2010564,34.1975144,4078
0.234045142078002,34.2671222847466,4079
0.234429795543721,34.2667173115068,4080
0.325052090920508,34.2244981136173,4081
0.325102801434696,34.2244277056307,4082
0.358809409663081,34.1741210315377,4083
0.304513578303158,34.1983715537935,4084
0.270930184051395,34.1878021415323,4085
0.2865938,34.1741532,4086
0.285800769925117,34.1897303145379,4087
0.287552597797115,34.2027008556899,4088
0.298694792513658,34.1979102767082,4089
0.304662315174937,34.1983732301742,4090
0.286225941963494,34.1899345815182,4091
0.299343414827515,34.1970575090187,4092
0.287438265966444,34.2025725450288,4093
0.304509387351573,34.1982876509428,4094
0.273168335537461,34.2015091399552,4095
0.273232102405633,34.20191603059,4096
0.294580310583115,34.1959858965129,4097
0.3002147,34.2079745,4098
0.277626508228188,34.1985374487283,4099
0.3234533,34.2810643,4100
0.312656260630053,34.2875559178745,4101
0.326777751832773,34.2879982024818,4102
0.308390892304776,34.252983698405,4103
0.314253291704769,34.2743937765082,4104
0.317606092551565,34.2728479584439,4105
0.314272082892182,34.2567340399935,4106
0.336823796155764,34.2958186701174,4107
0.313269996002478,34.3067319675568,4108
0.318813434363899,34.3032887051457,4109
0.309640275199011,34.3061456455225,4110
0.315819874601603,34.2741508018176,4111
0.315763616860688,34.2743077893802,4112
0.326267554359902,34.2991190316682,4113
0.337046954884925,34.2960421904451,4114
0.327532429877595,34.2976351660506,4115
0.317338220625085,34.272735205997,4116
0.332047002298954,34.2936412271234,4117
0.2572976,34.0927504,4118
0.157020595773443,34.0129941453999,4119
0.268750506863642,34.0879231607752,4120
0.238615517994393,34.1010989616318,4121
0.262022648613519,34.0776545345287,4122
0.248195690027831,34.097171202993,4123
0.268480394775493,34.0880949363723,4124
0.269523703112584,34.0880114459109,4125
0.302132821143745,34.0557715363353,4126
0.157591405866251,34.0125113490183,4127
0.248755837098307,34.0942540177185,4128
0.30212407455669,34.056249450967,4129
0.238655295655895,34.1011576380099,4130
0.2122589,34.1026662,4131
0.369599936529994,34.1867954749614,4132
0.372549160708965,34.1838812036111,4133
0.377107772570448,34.17927544881,4134
0.372877656370522,34.1838692606131,4135
0.374864856070833,34.1834186440638,4136
0.351485957372478,34.3834143695819,4137
0.42952,34.1511022,4138
0.283142040399205,34.2493132078627,4139
0.293029101914226,34.2533034510767,4140
0.282518028004744,34.2498554138773,4141
0.294890343307669,34.2477809161436,4142
0.273436564650057,34.3282417560447,4143
0.2876746093283,34.3699854621668,4144
0.420549644639382,34.2692420526776,4145
0.423953336045039,34.2726191601143,4146
0.337125284524991,34.1003496957232,4147
0.337187116507317,34.1005619307833,4148
0.336299478109274,34.1495119112775,4149
0.337045175530819,34.1255807662781,4150
0.33557698020396,34.1485762756809,4151
0.337671965161069,34.1261045616928,4152
0.31579924434926,34.3764117678726,4153
0.4000148,34.1207043,4154
0.2865898,34.1744148,4155
0.4972617,34.253602,4156
0.2984728,34.2656025,4157
0.2746897,34.1004725,4158
0.2807196,34.1192553,4159
0.280965,34.1224187,4160
0.2572044,34.0929375,4161
0.2961244,34.1152692,4162
0.297534093260765,34.092603167519,4163
0.3306294,34.1242691,4164
0.325846066698432,34.2047338373959,4165
0.377042647451162,34.2033654917032,4166
0.369537742808461,34.1891144961119,4167
0.320597235113382,34.2125625349581,4168
0.325839654542506,34.2047092784196,4169
0.32571526709944,34.2051318101585,4170
0.147187587419314,34.1079446942379,4171
0.146410268798814,34.1083368324638,4172
0.191417567338312,34.0684687813773,4173
0.139174336807807,34.1081819171993,4174
0.125494141859279,34.0693641496045,4175
0.12640707545654,34.0698511531485,4176
0.1514125,34.1094875,4177
0.133046070585596,34.081798503285,4178
0.191736391383611,34.0698773904695,4179
0.180457664353621,34.0804513534594,4180
0.1440054,34.0682671,4181
0.132259321496236,34.0822561152678,4182
0.180546894197241,34.079839327569,4183
0.326760475201064,34.1339942055166,4184
0.309508777141636,34.1378505287023,4185
0.291546747379556,34.1266988118246,4186
0.307477633212579,34.136958643653,4187
0.2807159,34.1241578,4188
0.3308191,34.1336682,4189
0.324996278996633,34.1350385209868,4190
0.304581484285854,34.1370518492251,4191
0.325785675086081,34.1281238291413,4192
0.3286326,34.1322463,4193
0.29229362825769,34.1255838795973,4194
0.4089051,34.1401553,4195
0.281725231497201,34.2602828498975,4196
0.280875204234194,34.1803678081782,4197
0.274092780775651,34.1431384555702,4198
0.279245217231014,34.1802541113517,4199
0.279759944426342,34.1806515263924,4200
0.2974157,34.1882612,4201
0.274065727237751,34.1407918603614,4202
0.281117908068827,34.1409646979673,4203
0.2831679,34.090223,4204
0.2928585,34.1806877,4205
0.2916028,34.1818705,4206
0.377554314311768,34.2592143945465,4207
0.3169615,34.1989045,4208
0.379233411194246,34.2601522152259,4209
0.380509268543502,34.2572442978586,4210
0.327184815317516,34.3359318362844,4211
0.330056912407001,34.3453583701544,4212
0.329716055786774,34.3459606279367,4213
0.324345251351768,34.3451094384407,4214
0.292480870044873,34.3527951498919,4215
0.320673094384305,34.3478739439336,4216
0.295689327344145,34.3511917168518,4217
0.319711574851556,34.3350792357804,4218
0.22137797250437,34.2776921258828,4219
0.221327258872908,34.2777798312858,4220
0.4360874,34.1855631,4221
0.448987,34.1691267,4222
0.4449862,34.1943906,4223
0.4525208,34.1852427,4224
0.336144156754017,34.20743775554,4225
0.3210401,34.2784501,4226
0.3817572,34.1890249,4227
0.3745069,34.1868897,4228
0.3923425,34.3398844,4229
0.408987372523503,34.3522802818602,4230
0.4306195,34.1768727,4231
0.4223546,34.1755765,4232
0.362619319930673,34.2074269428849,4233
0.3623614506796,34.2075186409056,4234
0.283065161494244,34.2494713489163,4235
0.4506287,34.1539069,4236
0.313970834597037,34.3849453963389,4237
0.4313627,34.1032935,4238
0.2745541,34.2228798,4239
0.2807711,34.1192002,4240
0.177934883518554,34.5001921331443,4241
0.177745812183605,34.5001067450341,4242
0.177742707239682,34.5001472302364,4243
0.19287832538327,34.5414015331468,4244
0.178682929968667,34.5464953518303,4245
0.196461653385839,34.5460475401071,4246
0.192804505650852,34.5414686760213,4247
0.265569412149489,34.4430098030716,4248
0.265992279164493,34.442336987704,4249
0.250565344467759,34.4279335252941,4250
0.26156147941947,34.4556263275445,4251
0.254280120134354,34.4394573010504,4252
0.241117347031832,34.4443079084158,4253
0.269928839989007,34.4552850164473,4254
0.254681529477239,34.4393037445843,4255
0.250556501559913,34.4279766920954,4256
0.241288086399436,34.4433292374015,4257
0.26093702763319,34.4393745716661,4258
0.26226170361042,34.4240526203066,4259
0.283535518683493,34.4694270472974,4260
0.280859282858715,34.4676598296373,4261
0.274221044965088,34.4815385621041,4262
0.302378162741661,34.4751512166113,4263
0.281757504541174,34.4732077641417,4264
0.304309507202789,34.4720370228606,4265
0.262934917262445,34.4803419042828,4266
0.280950421457768,34.467069573894,4267
0.257329899628065,34.4753769625913,4268
0.288619574030258,34.4847001436591,4269
0.284507589276975,34.4676008986907,4270
0.275641195908465,34.4642399439442,4271
0.288330633023561,34.4786142889683,4272
0.257130084806501,34.4752733553473,4273
0.2891019,34.5028772,4274
0.304158454866757,34.4761692474091,4275
0.30244140420109,34.4745556823909,4276
0.266139884479344,34.4682009425014,4277
0.302504184655845,34.4797838944942,4278
0.285191371366836,34.4693334804113,4279
0.2983607,34.5014234,4280
0.275494203399029,34.4617934337247,4281
0.28788135145908,34.4854899254721,4282
0.275048118978268,34.4628428788181,4283
0.28352219145745,34.4695889856666,4284
0.26541015598923,34.4694829545915,4285
0.262917869583025,34.4802097401369,4286
0.263067367011872,34.4803197659166,4287
0.25709094947506,34.4752708984175,4288
0.298818703740835,34.4276898633689,4289
0.233390334916964,34.5580775570982,4290
0.228313913170756,34.5423107746341,4291
0.219380487711581,34.5468244411368,4292
0.233542326833152,34.5578147461814,4293
0.234847183722231,34.5689428364029,4294
0.225167727143911,34.5639008077807,4295
0.233449329663807,34.5584803025851,4296
0.235642161961166,34.56850087946,4297
0.219221687666624,34.5473217473442,4298
0.223105399381264,34.5650348414576,4299
0.197737100534141,34.402921423316,4300
0.210493602789939,34.4143301993608,4301
0.317724674296792,34.486218025007,4302
0.32604976443307,34.4866639739631,4303
0.314575989653735,34.4871843478846,4304
0.314145580609593,34.4883766953035,4305
0.325973991478587,34.4863981735772,4306
0.169436608707068,34.460411722266,4307
0.1704179,34.4799482,4308
0.157754437750481,34.4594939554399,4309
0.1704172,34.4802946,4310
0.15327991980508,34.4353445224663,4311
0.156853847459957,34.455054134593,4312
0.163661529016325,34.4752950284906,4313
0.16924139158675,34.4615273621453,4314
0.152545139310811,34.4359314395534,4315
0.15827956058223,34.444444218693,4316
0.155785589870452,34.4616067624882,4317
0.156343980985578,34.4550564192895,4318
0.15417179077144,34.446140843508,4319
0.208961146490534,34.4798673005962,4320
0.205857958022506,34.4839841234968,4321
0.206153986917263,34.4844752768763,4322
0.205457616022009,34.4728254368881,4323
0.2030988,34.4980058,4324
0.205078116960698,34.467897800629,4325
0.215357018824032,34.4816659059498,4326
0.20572113128987,34.468352478772,4327
0.208428265543858,34.468173869333,4328
0.206035724406116,34.4841657223057,4329
0.208157346389793,34.4678566435998,4330
0.205668689736605,34.4729445367349,4331
0.1990458,34.4854166,4332
0.209348822346059,34.4793462945264,4333
0.208449238364813,34.4681899889751,4334
0.190136336301961,34.5626111948089,4335
0.192823135047012,34.5415751690505,4336
0.266261169621537,34.5172807379984,4337
0.205757181265584,34.5267938178394,4338
0.268381718462476,34.5225020828012,4339
0.192882166017438,34.5414704981473,4340
0.220896124871207,34.5066328495226,4341
0.192241853480055,34.5400476196848,4342
0.251680295431282,34.5317683281567,4343
0.192578182710127,34.5407370531643,4344
0.26460363474999,34.5178632445556,4345
0.1820001,34.5962671,4346
0.191587596503735,34.5414826517183,4347
0.1671045,34.5665097,4348
0.199642434850461,34.5495202281156,4349
0.215725581288683,34.5795733241801,4350
0.199538819612668,34.5496813066657,4351
0.215927442583505,34.5846497828463,4352
0.199244263450169,34.5498845980854,4353
0.219034750597473,34.5793051581343,4354
0.192753747953886,34.5415361499063,4355
0.198605603203494,34.5399503593812,4356
0.355164905920766,34.4286049741574,4357
0.0501128,34.3814653,4358
0.354435844814317,34.4281966460286,4359
0.352077473319665,34.4340316554425,4360
0.355050096273631,34.4262934614896,4361
0.358551471725025,34.6127854904678,4362
0.356634579334284,34.5869267358062,4363
0.358955373587974,34.595005148315,4364
0.566834791859909,34.5640378033319,4365
0.359431061680481,34.6130030389204,4366
0.566812978475593,34.5653535729134,4367
0.359001275903999,34.6130187999893,4368
0.355667206022677,34.6260575004896,4369
0.358986354851925,34.5959206154322,4370
0.356869047980805,34.5947084861529,4371
0.427122657522152,34.4273025444455,4372
0.427045389058843,34.4282098197966,4373
0.429328542902325,34.4263556068307,4374
0.27795965336625,34.5512261295598,4375
0.271292032685109,34.5395303203569,4376
0.276802340098828,34.5497639065041,4377
0.289742572574006,34.5347965880851,4378
0.2881697,34.5045403,4379
0.234226,34.5226555,4380
0.277454255665006,34.5377120594889,4381
0.283471083518944,34.5361026313791,4382
0.2463789,34.5595121,4383
0.280788237478751,34.5293802600442,4384
0.272137420637585,34.5398433478839,4385
0.2215268,34.6211724,4386
0.27826779973761,34.5494945709007,4387
0.2879274,34.5045403,4388
0.278871308022649,34.5544373721863,4389
0.180718263861992,34.5376400403782,4390
0.248154815846914,34.5015143908006,4391
0.255895985002972,34.4948449876034,4392
0.248095313799835,34.5014752562056,4393
0.255642415170813,34.4938818112407,4394
0.271125653037747,34.5076828589805,4395
0.235465763984917,34.5004514544955,4396
0.257365737369707,34.4943587530917,4397
0.271537048269091,34.5081766847655,4398
0.278340258330262,34.4942268759141,4399
0.27822616459228,34.4903008984642,4400
0.278288243473285,34.4919451426733,4401
0.271711915652571,34.5078014334438,4402
0.259150159503348,34.4862843372208,4403
0.258839555858438,34.486092729822,4404
0.230562194284582,34.5243507649446,4405
0.230512776238169,34.5243837218516,4406
0.227950729485123,34.5067989687226,4407
0.284630406820486,34.7235355065571,4408
0.220200441403367,34.5004325709156,4409
0.227935577769312,34.5069042138912,4410
0.197519957339757,34.5430752645551,4411
0.22887250428647,34.4193179556122,4412
0.207263117827901,34.4296656785904,4413
0.198471315658023,34.4281726386122,4414
0.207684779715347,34.4335820121108,4415
0.229192750588856,34.4238516004872,4416
0.23080368820459,34.430141652012,4417
0.210336894094378,34.4403276708919,4418
0.223699195575581,34.4149255208557,4419
0.236410196636038,34.4393430920258,4420
0.199348054737906,34.4518852057918,4421
0.239820837845531,34.4368546690026,4422
0.199990848635311,34.4473013319703,4423
0.198464796589509,34.4280098297445,4424
0.20053180425411,34.4281463554085,4425
0.229194385951349,34.4216020909659,4426
0.257236798824677,34.4469582933772,4427
0.229278697189422,34.419677807977,4428
0.207227651168739,34.4296629891389,4429
0.236043023688505,34.4373511387824,4430
0.219631397585555,34.4446122330254,4431
0.198781236430031,34.451448015418,4432
0.226955110046838,34.4217995647313,4433
0.228634302078868,34.4261316510467,4434
0.224432151981344,34.4174909641722,4435
0.168684384098067,34.3709402882409,4436
0.170762124471366,34.408759502694,4437
-0.222388780675829,34.0724684111774,4438
0.164038949481596,34.4208268006554,4439
0.163940915241714,34.4211645470845,4440
0.17075864598155,34.4091659411788,4441
0.17050572410022,34.419319794469,4442
0.165715160676103,34.4044127753797,4443
0.176411796529582,34.3929038382722,4444
0.168318336102886,34.4141860733968,4445
0.166638908344138,34.4159172917616,4446
0.169209260907157,34.368757737013,4447
0.175542548562807,34.3935251713381,4448
0.17706337762478,34.3934023920593,4449
0.164281901223103,34.4017495406042,4450
0.164903533423986,34.4037743586685,4451
0.168945547477125,34.3702063946125,4452
0.165107915350982,34.4006757303238,4453
0.176446729437189,34.3930118893239,4454
0.164322978739022,34.4018362021042,4455
0.163358237374954,34.4006787660959,4456
0.199590806635425,34.5443594192259,4457
0.192624216464629,34.5415452516233,4458
0.233721029944718,34.4661547522992,4459
0.192829643966198,34.5413778489585,4460
0.209406410683107,34.5573618501061,4461
0.17295060660049,34.5061210510598,4462
0.184685417794535,34.5072036292234,4463
0.173302100094678,34.5044623027701,4464
0.192806485438752,34.541413792376,4465
0.192764083052807,34.5414370923684,4466
0.20777678080714,34.4964413541686,4467
0.223904438316822,34.4465405959636,4468
1.05854549806059,35.1581823094964,4469
1.06199434837967,35.1656285134245,4470
1.06199980944367,35.1656805675701,4471
1.06177317201599,35.1979740786656,4472
1.04021158009638,35.2007874197194,4473
1.06153249418935,35.1981708533303,4474
1.04753022895463,35.1977438092467,4475
1.06207014192572,35.1656241124033,4476
1.0620047966211,35.1657682013438,4477
1.04399980229763,35.2022232586508,4478
1.05448867857265,35.1546070229222,4479
1.04233768661833,35.2017019381159,4480
1.04008209053522,35.2011978855303,4481
1.05982674853984,35.1990615830683,4482
1.05525788114899,35.2003691763276,4483
1.05528516321603,35.2004241137066,4484
1.07352475984899,35.2051861862359,4485
1.04921403949296,35.1967222497862,4486
1.07263796543968,35.2040615954945,4487
1.04432212811671,35.2048633647105,4488
1.0432240966291,35.2090555604415,4489
1.04109381021747,35.2010814583837,4490
1.0443631537409,35.204394925338,4491
0.888933401860276,35.1076023040528,4492
0.880510604600493,35.1130135172103,4493
0.895279357311701,35.1094042868303,4494
0.887994131415559,35.1064351864532,4495
0.88940286218907,35.1094159889109,4496
1.0016373006334,35.1152434316933,4497
1.00512971408282,35.1179448966849,4498
0.991682678969226,35.1097536539546,4499
0.993622353964977,35.1120432406979,4500
0.993393965387001,35.1095642655723,4501
1.00059146252216,35.1154738605385,4502
0.997128418173461,35.1224567538856,4503
0.992589060347483,35.1114681422707,4504
1.01292228098496,35.1078683685341,4505
0.993665886801979,35.1107401144868,4506
0.986590872759382,35.1114203282215,4507
1.00165926892059,35.1152605751605,4508
0.999876715982119,35.1152287273503,4509
1.00633648030941,35.1082689540615,4510
0.954272853108059,35.0349175453362,4511
0.977429551954262,35.0813870825004,4512
0.987735347825236,35.0707505176816,4513
0.956113264867734,35.0319018072429,4514
0.987191784796486,35.0710663640327,4515
0.959732621010078,35.0691992298314,4516
0.954607151010549,35.033084704434,4517
0.978983021485607,35.0806673372774,4518
0.982060353694972,35.071719937229,4519
1.10490888978765,35.1040594854178,4520
0.981564195921967,34.9719355095371,4521
1.10419879359411,35.0540022339067,4522
1.10431713240871,35.1040377968886,4523
1.10076257321575,35.0828755677749,4524
1.09320627405608,35.0889476785562,4525
0.982159147604504,34.9740402455623,4526
1.10072474415027,35.0828594965853,4527
1.10233879990859,35.0798248231163,4528
1.0913578166864,35.0894902991408,4529
1.09971284200769,35.074816938124,4530
0.667528649792075,34.5587912946939,4531
0.604430670788818,34.6016907357174,4532
0.615695072730878,34.6067687142467,4533
0.604957426619464,34.6012373797511,4534
0.615495289358221,34.6040413625135,4535
0.615902692412054,34.6062025728244,4536
0.681597485162169,34.5276703532996,4537
0.66104526705131,34.5394041384006,4538
0.681586005731401,34.5277141433021,4539
0.677859932184219,34.5316366106272,4540
0.681680869704702,34.5246906083682,4541
0.677571552805603,34.5321090985089,4542
0.675409734249115,34.5353664737195,4543
0.683926077343924,34.5255343273826,4544
0.659225422762887,34.5400952835263,4545
0.622775810031008,34.4909349992498,4546
0.622698898715643,34.4907412901035,4547
0.66810140996658,34.5386930372404,4548
0.684348828111085,34.5530466732405,4549
0.668060029992006,34.5384674138903,4550
0.67838450746111,34.5429459703556,4551
0.678359225425309,34.5435876888172,4552
0.682324109015796,34.5473134377144,4553
0.671134784171437,34.5169701925291,4554
0.650257924669905,34.5240815124797,4555
0.644260151311755,34.5211248658597,4556
0.653893121314759,34.5196056573172,4557
0.650424611870815,34.5240362215356,4558
0.654378701280019,34.5205986082406,4559
0.655624270428935,34.5190022599068,4560
0.670820446045664,34.5163974237386,4561
0.67212285236685,34.5174477369104,4562
0.654344763868769,34.5202251530385,4563
0.654123343779553,34.5229327007017,4564
0.655492036519279,34.518159641558,4565
0.65379437267271,34.5223272109037,4566
0.661218333989382,34.4570842757821,4567
0.64429217018187,34.433470107615,4568
0.660834652371705,34.4576886110008,4569
0.6748606,34.4366353,4570
0.651021874509752,34.4515966437757,4571
0.651340470649302,34.4518022518605,4572
0.641160313971341,34.4342405721545,4573
0.664554358829936,34.4530854185674,4574
0.666984983637048,34.4409639236202,4575
0.6707111,34.4338626,4576
0.639497889205813,34.4363023526967,4577
0.660593840293586,34.4576583523303,4578
0.648435902355806,34.5422461769248,4579
0.662712972211859,34.5236216882844,4580
0.660352425727287,34.5456011176123,4581
0.661696689203382,34.5371576026082,4582
0.659872276698494,34.5471839176391,4583
0.658795053594554,34.5417633386026,4584
0.66065134925797,34.539733451083,4585
0.6379103,34.5215084,4586
0.65082267534382,34.5512207558735,4587
0.58578707638308,34.5077887806419,4588
0.713426994612924,34.587897813447,4589
0.723346299255172,34.5652802327954,4590
0.742355495822659,34.5954071231372,4591
0.723704976799185,34.564695516915,4592
0.719478891750095,34.5901094904185,4593
0.72383212438749,34.565459586475,4594
0.743558550714131,34.65250296456,4595
0.634063331745369,34.5895481184976,4596
0.638200872092807,34.6024338266356,4597
0.633698170979021,34.5893902702057,4598
0.64558581400691,34.5869085218363,4599
0.636741272634786,34.5986842083939,4600
0.635900260832824,34.6013577995464,4601
0.645455986638902,34.586269177126,4602
0.641206916002744,34.5961448041967,4603
0.649606908632984,34.4954145441431,4604
0.757100936025381,34.572343993932,4605
0.627699106212012,34.5645636259558,4606
0.627116651995461,34.5609252588172,4607
0.685869636945426,34.4837563298643,4608
0.639443173317529,34.4655607652554,4609
0.604208629273093,34.4799152542527,4610
0.604380302619992,34.4801671260903,4611
0.128027407443594,34.5405585388586,4612
0.11777785141021,34.5230216067284,4613
0.1075425,34.5390304,4614
0.116191115230322,34.5209715608507,4615
0.1080623,34.5387444,4616
0.0842923,34.5219197,4617
0.0930990558117628,34.515519971028,4618
0.0922623323276639,34.5157570112497,4619
0.0920480489730835,34.5161419082433,4620
0.110537772998214,34.5253133028746,4621
0.137831094239649,34.5082822712062,4622
0.12314505256283,34.5030577235889,4623
0.136635815873468,34.4939361875893,4624
0.135049037394645,34.495488609051,4625
0.129044290296083,34.5050392938183,4626
0.129287083378427,34.5035980980229,4627
0.134016685740892,34.5003211554737,4628
0.141754508885996,34.5100258541638,4629
0.132394798512626,34.5060266669614,4630
0.139538604427251,34.4980207319739,4631
0.13267061161718,34.5033284189654,4632
0.123905437844961,34.5023081019283,4633
0.137178729091688,34.5078424046883,4634
0.136911981341183,34.5011585061806,4635
0.13580784432427,34.5014144190758,4636
0.133717133519866,34.5006845346479,4637
0.129446527739622,34.4970813970209,4638
0.136538417793408,34.4990207203021,4639
0.139181581445228,34.4975497597912,4640
0.136756372298076,34.4987014014655,4641
0.134373921277937,34.4992695769638,4642
0.129629385175366,34.4971591444417,4643
0.130042921289582,34.5041647419197,4644
0.130120859576993,34.4955898772427,4645
0.12058894844241,34.5312790593665,4646
0.182148646563292,34.5805772859603,4647
0.172973521985114,34.5905447099358,4648
0.1065287,34.5745741,4649
0.166660817340016,34.5869902800769,4650
0.169904571957886,34.5871561579406,4651
0.1816883,34.5960422,4652
0.1664414,34.5661231,4653
0.092499959282577,34.5158814825118,4654
0.181351066567004,34.5816755667329,4655
0.0842243,34.5219076,4656
0.0766942,34.5329155,4657
0.169166293926537,34.5765214506537,4658
0.092347115278244,34.5156796462834,4659
0.169812077656388,34.5871974807233,4660
0.182517827488482,34.5751965232193,4661
0.181747195310891,34.5806803833693,4662
0.169615773484111,34.5758534129709,4663
0.167724564671516,34.5740870945156,4664
0.167545191943646,34.5740689057857,4665
0.173097867518663,34.5904403552413,4666
0.182500015944243,34.5752413664013,4667
0.166688980534673,34.5870601013303,4668
0.166058409959078,34.5741036068648,4669
0.148384104440731,34.5028568882125,4670
0.149077871152537,34.5040252564928,4671
0.0923501,34.5160083,4672
0.0851967,34.5047445,4673
0.0923441,34.5160625,4674
0.0275576483985342,34.4939473412296,4675
0.001648909724637,34.4979510750505,4676
0.0222277,34.4837571,4677
0.0004194368818926,34.5018957872954,4678
-0.0166334569599166,34.496996929681,4679
0.092416,34.5159298,4680
0.0217342,34.484593,4681
0.0265559684488795,34.4932057963101,4682
-0.0001955376885985,34.5035977086821,4683
-0.017119479559939,34.4982251043693,4684
0.0605786,34.5275892,4685
0.1095893,34.4597308,4686
0.052953134290874,34.483734453097,4687
0.0539012532681227,34.4830563571304,4688
0.070098,34.4735998,4689
0.0686104,34.473243,4690
0.0920411758124828,34.5164747536182,4691
0.0383661,34.4658879,4692
0.0684759,34.4731171,4693
0.0803978322073817,34.4898213073611,4694
0.0700218,34.4736635,4695
0.0690157,34.4730318,4696
0.0725792981009763,34.5382649713029,4697
0.0674613269499885,34.5362827926956,4698
0.0724408267727857,34.5383261309015,4699
0.0743105100955674,34.5325060012323,4700
0.0676276633660066,34.5368159467828,4701
0.099449,34.5142368,4702
0.0677414730837775,34.5364387711458,4703
0.0708143769614571,34.5408607721262,4704
0.0842692,34.5218546,4705
0.0915008,34.5142368,4706
0.0716446331444551,34.539745127646,4707
0.136546048252583,34.5704435265722,4708
0.0947236640471516,34.558503959165,4709
0.105749176996266,34.5497538489417,4710
0.0960427557960116,34.5662598206021,4711
0.112585373167832,34.5497114399125,4712
0.0663412437633852,34.5619945937575,4713
0.100489413540659,34.5497691999833,4714
0.111655125140317,34.5544781245384,4715
0.118843942805684,34.5613477273297,4716
0.0879272543034692,34.5420974439401,4717
0.11893838773939,34.5642444736295,4718
0.0957194675586577,34.5601993110371,4719
0.103487428218529,34.5642324944374,4720
0.110967390273946,34.5497930984692,4721
0.101722858124393,34.5630051310961,4722
0.0881694961333338,34.5347489551943,4723
0.211001768371232,34.3719947975419,4724
0.184905906900039,34.3809324405182,4725
0.223365740509586,34.3814025143165,4726
0.222696234199617,34.3728674768222,4727
0.207197688105343,34.3842095961958,4728
0.202402376100889,34.3770218956802,4729
0.224946856552854,34.3713002828521,4730
0.198661893118288,34.3785098504691,4731
0.206555154871497,34.3848001951907,4732
0.222768048094719,34.3671002016532,4733
0.199339159181552,34.3786368146229,4734
0.227381133456456,34.3657906427097,4735
0.221660577390994,34.3696090512868,4736
0.200752176190013,34.3760316403602,4737
0.226207426547855,34.3816054555891,4738
0.199056867093727,34.3781391429824,4739
0.197785315591683,34.3912121427277,4740
0.209702021714497,34.3735192900389,4741
0.202383738302677,34.3747813328996,4742
0.204253869267029,34.377734402233,4743
0.22520016607399,34.3687216408299,4744
0.203416360405955,34.3758339976235,4745
0.21058676677781,34.3742042483978,4746
0.200609354517333,34.3877909722994,4747
0.203717524638453,34.3878192983089,4748
0.221839671400151,34.3681215909527,4749
0.227354257916373,34.3661866614414,4750
0.207127055424382,34.3839734599912,4751
0.118486276437606,34.4658393014382,4752
0.116683935540021,34.4695799468033,4753
0.112076656338289,34.4684183245353,4754
0.103858412865102,34.4421132427472,4755
0.117639449708629,34.4643480080926,4756
0.103616235717409,34.4454292158383,4757
0.113523329459939,34.4714293212766,4758
0.117296698673286,34.4652178854771,4759
0.162419742259138,34.4877475457481,4760
0.167886531691644,34.4859932568836,4761
0.160310405314104,34.517619032083,4762
0.161782027147118,34.5047090138066,4763
0.146524549858017,34.5400304329496,4764
0.165063681133237,34.5054834519874,4765
0.160850500813425,34.5185440267163,4766
0.16308832565706,34.5218781482389,4767
0.161498069894121,34.5206148716441,4768
0.107678871806694,34.6200371138009,4769
0.107929846827604,34.6200090005921,4770
0.107408485822548,34.5762792407608,4771
0.0152052600461046,34.4598806493569,4772
-0.0250375075759445,34.4996308685173,4773
0.0128556580390355,34.4737435117425,4774
-0.0032870024663673,34.462940234093,4775
0.0130902770197168,34.4742427382736,4776
0.0140762579416297,34.4621741995092,4777
0.0149072111118148,34.461271246225,4778
-0.0115021788548143,34.4691388349484,4779
-0.003045104552007,34.4636198697047,4780
0.0133064780033774,34.4607658231218,4781
0.0133158777290447,34.4732376480451,4782
-0.002340225870217,34.4607990376627,4783
0.007516203328353,34.460627953787,4784
0.0063606629030688,34.4560619013247,4785
0.205343239959604,34.2987491206351,4786
0.202690403737941,34.3041703313424,4787
0.203769573365647,34.3181697178006,4788
0.209812583208247,34.3185236679727,4789
0.203848786114531,34.2976016553454,4790
0.206691793229191,34.2998834112004,4791
0.211007505995347,34.3088558905627,4792
0.210284301501401,34.3170934542735,4793
0.211715051999622,34.305353622883,4794
0.210202946708831,34.3169233155438,4795
0.210684683233381,34.3205817415722,4796
0.208866112654828,34.3166045419018,4797
0.208471969287583,34.3157760880221,4798
0.208206631949048,34.3153414759442,4799
0.208707864754607,34.3134842417087,4800
0.210976643032749,34.2949690891377,4801
0.213193365940201,34.299473197404,4802
0.20107472481779,34.3009973417222,4803
0.213837085445972,34.2986952506202,4804
0.208792266811728,34.3153882814971,4805
0.203713490015934,34.3181901678061,4806
0.205715522823749,34.3048815018572,4807
0.209067189915387,34.3170558594136,4808
0.204528737994401,34.3183115310582,4809
0.144483254987425,34.3356742795413,4810
0.145722851084465,34.3396714803554,4811
0.0816478519200742,34.4446632004206,4812
0.0694575999674284,34.4483620802765,4813
0.0813427691877985,34.4447502505055,4814
0.168376858387144,34.23175814706,4815
0.177794645730432,34.2610835599278,4816
0.156188477925934,34.2331325150691,4817
0.170468977082391,34.2550792456138,4818
0.176456696086442,34.2588746671194,4819
0.203698115227397,34.2018322519922,4820
0.178958972015352,34.2449125592585,4821
0.204537716620066,34.2008562907029,4822
0.206592148837086,34.2002764302371,4823
0.221602483099788,34.2044474396299,4824
0.210381852058487,34.2059313740476,4825
0.170709620737177,34.2551209695241,4826
0.206960190776995,34.2072112749881,4827
0.222532257198455,34.2069665914576,4828
0.205615964665265,34.2013766063401,4829
0.155704928783444,34.23291612487,4830
0.20439485646763,34.2008480390313,4831
0.156206557413424,34.2476979291374,4832
0.178798651588806,34.2579506951885,4833
0.208951021820627,34.2030575918971,4834
0.170870294128427,34.2550115892537,4835
0.181468280393618,34.5707578677548,4836
0.173457924060492,34.5590522531378,4837
0.17764530638708,34.5694639656201,4838
0.174364519141508,34.5572048845402,4839
0.170367338734532,34.5530540846096,4840
0.158551268520814,34.5730082277093,4841
0.160261151339945,34.5692129301383,4842
0.180346212631125,34.5687860498232,4843
0.112336259233401,34.4085587003482,4844
0.10804926784531,34.4044754172922,4845
0.143324840381582,34.5334375025859,4846
0.140316479389503,34.5950744418667,4847
0.140218994451442,34.5949276426549,4848
0.138993897564692,34.6014502769843,4849
0.10281060001419,34.5936961804738,4850
0.129142263193105,34.4671339088699,4851
0.135299261108712,34.4678098748302,4852
0.141912725587321,34.4636050492814,4853
0.148308968659959,34.4579010630162,4854
0.135899691011295,34.4663161836276,4855
0.135423075476211,34.4503341366616,4856
0.129598785136475,34.4671791909022,4857
0.145148541241412,34.4659096489406,4858
0.137134232361649,34.4665179109812,4859
0.147830399179556,34.4578563670374,4860
0.0572643323091022,34.4399174054892,4861
0.0585120375253048,34.4422320741445,4862
0.0395367533206374,34.4686649635611,4863
0.132049253186514,34.3567723770611,4864
0.132639214889463,34.360577999412,4865
-0.817014500948298,34.6447197057241,4866
-0.725675995800218,34.6759845855727,4867
-0.720676170203529,34.6704158019354,4868
-0.728084605545238,34.6735523919345,4869
-0.719137741074291,34.6637969624915,4870
-0.726110994112289,34.6744170608493,4871
-0.720433418148967,34.6698478260399,4872
-0.718650049694731,34.6683776058859,4873
-0.725147380005787,34.6557335911863,4874
-0.73187811179803,34.6963360033237,4875
-0.734972768816238,34.6976114964691,4876
-0.722477159882382,34.6531004270437,4877
-0.729411486390166,34.6561489228519,4878
-0.759212211705744,34.6400593779981,4879
-0.759672755375504,34.6402115933597,4880
-0.83999670219427,34.6295533861447,4881
-0.828069926941153,34.6632387783318,4882
-0.827988850466089,34.6632610324074,4883
-0.830543788168397,34.6562272948756,4884
-0.838861169707061,34.6318879405653,4885
-0.823868955485523,34.6646339446306,4886
-0.843548258991472,34.6360198681852,4887
-0.839571062806508,34.6301247934876,4888
-0.828667039150401,34.6633870123307,4889
-0.83111285710295,34.6575453289216,4890
-0.842375541066756,34.6371057226755,4891
-0.823753536678851,34.6636512503028,4892
-0.84260238195051,34.6369208285767,4893
-0.797151053445266,34.7515792213333,4894
-0.768852950620135,34.7596263255247,4895
-0.768799698439061,34.7593359162674,4896
-0.795513085758293,34.749959368916,4897
-0.797693841607536,34.7497350729616,4898
-0.796350015582994,34.7515625166301,4899
-0.796905365464551,34.749771032269,4900
-0.764060006017499,34.7501528069564,4901
-0.763849572719079,34.7494228607238,4902
-0.757783890028736,34.6333253272204,4903
-0.7680781,34.6244874,4904
-0.751244375576229,34.6306614629822,4905
-0.755120373378862,34.6335347709111,4906
-0.925507619976997,34.7687826119363,4907
-0.861850460059941,34.7298157308251,4908
-0.877687437459826,34.7548517212272,4909
-0.861697448417544,34.7293454222381,4910
-0.910868961364031,34.7663176618517,4911
-0.914108734577894,34.7690506651998,4912
-0.883158934302628,34.7031085565686,4913
-0.926585071720183,34.7679719980806,4914
-0.913038323633373,34.7696624603122,4915
-0.877928333356977,34.7546663973481,4916
-0.922957803122699,34.762653009966,4917
-0.925732757896185,34.768742127344,4918
-0.922117559239268,34.7634172718972,4919
-0.866720303893089,34.7238852828741,4920
-0.884373681619763,34.7077719122171,4921
-0.911202477291226,34.7666998766363,4922
-0.867589046247303,34.7251325938851,4923
-0.883378121070564,34.7022947575897,4924
-0.875871833413839,34.7550992388278,4925
-0.870021223090589,34.7253270540386,4926
-0.775966588407755,34.704367434606,4927
-0.787117076106369,34.7198407631367,4928
-0.776361166499555,34.7046382538974,4929
-0.788149433210492,34.7216638270765,4930
-0.795918577350676,34.7427941858769,4931
-0.777890528552234,34.7114889509976,4932
-0.776242227293551,34.7106428816915,4933
-0.784398657269776,34.7018266282976,4934
-0.78240233939141,34.7092927247286,4935
-0.792049742303789,34.7169699613005,4936
-0.778137794695795,34.71256300807,4937
-0.782288932241499,34.7095350455493,4938
-0.77612123452127,34.7053515538573,4939
-0.786262373439968,34.730219906196,4940
-0.785730164498091,34.7276846319437,4941
-0.78312573954463,34.7099263127893,4942
-0.750075178750293,34.7833349419123,4943
-0.768443107078644,34.7877635537181,4944
-0.77062406823491,34.7921716915892,4945
-0.770065362552917,34.7909794269335,4946
-0.779700815219098,34.6496793380964,4947
-0.776073094485042,34.6621753120905,4948
-0.775812810953168,34.6624291864142,4949
-0.770061950906223,34.648468728324,4950
-0.768456976228875,34.6677666565473,4951
-0.77605302442967,34.661714508598,4952
-0.776435775654987,34.6675558937611,4953
-0.776318624813013,34.6615741928694,4954
-0.77703895597795,34.6613970571212,4955
-0.774993617254619,34.6505509348336,4956
-0.727450288832188,34.6410329360515,4957
-0.729438946240003,34.6537717752166,4958
-0.731768719259129,34.6530787460832,4959
-0.736603955304418,34.8020778041125,4960
-0.741955251336232,34.8044489178722,4961
-0.74407428113181,34.7961031112563,4962
-0.740205779942506,34.8061350542813,4963
-0.744124379307437,34.7960911423994,4964
-0.741473386484319,34.8038075669235,4965
-0.748829210502976,34.8011967224665,4966
-0.744338090020074,34.796332199779,4967
-0.742452877193702,34.8043344102729,4968
-0.738412384245183,34.7688246645807,4969
-0.739716743119061,34.7637688927352,4970
-0.737929092720151,34.7673537489027,4971
-0.739966477816438,34.8038330186934,4972
-0.738669556434864,34.7655300009067,4973
-0.74899257367401,34.8027180762018,4974
-0.851795058227309,34.7046075640434,4975
-0.850355979358595,34.7076430447454,4976
-0.851726247238829,34.7050972614518,4977
-0.7695247605443,34.6475836448371,4978
-0.770410769619048,34.6478861477226,4979
-0.77907401137054,34.7658583335578,4980
-0.774987414479256,34.7727982979268,4981
-0.795328365638852,34.7702988982201,4982
-0.776332416571677,34.7701073717326,4983
-0.774635123088956,34.7727999743074,4984
-0.792179955169559,34.7706866450608,4985
-0.778332925401628,34.7610689140856,4986
-0.775209115818143,34.7635367140174,4987
-0.795632000081241,34.7703055199236,4988
-0.774715882726014,34.77224660106,4989
-0.779778007417917,34.7661491017789,4990
-0.781298568472266,34.765940727666,4991
-0.774634662084281,34.763300511986,4992
-0.775795136578381,34.772021966055,4993
-0.781613560393453,34.7663307376206,4994
-0.794223924167454,34.769582664594,4995
-0.780285783112049,34.7654430940747,4996
-0.792047018185258,34.7704291529953,4997
-0.817633615806699,34.6468333806843,4998
-0.786128723993897,34.7035398054868,4999
-0.737337677794013,34.671898399773,5000
-0.736644314602017,34.6771386545151,5001
-0.743644670583308,34.7009031102061,5002
-0.744060329161584,34.7011998295784,5003
-0.723279628659105,34.7661076229299,5004
0.462060079533705,35.1277027986492,5005
0.447751418955473,35.1483090978933,5006
0.474543441448319,35.1452948755297,5007
0.468493483210303,35.154810932898,5008
0.462234030805269,35.1204831782767,5009
0.431648650493423,35.1522539391481,5010
0.462253901523383,35.1204853034149,5011
0.444293316657054,35.1449480488996,5012
0.473217582399046,35.1441424456784,5013
0.444313918586433,35.1463861750278,5014
0.466222324696068,35.1493215375167,5015
0.495547009229384,35.1336857622201,5016
0.493833423197024,35.1375083793432,5017
0.446258080412986,35.1482062093148,5018
0.447607242223226,35.1439085344291,5019
0.445185926799403,35.1455369450409,5020
0.440981483985016,35.0586785855611,5021
0.426440943730202,35.0971875404171,5022
0.437922009668316,35.0420735033405,5023
0.437527242475596,35.0661142278529,5024
0.440803544282062,35.0677867430608,5025
0.417300104719874,35.0716077053465,5026
0.43992875236598,35.0697609126168,5027
0.41650764180003,35.0416602391313,5028
0.441377662494531,35.0679458679101,5029
0.435211651464136,35.0667715908007,5030
0.419533904774189,35.0700631738602,5031
0.425760431603649,35.094185764818,5032
0.440046818870789,35.0625992831937,5033
0.3250673,35.0465599,5034
0.3309414,35.0244476,5035
0.364612001352078,35.0223486429833,5036
0.311660570647097,35.0194890970366,5037
0.313372927884631,35.0227895586238,5038
0.3208539948416,35.0484154892555,5039
0.305993364194296,35.021436541027,5040
0.368748804920335,35.0224720038776,5041
0.2041958,35.0850947,5042
0.303347855865676,35.0287880163971,5043
0.320323169269892,35.047623257301,5044
0.305311532840961,35.0211655907152,5045
0.301132386549798,35.0274979010244,5046
0.32053383212435,35.048141546476,5047
0.2680307,35.0345141,5048
0.507548703040131,35.1596294817711,5049
0.524640912723762,35.1526005218487,5050
0.496389017599176,35.1621642791049,5051
0.529431173581379,35.1597265481161,5052
0.514775400314429,35.1474438150783,5053
0.508403297233823,35.1372040738186,5054
0.528472175794936,35.1590690023046,5055
0.528389569272211,35.1563444403573,5056
0.508142133593844,35.149792272921,5057
0.495670525039088,35.2703473815754,5058
0.52451512430451,35.1525108678084,5059
0.532304186383098,35.1507780957234,5060
0.51750572253408,35.1267035108477,5061
0.514751216145835,35.1474689934805,5062
0.507061408364205,35.1381027908672,5063
0.531846809569525,35.1496455737202,5064
0.497756011458073,35.1599873168289,5065
0.527192361161193,35.1602192440654,5066
0.517839165773943,35.1269338554176,5067
0.505352286555046,35.1603477565948,5068
0.517802026069279,35.1271582643117,5069
0.509153238128226,35.1512135282002,5070
-0.469986137345406,34.8984817403084,5071
-0.476706080628421,34.9031036868896,5072
-0.491082720263985,34.8955074010819,5073
-0.474442093197883,34.8998274228531,5074
-0.488102302815593,34.9027773409731,5075
-0.499507745768227,34.8985268490009,5076
-0.474211222526525,34.8951828510175,5077
-0.473771171228328,34.8998209376344,5078
-0.491091358367774,34.895331247033,5079
-0.490902886425252,34.895413848018,5080
-0.486980720312667,34.9037667951571,5081
-0.47422527565411,34.8951111551379,5082
-0.474245790987867,34.8951666346502,5083
-0.483139259331931,34.9207375469217,5084
-0.49804406507929,34.89694318977,5085
-0.476699866949353,34.9030484071785,5086
-0.482323308312637,34.9189419556849,5087
-0.476237166160008,34.8958185368324,5088
-0.474038486510381,34.898629715159,5089
-0.385169109055498,34.9632076102298,5090
-0.384916180438059,34.9641778126787,5091
-0.378544006176523,34.9788743705764,5092
-0.384546907280504,34.9607515340125,5093
-0.373437825082363,34.9867163496019,5094
-0.384822717450525,34.9629662272012,5095
-0.398023920235009,34.9772899709606,5096
-0.386083745397627,34.9795666057616,5097
-0.373377601447914,34.9871111518894,5098
-0.392247796989977,34.9547815695405,5099
-0.369618158441187,34.9573091877876,5100
-0.383832789083848,34.9599564580203,5101
-0.398690560297476,34.9777092672269,5102
-0.384261359964667,34.9604098055197,5103
-0.378601472989465,34.9788292436573,5104
-0.383077206212343,34.9323246940932,5105
-0.397977266306628,34.9365801619627,5106
-0.400117587535093,34.9277085434078,5107
-0.403049956409067,34.9551083164322,5108
-0.397630537476462,34.9365849437659,5109
-0.382756983498272,34.9318326671958,5110
-0.398325737610611,34.9470083059236,5111
-0.402814093601594,34.9454807848706,5112
-0.396014956130749,34.946764660914,5113
-0.407069405167124,34.936024426591,5114
-0.394480320043962,34.947481563071,5115
-0.391442861025105,34.8123905678377,5116
-0.472357593137222,34.9257600601468,5117
-0.472279253294052,34.9256918327818,5118
-0.472718689315869,34.9255311357691,5119
-0.472004986966484,34.9213939549663,5120
-0.469497992394403,34.9181169496537,5121
-0.469960167729438,34.9281600310247,5122
-0.47284239141181,34.9214582254581,5123
-0.470942187465825,34.9210565816646,5124
-0.437484186767134,34.873627984141,5125
-0.44067059557176,34.8711715241768,5126
-0.469716272373987,34.9340061771921,5127
-0.461614733278498,34.9064597626982,5128
-0.461332085149135,34.9088304709575,5129
-0.455839998364539,34.9064693370461,5130
-0.454550553437116,34.9068042003268,5131
-0.461921947704259,34.8972417137717,5132
-0.457518975940774,34.9042506425052,5133
-0.468692536909055,34.9357131375425,5134
-0.460311618792921,34.9152317742323,5135
-0.455797690417143,34.9042233735746,5136
-0.470126855305961,34.9334239479231,5137
-0.470492214598619,34.932912589261,5138
-0.454620869732454,34.9065586390865,5139
-0.45304460367632,34.9020081479807,5140
-0.457892904628327,34.9022382421492,5141
-0.435263357014988,34.9159129045374,5142
-0.444648122461553,34.9153085610897,5143
-0.446233200976501,34.915730264264,5144
-0.44575615931757,34.9132172078379,5145
-0.425532724104291,34.906449238283,5146
-0.446269746087962,34.9156692808081,5147
-0.454117717623786,34.9134384972949,5148
-0.447247852597222,34.912551245745,5149
-0.425808924833584,34.9371859489237,5150
-0.418890090903226,34.9436235453006,5151
-0.358401972462937,34.965846875831,5152
-0.347111969630619,34.992229571992,5153
-0.367843528319429,35.001873138368,5154
-0.358332489050096,34.9662267266294,5155
-0.367351236219536,35.0022160273789,5156
-0.351854307972077,34.9809837217434,5157
-0.345991174920697,34.9841294966326,5158
-0.345100124626214,34.9824997652007,5159
-0.359456941904018,34.9862665148411,5160
-0.398093926670678,34.9870602664049,5161
-0.394655978751294,34.9900486678157,5162
-0.394533833941957,34.9913895085591,5163
-0.394758375634972,34.9863158380794,5164
-0.403127335844451,34.9868267099092,5165
-0.371748720936165,34.9513806430701,5166
-0.36505755102632,34.9402676588853,5167
-0.404653081056304,34.9652658412023,5168
-0.376634700223804,34.9921704735607,5169
-0.393274202942848,34.9652322102338,5170
-0.385808970194686,34.9793208349233,5171
-0.371333439834416,34.9545304477215,5172
-0.372077308645798,34.9515978972802,5173
-0.366689607370127,34.9435567349345,5174
-0.418850429698449,34.8420449656055,5175
-0.454596278044848,34.9444852394888,5176
0.158093338832259,34.6568994596601,5177
0.23528856149424,34.8196760073574,5178
0.235109446760209,34.819815120129,5179
0.235676523902459,34.8192118131504,5180
0.24269919846207,34.8301866449055,5181
0.242330087385677,34.831789705898,5182
0.1199673,34.795909,5183
0.112447002902627,34.7743908595294,5184
0.133439631866428,34.782018408485,5185
0.134118154824713,34.7825279451525,5186
0.114868975934687,34.7818577782587,5187
0.131889685266849,34.782851438105,5188
0.115009602159262,34.7864271886647,5189
0.11448422659943,34.7896068210271,5190
0.1206789,34.7937309,5191
0.121991650054595,34.7925665406203,5192
0.132941569975966,34.782586457875,5193
0.103250169833559,34.7658832075984,5194
0.105561153232605,34.7718844817881,5195
0.103626943587028,34.7663768514548,5196
0.103204256836595,34.7658733703634,5197
0.140163432596667,34.7894035465276,5198
0.1169123,34.7518471,5199
0.104615473703044,34.7716884186088,5200
0.136710659860544,34.7834858630221,5201
0.161332456270779,34.6153719495385,5202
0.168207628118682,34.6212787179867,5203
0.151245672603855,34.6227055231075,5204
0.155969761300379,34.6134995416069,5205
0.154595444847372,34.6280867654301,5206
0.153771789813323,34.62219777869,5207
0.1509992986958,34.6235469493489,5208
0.154541818232603,34.6282011939103,5209
0.15898418307944,34.6119454145105,5210
0.155273465293238,34.6280721322755,5211
0.150748258818963,34.6235736883093,5212
0.160934219578091,34.6144556318149,5213
0.16137736708441,34.6149704633906,5214
0.151343237995302,34.6105828936358,5215
0.172996673319818,34.6098490199215,5216
0.182787163508274,34.6103229252801,5217
0.17799499398692,34.6087299490118,5218
0.169011231794204,34.6018872018158,5219
0.2021104,34.6071484,5220
0.169937,34.6050704,5221
0.169459985057492,34.606689677606,5222
0.160979678062822,34.6018187518136,5223
0.170121011984692,34.611935131508,5224
0.172308753181911,34.6106932999629,5225
0.146182733583845,34.5938327489106,5226
0.160807287157048,34.6020431906849,5227
0.15707168587765,34.596325517552,5228
0.157031149176518,34.596291121907,5229
0.177998032441271,34.6087180492749,5230
0.170061550440416,34.6024863996387,5231
0.164822139381439,34.5897695367009,5232
0.157383319369453,34.5963679934288,5233
0.182395287461229,34.610243894866,5234
0.177440341243061,34.6082004556501,5235
0.182773146285141,34.6115560181284,5236
0.155854622168948,34.6855805509964,5237
0.2281969,34.8294733,5238
0.208074183854656,34.8149320914901,5239
0.217853847831326,34.8169059738839,5240
0.204199172346239,34.8071365117992,5241
0.217266875474647,34.8166636759706,5242
0.208185072197633,34.834655648535,5243
0.20482481258535,34.8066133850205,5244
0.208877353975096,34.8389169549037,5245
0.208673251071214,34.8390263092275,5246
0.208499827772689,34.8153034470421,5247
0.21641887719158,34.8161254496178,5248
0.204160082568561,34.8068089680132,5249
0.2296474,34.8277481,5250
0.207633903528059,34.8354961297988,5251
0.207096143489952,34.8147315302515,5252
0.207368771704991,34.8370555632013,5253
0.240044631063938,34.789771148935,5254
0.234150057658553,34.7235505934805,5255
0.234051612205803,34.7972358204424,5256
0.219120712524735,34.7107677020377,5257
0.222811971100473,34.6931083103859,5258
0.220489905024718,34.6968930969822,5259
0.218999931822772,34.7116139244743,5260
0.221861987588453,34.6904798733657,5261
0.114266562155738,34.7251129864238,5262
0.115489381508409,34.7387851050235,5263
0.120511683863188,34.73899061043,5264
0.121254869809871,34.764655241924,5265
0.114718294240279,34.7386356965397,5266
0.114403340138002,34.7256605800319,5267
0.103545876421627,34.6904375612937,5268
0.114901092570938,34.7552042796126,5269
0.114703873018463,34.7389049522961,5270
0.0995783980830593,34.7852005471979,5271
0.116112934659507,34.7384446943663,5272
0.112017358004389,34.7551788665188,5273
0.114549982059398,34.7256913290241,5274
0.100643343934246,34.7859198321116,5275
0.121972594101983,34.7645699018853,5276
0.114611657930796,34.738485550099,5277
0.110997917061783,34.7541509752552,5278
0.0990619880423704,34.7849764607251,5279
0.200584901965895,34.6542171373223,5280
0.20030311290628,34.6546120300629,5281
0.136920931555616,34.7240229265154,5282
0.126922503107116,34.7192563569777,5283
0.257172725198589,34.828260944396,5284
0.362664582207799,34.9503898713738,5285
0.363525738939643,34.9501386657357,5286
0.343472831882536,34.7134053055197,5287
0.375491785816848,34.9336089659482,5288
0.362582732923329,34.9508108943701,5289
0.365483164787292,34.9363320786506,5290
0.368013870902359,34.916303101927,5291
0.394850461743772,34.9092590343207,5292
0.310889859683812,34.6618636418134,5293
0.205745212733746,34.9376613646746,5294
0.203540646471083,34.9366408679634,5295
0.203368901275098,34.9263604637235,5296
0.205742991529405,34.9375077243894,5297
0.207124664448202,34.9363599065691,5298
0.203675511293113,34.9260783288628,5299
0.196991194970906,34.9280544463545,5300
0.201859236694872,34.9383974634111,5301
0.195125299505889,34.9238238483667,5302
0.195176135748625,34.9243990145624,5303
0.196817102842033,34.92775185965,5304
0.339129874482751,34.7129600588232,5305
0.354532962664962,34.7078310046345,5306
0.350702893920243,34.7058071941137,5307
0.364736588671803,34.6886141505092,5308
0.351237868890166,34.7065777424723,5309
0.358774163760245,34.7000771574676,5310
0.36496629472822,34.6858177799731,5311
0.343905589543283,34.7129901498556,5312
0.339102759025991,34.7130333166569,5313
0.364439324475825,34.6873126085848,5314
0.358773954212666,34.7000753972679,5315
0.364979119040072,34.6858133375645,5316
0.350751550868154,34.705786658451,5317
0.343880360014737,34.7129448037595,5318
0.346878189593553,34.7046881262213,5319
0.354527430608869,34.7078492771834,5320
0.352957961149514,34.7128995414823,5321
0.363260493613779,34.6856707613915,5322
0.363069134764373,34.6855771355331,5323
0.347054461017251,34.7056806273758,5324
0.353743764571845,34.7132219094783,5325
0.346779366955161,34.7057642787695,5326
0.339820082299411,34.7131163813174,5327
0.352997188456357,34.712866935879,5328
0.331186468171132,34.6460080698918,5329
0.33166138920933,34.6458563860506,5330
0.319473766721785,34.617570983246,5331
0.330519201542653,34.6285372089677,5332
0.315483706323025,34.5937474127659,5333
0.339848748408258,34.6322160959244,5334
0.312371863983571,34.5905385073274,5335
0.31681931449829,34.5920811011985,5336
0.328157812392937,34.6323402735748,5337
0.329387917080021,34.6305370854099,5338
0.334939773562536,34.6233109896154,5339
0.340184820815921,34.6322871744633,5340
0.324585158277713,34.6194049597505,5341
0.315328957512975,34.5940636005253,5342
0.345437759533525,34.6329423878342,5343
0.317819715707944,34.6199316774525,5344
0.343915605917573,34.6364517230541,5345
0.323290801607072,34.6154706459492,5346
0.316558456979692,34.5935798808932,5347
0.330786203683198,34.6284180281835,5348
0.329665134954947,34.6305240177271,5349
0.31926877385571,34.5979788033391,5350
0.319564291276038,34.6175849810243,5351
0.320523289678689,34.5951217597804,5352
0.334029004626922,34.6422178794868,5353
0.343511841105588,34.6360964052049,5354
0.339549180728276,34.6310579664666,5355
0.228694260889993,34.7839173814719,5356
0.24792123747388,34.8167140797956,5357
0.248881417017271,34.8166630876957,5358
0.248603611801675,34.8169666081203,5359
0.227946404985873,34.786361558515,5360
0.240226953621846,34.8085501391258,5361
0.227442289681214,34.7864019690973,5362
0.239781298814822,34.8062865449691,5363
0.4148419,34.8640355,5364
0.381907877006884,34.9146505928097,5365
0.384242199361324,34.876147499308,5366
0.389326169342015,34.8722674432177,5367
0.369931778706166,34.8611975370646,5368
0.402346774935722,34.8661524150521,5369
0.368600058524219,34.8597809931381,5370
0.3763962,34.8477575,5371
0.368949628666658,34.8594791770119,5372
0.389283301246508,34.872223753805,5373
0.39521508974346,34.9092006074788,5374
0.402294136583805,34.8662254214287,5375
0.332757728494686,34.8184144965172,5376
0.2768864,34.729432,5377
0.407829629257321,34.8791853524745,5378
0.418720194138587,34.9011506326497,5379
0.413758694194257,34.8689956404269,5380
0.418061041273177,34.9012854974717,5381
0.423756544478238,34.8798437509686,5382
0.423416197299957,34.8789379186928,5383
0.41133007965982,34.8851972725242,5384
0.414088815450668,34.8864166717976,5385
0.407967930659652,34.8788234218955,5386
0.416003786958754,34.9086396954954,5387
0.401657405309379,34.8907450865954,5388
0.411692010238767,34.8910570610315,5389
0.310902577935247,34.7795996864182,5390
0.266234641894698,34.6194614376873,5391
0.250668943544351,34.6435375250009,5392
0.265973126515746,34.6195975597948,5393
0.25259438070566,34.6430433834817,5394
0.264448039233684,34.6352101955563,5395
0.245311386238352,34.6328065173072,5396
0.240787806261457,34.6357821272043,5397
0.252196139614753,34.6380168817925,5398
0.240322612367994,34.6348587428518,5399
0.26644729079866,34.6173154504806,5400
0.264563667587936,34.6353821922094,5401
0.40741328410747,34.6700613897919,5402
0.41683912742883,34.690889082849,5403
0.409519169479608,34.6882644575089,5404
0.339290681295097,34.8208898864686,5405
0.34066803753376,34.8116033244878,5406
0.338708625508804,34.6608085577214,5407
0.318236496671206,34.7218530465549,5408
0.318091975068691,34.7178112269631,5409
0.331079423778825,34.7270425661544,5410
0.296266457161686,34.7126529288066,5411
0.315621024481082,34.7208964098267,5412
0.297364122058037,34.7139852460996,5413
0.340660861594371,34.6713094786972,5414
0.247720899907976,34.7975318052291,5415
0.247456381975973,34.797939279505,5416
0.250075055195394,34.7967063312378,5417
0.250351872174709,34.7967785697719,5418
0.254475199642872,34.7967014871962,5419
0.246124565289547,34.7932758527611,5420
0.242052385681135,34.8017021757464,5421
0.257452850788261,34.7984359098072,5422
0.266327177081977,34.8056309515807,5423
0.247060952654213,34.8006808746898,5424
0.265345411282291,34.8054838235803,5425
0.253907488273137,34.7960590496131,5426
0.244851983176944,34.7989659904619,5427
0.245242602854411,34.803092728175,5428
0.28882392351977,34.8170882133802,5429
0.274662017850235,34.8070423482054,5430
0.281323253890908,34.7962824252688,5431
0.289922644358631,34.8246269555927,5432
0.283144003908808,34.7963662763356,5433
0.289381554521157,34.8239984946625,5434
0.289269448598074,34.8176672013143,5435
0.28173732614992,34.7929849599878,5436
0.289422374310707,34.82424999293,5437
0.289568460383196,34.811123324591,5438
0.280272440763528,34.7927071397624,5439
0.289437274876586,34.8095546889643,5440
0.288780979513017,34.8101549580329,5441
0.263034119105553,34.7090720901315,5442
0.294430516927857,34.7008364235815,5443
0.289144277959707,34.6902540472922,5444
0.294448966160417,34.7006454505026,5445
0.29459644574672,34.7006321232766,5446
0.366057115606964,34.7118658851832,5447
0.377974128350616,34.6837337873876,5448
0.378059539943933,34.6830981876701,5449
0.364481611177325,34.7029216401279,5450
0.367557224817574,34.6793366409838,5451
0.366276972927153,34.7112146951258,5452
0.369330164976418,34.6838752739132,5453
0.368321696296334,34.6797719970345,5454
0.370760997757316,34.6765769831836,5455
0.364336897619069,34.7028375696391,5456
0.37078027613461,34.6764613129199,5457
0.372260687872768,34.6927650365978,5458
0.367324417456985,34.6795877628028,5459
0.369643857702613,34.6837568376213,5460
0.37234605755657,34.6927774418145,5461
0.366199440322816,34.7111631464213,5462
0.369670260697603,34.683753317222,5463
0.36449745297432,34.7009996697307,5464
0.326276267878711,34.7958569135517,5465
0.317990337498486,34.7982123959809,5466
0.305493720892447,34.7772743503991,5467
0.268353673205323,34.818602452355,5468
0.373673770307755,34.6782313091368,5469
0.672709605421146,34.6509779560781,5470
0.637998628480596,34.6415771604938,5471
0.6636366,34.6930882,5472
0.609593768486754,34.6295365587234,5473
0.639820016537307,34.6612429674684,5474
0.654278131965829,34.6538171752923,5475
0.639896237378544,34.661213670386,5476
0.650159466298606,34.6520854465554,5477
0.639226898070498,34.6426571933323,5478
0.650290229261175,34.6531275000395,5479
0.654670273411351,34.653426292841,5480
0.640913950096081,34.6421464565486,5481
0.657477378973949,34.6574575532147,5482
0.638387629738888,34.6409430988538,5483
0.638628027324987,34.6438944654888,5484
0.649980393391254,34.6533833106072,5485
0.651012920100841,34.6458362809306,5486
0.648790643340023,34.6447687968751,5487
0.640885587463055,34.6622512172385,5488
0.631098298503724,34.643186868968,5489
0.809526565756451,34.7441262103123,5490
0.822605896931108,34.7245875156367,5491
0.82351359466475,34.7345296593811,5492
0.814993516011043,34.7451862102747,5493
0.799673118852245,34.7321212552619,5494
0.810722575243027,34.7304354568983,5495
0.811734890492742,34.732051901579,5496
0.824244031259621,34.7335018296291,5497
0.825256313725228,34.7222567614886,5498
0.821089698224393,34.7388807914999,5499
0.807165242003118,34.689976385638,5500
0.797709897333525,34.7014751773853,5501
0.8150196,34.6935457,5502
0.7979822,34.7079157,5503
0.904721118764369,34.7923434549665,5504
0.896886397053153,34.7851594114508,5505
0.903359386334682,34.7804116157863,5506
0.900799638004579,34.7857187529644,5507
0.908159110526078,34.8072727883373,5508
0.896738832699343,34.7906746048047,5509
0.900908329837079,34.7857217761144,5510
0.907072956247908,34.7776746685717,5511
0.908179155277713,34.7781248676278,5512
0.903713864469067,34.7990395856365,5513
0.901915810758296,34.7832447454772,5514
0.909421713589088,34.7796880331624,5515
0.900194273602463,34.7948619657229,5516
0.904066561575872,34.7778373060786,5517
0.757729666838015,34.590192437847,5518
0.5817633,34.5596313,5519
0.632527332812779,34.6327575334512,5520
0.938194336632282,34.7588945594439,5521
0.93687972832415,34.7652314202556,5522
0.5928337,34.5641001,5523
0.931884353116836,34.7720684829684,5524
0.945574541936706,34.7632249840587,5525
0.932733492280452,34.7720493995167,5526
0.934679333924292,34.7704608891527,5527
0.936658465839561,34.7589465607003,5528
0.935375982461893,34.7705949661993,5529
0.937936660710819,34.7586779679475,5530
0.933455048215318,34.7686437459026,5531
0.642646241296101,34.6333279822016,5532
0.643286483164515,34.6332785916379,5533
0.635395384248014,34.6357356717511,5534
0.638368760844911,34.6385879844961,5535
0.9061045,34.8422381,5536
0.909921021584328,34.8421061157941,5537
0.908400364757093,34.8289481458518,5538
0.903724936114746,34.8211715500754,5539
0.909379269748335,34.8357356381233,5540
0.907315361340713,34.8281650320403,5541
0.907421080925108,34.8343239922553,5542
0.910737344571828,34.8356048264161,5543
0.903965840362821,34.8206180608586,5544
0.904836222033911,34.8404404392387,5545
0.826274688734605,34.7925617718456,5546
0.637685007274533,34.6236766371071,5547
0.639454029107081,34.6146763171308,5548
0.637651880429394,34.6237132489446,5549
0.637115151026511,34.6221123568576,5550
0.641325398310021,34.6141888869011,5551
0.635296514088008,34.6211490653777,5552
0.642573102443107,34.6119276297517,5553
0.637143256599591,34.6224360684538,5554
0.637896566899062,34.6233575757685,5555
0.640809501848479,34.6174076451549,5556
0.640050742629181,34.6213909619193,5557
0.631728910669419,34.6213627377406,5558
0.639166062357215,34.615641992006,5559
0.636946791052441,34.6215229070639,5560
0.634934086400833,34.6253519855192,5561
0.666883244813759,34.5892128611022,5562
0.672768110828536,34.5979284842571,5563
0.67223508859436,34.5986460547723,5564
0.678202801262913,34.5972856665162,5565
0.658227338616937,34.583444916732,5566
0.676498972882873,34.5956741247202,5567
0.712810947651755,34.5897531614386,5568
0.6587252611117,34.5819646880828,5569
0.67653367992568,34.5957748675084,5570
0.676913823931863,34.6074695782875,5571
0.691841449899297,34.589748848382,5572
0.662170087145774,34.5835239506967,5573
0.716983935066168,34.5882309236206,5574
0.662773534367633,34.5841678512106,5575
0.676342419670633,34.5950711197351,5576
0.656512759578921,34.5827148169581,5577
0.840112711824756,34.7615581315978,5578
0.857122473929257,34.7663012483884,5579
0.840129802958368,34.7616828821694,5580
0.840108885104894,34.7617275674313,5581
0.857051598045847,34.7662058737498,5582
0.822438022198348,34.8572556173959,5583
0.850146087683563,34.7847650319731,5584
0.838705394919015,34.7608212045319,5585
0.838021119959692,34.7604355245867,5586
0.822465581919123,34.8574856294047,5587
0.839803206153257,34.7608595457871,5588
0.841109682522366,34.7564208154538,5589
0.839652511729803,34.760717295381,5590
0.837717045933167,34.7636248400152,5591
0.819353,34.7483546,5592
0.803360730939723,34.6571878782732,5593
0.610372814545118,34.6171174737739,5594
0.620968478616625,34.6221571811247,5595
0.609513049373087,34.6141038418459,5596
0.609472698682882,34.614919009551,5597
0.627356033636786,34.6278612223738,5598
0.631907313105326,34.6284797038219,5599
0.597391805520578,34.6212867812149,5600
0.623518401333318,34.614725618462,5601
0.779895478317592,34.7194587473968,5602
0.581591562866011,34.5596438635383,5603
0.816935349234515,34.6705348898271,5604
0.816686129274213,34.6700250468998,5605
0.803056801556234,34.6968977884264,5606
0.802885010172369,34.6972039384662,5607
0.809790621667812,34.6119869885121,5608
0.815070503218328,34.6134327105285,5609
0.8415905,34.8560359,5610
0.848993727388104,34.8602195529861,5611
0.850291354668408,34.8542717405068,5612
0.846472815404134,34.8493044052599,5613
0.850341689552395,34.8544650236857,5614
0.821805206543624,34.8555827038379,5615
0.856196135157573,34.8561715684878,5616
0.822200437405982,34.8558806857006,5617
0.846717612263796,34.847965101862,5618
0.840666998163403,34.8572857947792,5619
0.8413451,34.8560359,5620
0.616340508719035,34.5590233179037,5621
0.8526825,34.8678498,5622
0.8526663,34.8678417,5623
0.77866666473208,34.5958249185724,5624
0.645890505990711,34.6415891702098,5625
0.745132126664313,34.6020599670859,5626
0.717320577244086,34.6342810486025,5627
0.708647598066754,34.6339504418695,5628
0.717526256860719,34.6339720442219,5629
0.70750050635751,34.6334480748264,5630
-0.582309873141592,34.7495452025645,5631
-0.588054914406757,34.7509068260976,5632
-0.59341252640518,34.7625916707058,5633
-0.59039553055,34.7256937762671,5634
-0.563646881221801,34.7455602232338,5635
-0.603359896111308,34.743652291212,5636
-0.583562746282688,34.7467517020741,5637
-0.589681751616459,34.7477232778879,5638
-0.593126318907204,34.7482672690461,5639
-0.587873260462813,34.7508502058447,5640
-0.588080360335563,34.7509307271727,5641
-0.592566771509872,34.7265317682307,5642
-0.582849405522523,34.7498880088687,5643
-0.588566091170405,34.7470772717,5644
-0.590007894513718,34.7256360791072,5645
-0.543077123987172,34.876332717489,5646
-0.542937414943205,34.8763318202806,5647
-0.530733084320716,34.8829102205744,5648
-0.530553651507851,34.883186973166,5649
-0.528064737060911,34.8862822210038,5650
-0.527975652474,34.8868746270396,5651
-0.549262611415307,34.8035569849926,5652
-0.601811545792093,34.7537304014872,5653
-0.546422663889284,34.7680552810883,5654
-0.549524324807125,34.7722331072794,5655
-0.537185277660785,34.7689227144462,5656
-0.546682994316207,34.7675498156437,5657
-0.67428502265918,34.7863666582156,5658
-0.674072078561562,34.7859360989549,5659
-0.549521000224593,34.7722709915582,5660
-0.535069241569158,34.7694529574743,5661
-0.572423677256272,34.8456462927764,5662
-0.580779937461859,34.8391987531811,5663
-0.571278078664069,34.8315874485652,5664
-0.566935125420008,34.8346821540018,5665
-0.580621058967897,34.8390023672967,5666
-0.567228968131176,34.840661798002,5667
-0.580887684101224,34.8395107045791,5668
-0.567323445620397,34.8353130671348,5669
-0.572715025847211,34.83233415082,5670
-0.567523918450964,34.8357112178971,5671
-0.657444471788727,34.8524303332696,5672
-0.673690808888606,34.7705660639051,5673
-0.63399179113859,34.8379089895827,5674
-0.694474603880527,34.782967230143,5675
-0.763664193968726,34.8655589916914,5676
-0.634918783446309,34.8252082194009,5677
-0.635668691571437,34.8259225948648,5678
-0.691593595505764,34.784656727907,5679
-0.64133885865542,34.8465995182151,5680
-0.650185448263077,34.8397331895769,5681
-0.621377213644306,34.8160231765371,5682
-0.634625987182869,34.8244498464472,5683
-0.673774788478799,34.7707276628691,5684
-0.637331288857564,34.8398815123885,5685
-0.674199637030407,34.7861230917371,5686
-0.650362890141626,34.8029208454626,5687
-0.653412525258353,34.8083615768534,5688
-0.63180606546238,34.8042148758201,5689
-0.663387314447023,34.7884341750676,5690
-0.647389610954786,34.7992838783752,5691
-0.650848528331076,34.8023149511586,5692
-0.649954636939248,34.801102249765,5693
-0.645670443896856,34.7915543634822,5694
-0.6488315119890951,34.7987565959446,5695
-0.658235276723902,34.8030099898074,5696
-0.632381867496603,34.8031236795435,5697
-0.647012461577245,34.7982458267326,5698
-0.64984693716195,34.7981206566497,5699
-0.652669165749726,34.7963600999397,5700
-0.663796678485242,34.7877116210484,5701
-0.650376424241726,34.8028051942546,5702
-0.592587319108142,34.8404464041392,5703
-0.577334631619279,34.8526443336862,5704
-0.581830718670047,34.8489126840707,5705
-0.577375651834372,34.8526971615008,5706
-0.591285179875562,34.8395808035751,5707
-0.582552073503283,34.8493406305253,5708
-0.590206375721888,34.8372582055791,5709
-0.582657130224413,34.8494682603239,5710
-0.551191977468211,34.8077022726571,5711
-0.674558403420307,34.7837829223233,5712
-0.53431508102272,34.8033061279989,5713
-0.54990821895752,34.8036525589065,5714
-0.537355230610718,34.8221946730415,5715
-0.536137792723534,34.8364070188468,5716
-0.690669806019118,34.7845076994866,5717
-0.542224813518856,34.8268098642766,5718
-0.536098220278643,34.8337642391245,5719
-0.545513282445537,34.8249856435017,5720
-0.572980158658066,34.8038437285769,5721
-0.561155338604061,34.8066500983295,5722
-0.571623266132358,34.8072125848593,5723
-0.665772973259111,34.758389315941,5724
-0.663570427287962,34.7482034761152,5725
-0.56123540193431,34.8067354957047,5726
-0.570148190401473,34.8149570277198,5727
-0.571331152783798,34.8079379800402,5728
-0.562333269440232,34.813665565057,5729
-0.56657992841288,34.7698745664511,5730
-0.574200350985378,34.759348250663,5731
-0.57449959652372,34.7730193517038,5732
-0.574027715319216,34.7718659583601,5733
-0.56814685596672,34.7561438655989,5734
-0.582630694265296,34.7895993138799,5735
-0.568861493700117,34.7500943190419,5736
-0.567089743951074,34.7562483595297,5737
-0.593456999724961,34.7357709013263,5738
-0.599489094804156,34.7542735453399,5739
-0.549045439296169,34.7838333261222,5740
-0.647727941308248,34.8023487532974,5741
0.788202301606096,34.9807650834673,5742
0.802173185664802,34.9898568687131,5743
0.785022152221345,34.9899406257374,5744
0.800789279300581,34.9736503838224,5745
0.791631761099253,34.9902341237066,5746
0.787262298178955,34.9809873449188,5747
0.792456302554817,34.9920256372779,5748
0.800667579406568,34.9894077702107,5749
0.789238032344705,34.9936214257419,5750
0.804056493191519,34.9879910585678,5751
0.800804263954882,34.973732349482,5752
0.786849112920793,34.9912681702199,5753
0.788483441491792,34.9939673759314,5754
0.800632755882394,34.9901548775347,5755
0.803258634440796,34.9892924786154,5756
0.616913151624235,35.0974480019235,5757
0.62321920011602,35.0952781392322,5758
0.622461860116749,35.0936329208839,5759
0.6308979,35.05241,5760
0.585451991068434,35.0266855897431,5761
0.585857252215584,35.0272578398861,5762
0.77271226199421,35.1968342207338,5763
0.785790286784694,35.2011270940769,5764
0.770841148001822,35.1950903890162,5765
0.775912808405651,35.1765627938328,5766
0.776263229579813,35.1771704638447,5767
0.784412538797266,35.2005956933772,5768
0.785611834092283,35.2084161542655,5769
0.785197549873026,35.2006262820643,5770
0.786861589344245,35.2071193928645,5771
0.774635937261546,35.2077470789141,5772
0.770902307094508,35.1965670114544,5773
0.772750042764378,35.1097532575367,5774
0.77006341153553,35.0827078530165,5775
0.722558349723453,34.9315914597971,5776
0.718688573664496,34.9276161199802,5777
0.705763909394834,34.952555984159,5778
0.705527935895138,34.9579860821089,5779
0.702187416509873,34.952946824741,5780
0.73188258426478,34.907117869616,5781
0.710886758113916,34.95458373455,5782
0.711860443855124,34.9556319678886,5783
0.69969913273845,34.9544040867269,5784
0.708794855921155,34.9580269844905,5785
0.70951387539186,34.9587872807401,5786
0.731172440370582,34.906881017408,5787
0.7815104,34.8049732,5788
0.703907073344457,34.9511961627693,5789
0.705058766009741,34.9762452680686,5790
0.704235308762597,34.9753896910622,5791
0.711174190299955,34.9643766738802,5792
0.740136565971301,34.8584740807403,5793
0.7246771497294,34.8691472393051,5794
0.742501054809111,34.8932914592589,5795
0.736907419695129,34.8637386749776,5796
1.02275750106455,34.9804069613817,5797
0.736743012342099,34.8638263182785,5798
0.726885520246304,34.8711448762839,5799
0.740387043647867,34.8946758614427,5800
0.738013361179516,34.8648939113566,5801
0.845636225619435,35.0415146627632,5802
0.835295981554725,35.0292880847705,5803
0.838760881196024,35.0423791283652,5804
0.8323624,35.0396768,5805
0.854319676955281,35.0383159901175,5806
0.838250293475585,35.0309406496169,5807
0.842528901866416,35.0509660811045,5808
0.835015409868101,35.0286585726856,5809
0.834204,35.042432,5810
0.853982831986404,35.0385793881219,5811
0.7317002872567,34.9070456644743,5812
0.707448417956304,34.9255018172343,5813
0.6056567,34.9467002,5814
0.728037985748548,34.901981829702,5815
0.715087349442339,34.8952511796524,5816
0.709241309390578,34.905087590523,5817
0.707300388894931,34.925249745869,5818
0.712846311307924,34.8999197557395,5819
0.709232659864919,34.9047393448558,5820
0.71987610222917,34.899540308986,5821
0.732103078107042,34.9100747512183,5822
0.728069659612977,34.9019732111135,5823
0.710898387902355,34.9059931373587,5824
0.713131647187447,34.9000080125806,5825
0.802623305893105,35.0806026546198,5826
0.790884104365848,35.0731047697119,5827
0.798630502185586,35.083252065013,5828
0.798824211637166,35.0832758487077,5829
0.823345670437771,35.0809033456959,5830
0.802613633028969,35.080481772519,5831
0.802633584510459,35.0805903599131,5832
0.806362993991086,35.0767277065759,5833
0.802596961978549,35.0805622699187,5834
0.806253693687304,35.0769504793464,5835
0.806656911892516,35.0763223521081,5836
0.802641906861051,35.0804751215304,5837
0.731541798173671,34.9566502476558,5838
0.731478942854541,34.9351692917943,5839
0.731657582908985,34.9565530441966,5840
0.731450582938366,34.9352330013991,5841
0.731990578357675,34.9557845133099,5842
0.72963981227686,34.9310355347913,5843
0.731748778763051,34.9350630910673,5844
0.731044444158961,34.9339246710364,5845
0.74703590959487,34.9545576226819,5846
0.717310757128732,34.9452198168561,5847
0.717390817291775,34.9450862488372,5848
0.717028545354223,34.9408177147593,5849
0.715412627676255,34.9478723852238,5850
0.800423306948693,35.0807991101681,5851
0.654036492949783,34.9792845404858,5852
0.628421843390454,34.9845557227733,5853
0.62803962570928,34.9784584142919,5854
0.652012806684668,34.9800063480102,5855
0.623604490823999,34.985396351905,5856
0.654831595258234,34.9787754726617,5857
0.625714210432108,34.9890950567746,5858
0.619433033046366,34.9943597762522,5859
0.654711983129694,34.9786343100289,5860
0.65230902057202,34.9804989747021,5861
0.653954403526776,34.9687822122752,5862
0.793565780459331,35.0846760317395,5863
0.658282066103731,34.9786667968021,5864
0.744965623299592,35.0885758003086,5865
0.760328583635882,35.0935932905034,5866
0.779551076301801,34.8124758099635,5867
0.760217035507477,35.0947928382046,5868
0.746447564426715,35.0895853957913,5869
0.750190301874117,35.1080919636427,5870
0.750255826209373,35.1055614699854,5871
0.749955483727189,35.1009550683241,5872
0.734948754655239,35.0947342753145,5873
0.749498564692618,35.1077961226325,5874
0.754063783040246,35.1174922338062,5875
0.726809386145845,35.0918278343577,5876
0.749800374097024,35.1011182963341,5877
0.73525197713994,35.0938857062278,5878
0.749971972338907,35.1009060210076,5879
0.749419352839493,35.1078177793417,5880
0.760451740936661,35.1204516985761,5881
0.914449003462341,35.1563544887627,5882
0.914665041228191,35.1564852988152,5883
0.887292939700639,35.1539195804574,5884
0.882145490032068,35.1414779617558,5885
0.9148265,35.1397699,5886
0.912195146004616,35.1297980574672,5887
0.914767943886678,35.1545585238238,5888
0.732071902829774,34.9070683865409,5889
0.703349092697372,34.9784999035915,5890
0.710065362155909,34.9839275911723,5891
0.707737920550195,34.9817311969937,5892
0.714831644179275,34.9730359324296,5893
0.738752046213765,34.898471756748,5894
0.715112,34.9773594,5895
0.722956610183213,34.9738872157277,5896
0.702754544800076,34.9782780688859,5897
0.704939702051181,34.9864029359625,5898
0.72212762462742,34.9706998256942,5899
0.721001726509304,34.9748054236486,5900
0.707671982758085,34.9816993612928,5901
0.707718559618215,34.9818020009504,5902
0.727439455553059,34.9791774687685,5903
0.728055348483338,34.9797628617775,5904
0.714196540648775,34.9743868365377,5905
0.731039972594401,34.9781307993443,5906
0.721523062593482,34.9721749599584,5907
0.725462874835087,34.9830341416186,5908
0.792450047395623,35.0036279841397,5909
0.792546862703625,35.0048201665892,5910
0.791252331465626,35.0028704407308,5911
0.770783686646663,34.9642411807824,5912
0.782105702059511,34.9527830697645,5913
0.781348008309134,34.9661824062582,5914
0.77296955507918,34.9564999199406,5915
0.777434801259511,34.9570702990415,5916
0.780908324522242,34.9677912076669,5917
0.771863439790887,34.9641879315554,5918
0.781317885453779,34.9660725167897,5919
0.782180405506264,34.9526336330457,5920
0.782853302651784,34.9511797612351,5921
0.8174593,35.0369234,5922
0.83020846204999,35.0720392333767,5923
0.81820571641605,35.0518046707549,5924
0.806647019393115,35.0577539443816,5925
0.830273346856758,35.0717807073708,5926
0.820146700031745,35.0541602211327,5927
0.810643952846646,35.058421396637,5928
0.817815969865545,35.0518573678038,5929
0.824478891860585,35.0716435422598,5930
0.824603449497615,35.0724066542193,5931
0.801443560979615,35.0540115889539,5932
0.804905000287961,35.0529467743882,5933
0.865901353443142,35.0387910496981,5934
0.875477842300965,35.0362590100727,5935
0.865893314870292,35.0387540943857,5936
0.756284015156632,35.0701348660641,5937
0.7461026334101,34.9983619067229,5938
0.770358585659375,35.0176408086464,5939
-0.84802756956391,34.8780558657896,5940
-0.908795212504103,34.9059518785555,5941
-0.899134883071975,34.911420355369,5942
-0.895132333292212,34.8738442357098,5943
-0.907141478500902,34.9074318021658,5944
-0.916132416654236,34.9026136194539,5945
-0.900679325274563,34.9083554859643,5946
-0.899887059775931,34.9092409882883,5947
-0.911607623811319,34.9029982871725,5948
-0.901938821919186,34.9139343036359,5949
-0.894690989420074,34.871859297995,5950
-0.913111435720964,34.9043916908806,5951
-0.823777918722004,34.8206401040054,5952
-0.841470046660544,34.8242040643063,5953
-0.82234536009686,34.7852978698922,5954
-0.824253673458259,34.8203109328549,5955
-0.821775672591184,34.7853186111651,5956
-0.836155680677284,34.82379719593,5957
-0.809239093606762,34.8270520230583,5958
-0.822565408545916,34.7848323792274,5959
-0.80383163221034,34.8032790291962,5960
-0.827336916224797,34.8013441807013,5961
-0.825761820154034,34.8181125389775,5962
-0.8085482,34.824794,5963
-0.805463404793031,34.8241875944163,5964
-0.805568191202391,34.8289975468248,5965
-0.803174604257361,34.8267930591919,5966
-0.825885509853017,34.8157280505121,5967
-0.856018661583828,34.9126570872032,5968
-0.870809066742284,34.9228724841801,5969
-0.87006626831962,34.923829173563,5970
-0.861973974783382,34.9361800082704,5971
-0.86943291059375,34.9132825380755,5972
-0.855886144245502,34.9130471124559,5973
-0.883858796510028,34.9166245907364,5974
-0.890169177987365,34.9589997194507,5975
-0.74395159680196,34.8302189047488,5976
-0.740564817539574,34.8334904413171,5977
-0.750938378921605,34.8303951757696,5978
-0.744308252338238,34.8285982058015,5979
-0.748151435505297,34.8466506786502,5980
-0.748564151227524,34.8385030726027,5981
-0.73874384580216,34.8346662796896,5982
-0.7202472,34.8346686,5983
-0.748649735508011,34.8310455723935,5984
-0.7383719363076,34.8337826198491,5985
-0.732548443749738,34.8422496820384,5986
-0.738374943217749,34.8357526851144,5987
-0.738218026148855,34.8344943064316,5988
-0.741942314756623,34.8290072289625,5989
-0.748989213704038,34.8479156062189,5990
-0.694836784327686,34.7877097828126,5991
-0.7023516,34.7827713,5992
-0.736821155027922,34.8045198624532,5993
-0.715363729908169,34.7801321547154,5994
-0.714980202674707,34.7814815801336,5995
-0.841649931411762,34.9807440532714,5996
-0.849792008378482,34.9785351073627,5997
-0.885334249591966,35.0079202513998,5998
-0.841787066156554,34.9808684309637,5999
-0.836003790863041,34.9737268486532,6000
-0.840436093739369,34.9754954705557,6001
-0.842883403271525,34.9816570204152,6002
-0.83555817093285,34.9781431728091,6003
-0.83753393295189,34.9822878742301,6004
-0.721212756892253,34.8836336363226,6005
-0.773724686069291,34.8807175707805,6006
-0.762987653942596,34.8710077079527,6007
-0.7627741,34.9093657,6008
-0.768069460702406,34.8670808248984,6009
-0.779320582220041,34.8819180055486,6010
-0.721633265178665,34.8832931274571,6011
-0.721623929705997,34.8809792490359,6012
-0.765686476386448,34.865429186432,6013
-0.758162953272518,34.8865165373654,6014
-0.720953891781699,34.8803522036769,6015
-0.762901514514402,34.8729135192358,6016
-0.779725389660831,34.8830671320426,6017
-0.763271803826933,34.8727104805197,6018
-0.763254893007079,34.8718162032869,6019
-0.806478843437584,34.7913437803525,6020
-0.8385304,34.8880174,6021
0.567797342421128,34.9158525955568,6022
0.5539655,34.8493511,6023
0.4354558,34.8573126,6024
0.545023112021597,34.9222129944715,6025
0.544959003175166,34.9213464698539,6026
0.548731799007755,34.9518493242637,6027
0.494913018448897,34.8929642359421,6028
0.593959970355928,34.8656932024015,6029
0.593101559534771,34.8660247857475,6030
0.605687007349168,34.8656187068932,6031
0.603375560639279,34.8600970144868,6032
0.548993185037407,34.7722581702279,6033
0.545723981472809,34.7731505152733,6034
0.547730398903341,34.7721970582222,6035
0.545040257334114,34.7738949094267,6036
0.5524231,34.7722886,6037
0.539892606581271,34.7822901367954,6038
0.5428762,34.7777859,6039
0.5411093,34.7654945,6040
0.545082189046811,34.7741934565209,6041
0.442332183010876,34.9082216899842,6042
0.428803539834917,34.910428058356,6043
0.444584023207426,34.9047848582268,6044
0.428762342780828,34.9106435570866,6045
0.441590845584869,34.9080708995462,6046
0.442127245478332,34.9046846944839,6047
0.437184520997107,34.899935927242,6048
0.441590510308743,34.9081475101411,6049
0.442045982927084,34.9048105906695,6050
0.437336903996766,34.8998210951686,6051
0.4511848,34.9129493,6052
0.644791874213228,34.8914362778096,6053
0.644700939559491,34.8913407918788,6054
0.495894121292811,34.7311860109184,6055
0.4909042,34.7323275,6056
0.4911428,34.7332083,6057
0.483811970041704,34.7461585816091,6058
0.474931625718152,34.7307826177639,6059
0.483184416119934,34.7445722546926,6060
0.478163587105282,34.7497831946595,6061
0.553825929683256,34.7825389359249,6062
0.5039989,34.723712,6063
0.503759859140169,34.7250692723879,6064
0.47761488778311,34.7497028387089,6065
0.495907884836353,34.7311146792365,6066
0.49534500778283,34.7323367388847,6067
0.483845513721959,34.7471244910073,6068
0.440591345541179,34.936227472499,6069
0.440509621985257,34.9361010733992,6070
0.440175561234355,34.9356770329177,6071
0.438171406276524,34.9317937809974,6072
0.437303711660206,34.9336740095168,6073
0.437868610024452,34.9319563060999,6074
0.437119058333337,34.9327929876745,6075
0.436947606503964,34.9316955450922,6076
0.433863191865385,34.9310896173119,6077
0.443623415194452,34.9347982741892,6078
0.442161737009883,34.9357126560062,6079
0.432759337127209,34.9337953794748,6080
0.441995356231928,34.9361390434206,6081
0.630409768891067,34.955941819513,6082
0.628215756368575,34.9601128989535,6083
0.616214693555408,34.8350856486016,6084
0.606517768173412,34.8144301136315,6085
0.604851261592613,34.8255741062155,6086
0.588727535839779,34.8342359060849,6087
0.6026823,34.8518631,6088
0.606592223077136,34.8145575531081,6089
0.587764648578104,34.8339462625422,6090
0.601901005361409,34.8166354391479,6091
0.595033387116017,34.8048880004972,6092
0.596040924983654,34.8063805893743,6093
0.588470165781369,34.8339564630181,6094
0.594977506343652,34.8054992001832,6095
0.625791500974299,34.8496144431234,6096
0.644139487694706,34.8434449813927,6097
0.681659394684768,34.9191856206741,6098
0.626269247578286,34.8499484685436,6099
0.6345764,34.8503296,6100
0.649296721848561,34.8912978811257,6101
0.643949709469482,34.843043916547,6102
0.634503181886917,34.8508121124174,6103
0.489511946216226,34.7326716128737,6104
0.487057012505829,34.7342443931848,6105
0.470342156477273,34.7307877801359,6106
0.465079986682833,34.7343030546021,6107
0.480357063934207,34.727220274508,6108
0.48623445443809,34.7012351173908,6109
0.480408780276775,34.7272135689855,6110
0.48775602132082,34.7021003812551,6111
0.491489299440511,34.7171731294023,6112
0.6117947800044,34.9128063290842,6113
0.4405679,34.8557499,6114
0.613192170284379,34.9161857538918,6115
0.618599483618771,34.9516604354255,6116
0.611320030035579,34.914777010097,6117
0.606959152659247,34.9443825559484,6118
0.60505711041966,34.933298475024,6119
0.606812173841894,34.9453615724009,6120
0.612167863996249,34.9129251062166,6121
0.60388818624762,34.9558690725422,6122
0.614566500287032,34.9147955777417,6123
0.608487682066492,34.9162246881966,6124
0.613454700825228,34.9178617488049,6125
0.606716038745647,34.9352835283467,6126
0.605822939557548,34.9332615884694,6127
0.433617224916816,34.7364733088762,6128
0.463363844901323,34.7742809727788,6129
0.464117587544024,34.773364411667,6130
0.465991948731244,34.7802772186697,6131
0.433621876873076,34.736536424607,6132
0.43253542075206,34.7355995702788,6133
0.452102338895202,34.7675679065287,6134
0.463263932615519,34.7744006663561,6135
0.451245331205428,34.7651903796941,6136
0.45109860599041,34.7654854226857,6137
0.581422516503878,34.8813820037483,6138
0.589084971057423,34.8788903327556,6139
0.581474067950186,34.8813959250622,6140
0.4872672481779,34.8880199448757,6141
0.632306808478761,34.9576306241219,6142
0.441686312887103,34.8670184913569,6143
0.448687269897042,34.912064660826,6144
0.442499146746664,34.8674640414949,6145
0.449194817538952,34.9116645320985,6146
0.5594056,34.8919697,6147
-1.01982246641502,34.5279721562638,6148
-1.01917479579053,34.5126780107813,6149
-1.01341974455863,34.5156374014914,6150
-1.01705444804589,34.5061000215316,6151
-1.02537104151056,34.5139911724155,6152
-1.01717425153921,34.5300072061914,6153
-1.01792003028095,34.5344197377563,6154
-1.02954757399857,34.5088422764093,6155
-1.01880030418721,34.5287530418218,6156
-1.01887598444804,34.5129471556123,6157
-1.01959356106818,34.5353243127465,6158
-1.01297847926617,34.5156668219715,6159
-1.02543593161289,34.5140238794445,6160
-1.01518939194704,34.504991190973,6161
-1.02688971441239,34.4391344301403,6162
-1.01876822163144,34.4325246754032,6163
-0.992901852700742,34.4196499887164,6164
-1.02159792557359,34.4446324557066,6165
-1.01526036858559,34.4468047935516,6166
-0.999570883055428,34.4019156628961,6167
-1.00585656678494,34.4011364074197,6168
-1.0024610767141,34.4186022039503,6169
-1.02660435251892,34.4398730434477,6170
-1.02293492294848,34.4467523228377,6171
-1.02495789527893,34.4377513322979,6172
-1.02364709135145,34.438203368336,6173
-1.00265700564152,34.4023427394153,6174
-0.997540801361308,34.4023755768627,6175
-0.995006448251126,34.421328807982,6176
-1.02013997733593,34.4461190700531,6177
-1.02107569109649,34.4424514006823,6178
-1.02591825183481,34.4388209469616,6179
-1.00366467610002,34.4185841828585,6180
-1.02770464494824,34.4388177618384,6181
-1.00142538609355,34.4018242286819,6182
-1.00031414840369,34.4024537038318,6183
-1.01507760118693,34.4471747707576,6184
-1.01889681003872,34.432172547773,6185
-0.995073063695015,34.4196607940675,6186
-0.996238348077434,34.4174963027392,6187
-0.99680510417742,34.4217735476842,6188
-0.996076693659611,34.5198213828756,6189
-0.991727904677065,34.501611917093,6190
-0.991982691983228,34.5028084373974,6191
-0.989149844525914,34.5026558648665,6192
-0.999777077547489,34.5294457461902,6193
-0.994865290421997,34.5067195618017,6194
-0.981537730669042,34.5271638654653,6195
-1.00186939816922,34.5340877305716,6196
-1.00776833016425,34.5167327485979,6197
-1.00771275814623,34.5167071837932,6198
-1.00746084004641,34.5174844376743,6199
-1.00522493520309,34.5362682259573,6200
-0.996165002897256,34.5193883361832,6201
-0.991683801273609,34.5028994218537,6202
-0.994747210838517,34.5068649629334,6203
-0.998728241826431,34.5320803510797,6204
-1.00479192245453,34.5343385612446,6205
-0.993762953028059,34.5025893380028,6206
-0.981013369500416,34.5277577506904,6207
-0.993667972939265,34.5043388324584,6208
-0.989140924730648,34.5027031342221,6209
-0.920946733094752,34.3901181500405,6210
-0.929087572731078,34.3917954526842,6211
-1.04287168135505,34.483302919543,6212
-1.02129148839455,34.4914407052028,6213
-1.01715552461891,34.4845270375727,6214
-1.01578841986357,34.490275539061,6215
-1.01680872322582,34.4875322780347,6216
-0.995724924725501,34.4702871609322,6217
-0.998037009232809,34.470663922263,6218
-1.04341865909279,34.4825786847743,6219
-1.04365057510306,34.4825895438459,6220
-1.01906530272812,34.4892419995882,6221
-1.02131563362811,34.4912250313387,6222
-1.01638953308955,34.4915882990702,6223
-0.995893413534309,34.4703184014892,6224
-1.01823566799571,34.4905494310069,6225
-1.01915474844745,34.4943532161149,6226
-1.01652316731644,34.4984387023211,6227
-0.952504350757264,34.5058978810305,6228
-1.0145259567913,34.4973762588164,6229
-0.958165527722128,34.5152483059141,6230
-0.995973056230114,34.4587689764362,6231
-0.98719369167595,34.4522701715797,6232
-1.01754340170119,34.499626375881,6233
-0.955568976214818,34.5116783125541,6234
-1.0023161,34.4826651,6235
-0.997500875964761,34.4545747339725,6236
-0.996441972174051,34.4643422553602,6237
-0.993077510326354,34.4563523031585,6238
-0.996622976340859,34.4646214529916,6239
-0.995301784715485,34.4644254723428,6240
-1.0029112,34.4825587,6241
-0.9984646,34.4841533,6242
-0.990368783495942,34.4607646596771,6243
-0.904278200589351,34.4446874584952,6244
-0.865933531461027,34.4489283030125,6245
-0.899521800718947,34.4727392540561,6246
-0.90680249467595,34.4401101907865,6247
-0.907779057044573,34.4389787770254,6248
-0.911013014055676,34.4685079244465,6249
-0.901781609921248,34.4961919214915,6250
-0.898954197184074,34.4785489280541,6251
-0.899196034682324,34.4788280823919,6252
-0.904935585407686,34.4569717702176,6253
-0.872295809897856,34.4630612661611,6254
-0.906987816166688,34.4403832039419,6255
-0.910873300572291,34.4685965343391,6256
-0.901257642589303,34.4570275883411,6257
-1.02406864025011,34.4485366580141,6258
-1.0540373220378,34.4525891025817,6259
-1.02223368355307,34.4510222439033,6260
-1.02611593902111,34.465261073783,6261
-1.01210803550604,34.4516140401936,6262
-1.03167770799345,34.4530145596813,6263
-0.9996184,34.4599258,6264
-1.03248663729824,34.4472026785899,6265
-1.04395577954957,34.449064975789,6266
-1.02566306479275,34.4648673757911,6267
-1.0400867,34.4758079,6268
-1.12580702640116,34.4663927145302,6269
-1.12061359919608,34.4874718599021,6270
-0.979548107860695,34.4256785265384,6271
-0.998547626906988,34.436945227599,6272
-0.978623332581375,34.4390752505128,6273
-0.977165246895375,34.4272067007339,6274
-0.973840946281514,34.4273184533873,6275
-0.973623832813278,34.4267165329685,6276
-0.994262310937262,34.4375264221032,6277
-0.987708,34.430763,6278
-0.994377441278383,34.4381217587035,6279
-1.00282541035565,34.3786792321401,6280
-1.00341496999998,34.3795327476606,6281
-1.0836956,34.5525393,6282
-0.97709961120885,34.3972492506628,6283
-1.0308997,34.4798696,6284
-0.988814576817951,34.4220638151494,6285
-0.989955664111734,34.4210845977852,6286
-0.98991860889936,34.4224444097912,6287
-0.977198028241429,34.3986521280884,6288
-0.977078774752257,34.397387340838,6289
-0.977459619753063,34.3502217996866,6290
-0.978714097291231,34.3556255288422,6291
-0.980075276456773,34.3544301856309,6292
-0.978569802828133,34.3582978472114,6293
-1.09429931700867,34.4046901897434,6294
-1.09250685631095,34.4042351577459,6295
-1.10811404045653,34.4120937310622,6296
-1.11215587255867,34.4309379177678,6297
-1.11102404639758,34.4327625671511,6298
-1.11218697301833,34.4304654322096,6299
-1.10859169966047,34.4117576062352,6300
-1.10700109112147,34.4107187768054,6301
-0.994766489602625,34.4547301344573,6302
-0.994766405783594,34.4547129515558,6303
-1.0079403,34.5089021,6304
-1.04321640450507,34.5209796074778,6305
-1.0629784,34.5312768,6306
-1.0395174,34.5519281,6307
-1.0074077,34.5646298,6308
0.4718773,34.1168536,6309
0.488393697960822,34.1211926994929,6310
0.469216200249547,34.1189003328723,6311
0.47815308467522,34.1183525600962,6312
0.41363416977075,34.22265942684,6313
0.41792451708178,34.2185768158138,6314
0.422377164282389,34.2310107158041,6315
0.4346174,34.2722001,6316
0.4214665,34.2666443,6317
0.417324405922201,34.2201149854207,6318
0.4506827,34.1443281,6319
0.4783543,34.140503,6320
0.496843274082751,34.1365349752512,6321
0.495912326205227,34.1248047108588,6322
0.490634899234922,34.1267613832478,6323
0.471734578941782,34.1465376755509,6324
0.4874003223997,34.1318393915077,6325
0.492077775622258,34.128807263253,6326
0.491007882558898,34.1278624764054,6327
0.481762347769774,34.1297067137457,6328
0.451933359727264,34.3332901038229,6329
0.451307491681801,34.3319763058817,6330
0.444860248826444,34.3296783417463,6331
0.449584159264298,34.3174514286827,6332
0.446148002520204,34.3359182495624,6333
0.438426174223423,34.328855490312,6334
0.451756292022765,34.333279710263,6335
0.444819345138967,34.329643137753,6336
0.446596684381107,34.3298808090284,6337
0.43148586333625,34.3497758767537,6338
0.451906831003725,34.3333756830543,6339
0.441202145631705,34.3330978474777,6340
0.438355053775012,34.3288712482899,6341
0.440201827492878,34.3322389597391,6342
0.449713589464116,34.3173430193662,6343
0.450416168851279,34.3316435516551,6344
0.440035221548425,34.3312826289699,6345
0.438349270261824,34.3289026804268,6346
0.440292906821105,34.363103968269,6347
0.440180165083235,34.3640855920487,6348
0.478170154365475,34.5186086285093,6349
0.442694312071399,34.3337225569183,6350
0.446970244153996,34.3381764680648,6351
0.431563232178773,34.3496309057623,6352
0.44617981184274,34.3359192553908,6353
0.431780455809036,34.3503734507419,6354
0.446839600824352,34.3299528334292,6355
0.404187318725355,34.1711725059188,6356
0.372921614354262,34.1493222654055,6357
0.402360384673449,34.1534333934668,6358
0.36841491530099,34.1491235495224,6359
0.377737,34.1534672,6360
0.404646659528173,34.1717847649143,6361
0.373863110041596,34.1480904483048,6362
0.4120945,34.1874357,6363
0.401163668724256,34.1531337600219,6364
0.41219840299816,34.152786085901,6365
0.390319727325867,34.1474899285261,6366
0.440021294567688,34.1683016689737,6367
0.429610694352284,34.1688046643589,6368
0.449301408151722,34.1589155794765,6369
0.438929117164996,34.1686843857268,6370
0.45051451113371,34.1111743967297,6371
0.449751556285241,34.1611991598786,6372
0.428211673490091,34.1677843460859,6373
0.423845895808199,34.1700332904508,6374
0.461016575325955,34.1574895651022,6375
0.444561766725408,34.1633035638636,6376
0.464681189195594,34.164482695391,6377
0.4398525861959,34.1679402261023,6378
0.458617210116566,34.1548909506043,6379
0.465095906255891,34.1643574687634,6380
0.379013600410979,34.2440507292493,6381
0.408818820385576,34.2439934574329,6382
0.410675312906356,34.2403136259671,6383
0.447833905882406,34.2475553648175,6384
0.386024841730102,34.2526232360052,6385
0.405980771361823,34.2538085565501,6386
0.403173525725892,34.2446164164087,6387
0.379572640913669,34.243943924358,6388
0.40550120096523,34.2553063036148,6389
0.495080478118989,34.2578130144989,6390
0.490929062568149,34.2413981469686,6391
0.491663222725332,34.2583356601828,6392
0.49051388168965,34.25252249383,6393
0.483919101230304,34.2473297713413,6394
0.493437628213718,34.2577537879581,6395
0.36414620716273,34.1121853314986,6396
0.363218724479234,34.112839663871,6397
0.376870369751094,34.1183709183117,6398
0.364018480603128,34.1122397138644,6399
0.381905084355697,34.1284040270628,6400
0.893839190906455,34.8771830641979,6401
0.819507148793679,34.9718928790559,6402
0.817892648899581,34.9723857893073,6403
0.840169643360335,34.9705732117736,6404
0.821136170088082,34.9714888790216,6405
0.819778884770183,34.9645208696419,6406
0.807958059579907,34.9857432344631,6407
0.819810439910086,34.9813270881247,6408
0.840516062884242,34.9705214364369,6409
0.819807729899096,34.972042288203,6410
0.822605640270269,34.9533311072306,6411
0.823200739995913,34.964751037852,6412
0.840427920560584,34.9702188951211,6413
0.825693405019889,34.97343021149,6414
0.820598318442559,34.9684976922838,6415
0.823770294912556,34.9559840255091,6416
0.822259241404906,34.9705739572507,6417
0.825658197670882,34.9733731026448,6418
0.819338107607899,34.9722717509333,6419
0.819478640153862,34.9813843978658,6420
0.807869285940559,34.9856454865229,6421
0.820479980108037,34.9811169595024,6422
0.82043802117762,34.9720256135278,6423
0.817655120312953,34.959824623813,6424
0.821044824316018,34.9617239741962,6425
0.822142426376973,34.961149319263,6426
0.818588421277539,34.9720012266101,6427
0.8115561,34.8170515,6428
0.982205347035571,34.9737433999036,6429
0.777847458721286,34.8247159260925,6430
0.890890209036684,34.9323347489521,6431
0.980027769759078,34.9791555910998,6432
0.770677203697747,34.8146798768374,6433
0.772432011054055,34.8150488578098,6434
0.784752263556672,34.8263336750909,6435
0.77067651747257,34.814663299387,6436
0.789828285228806,34.8071486108635,6437
0.76959266467706,34.8124008724536,6438
0.769738023596975,34.8126339731419,6439
0.837798672850917,34.9308553970963,6440
0.825444102790326,34.9432337964318,6441
1.03865428412645,34.859537296097,6442
1.03891132676784,34.8595147130436,6443
1.02935006915418,34.8590304905101,6444
1.02733234187945,34.8616331782439,6445
1.03005757841072,34.8585961141991,6446
1.02948196575105,34.8607217580967,6447
1.04854517407707,34.8792572342089,6448
1.03557234160195,34.8613380256325,6449
1.029281332977,34.8577955969915,6450
1.04691809007843,34.9379520046534,6451
1.02760547704849,34.8616342156659,6452
1.02780969662889,34.8605553419897,6453
1.04331434261591,34.9387850913759,6454
1.02931262680763,34.8602541670476,6455
1.03533117795609,34.8608612921762,6456
1.04025700960278,34.8598589460177,6457
1.03862169882803,34.870735632201,6458
1.03779723366585,34.85749932238,6459
1.03522441982895,34.8609525549195,6460
1.0332999827943,34.858531441348,6461
0.891207322226865,34.9327443864437,6462
1.13868919241426,34.926175815058,6463
0.890522708401534,34.931989134284,6464
1.1386165265058,34.9263155097903,6465
1.13850021309695,34.9261657884871,6466
0.996235374090468,34.8973612533584,6467
0.890634380373765,34.9326555335145,6468
0.984238522478646,34.9693956497979,6469
0.978729459610649,34.8918728124679,6470
0.977345258530949,34.8611331191401,6471
0.978326883268205,34.8917407051973,6472
0.994807402241036,34.9007821272337,6473
0.993196210217518,34.8971265190676,6474
0.993436443958782,34.8974059311523,6475
0.977468878391388,34.8612770775465,6476
0.991488705931525,34.8977100774033,6477
0.978921336919578,34.8645092045803,6478
0.987411350114117,34.9010835933704,6479
0.979653832903759,34.9868715405391,6480
0.953365171935084,34.9131657814345,6481
0.975383049229901,34.868394734768,6482
0.97632364277233,34.8686772924362,6483
0.979496521553144,34.8917248758805,6484
1.00314712059835,34.8519183401058,6485
0.971476288825994,34.8691754627042,6486
0.977332785538413,34.8655358815607,6487
0.976286677352961,34.8695081418054,6488
0.994587453663304,34.8502110575699,6489
0.979333886188687,34.8663263598469,6490
1.00190006328765,34.8516536960742,6491
0.995432612979227,34.8525739671698,6492
0.971613785838953,34.8690953909179,6493
0.970576156330653,34.8705010908242,6494
0.799045421901283,34.8686601596035,6495
0.814613310018456,34.8522407211152,6496
0.784732384628673,34.8528425610427,6497
0.779602031731469,34.8123548673869,6498
0.811956184094616,34.8567641785652,6499
0.787439295370626,34.854059079424,6500
0.779738289493958,34.8125185992077,6501
0.800857761016831,34.8687787628335,6502
0.785679221261223,34.8542835527061,6503
0.78535226972319,34.8542175186291,6504
0.787132231878874,34.8552989889839,6505
0.815922995678745,34.8528508131494,6506
0.787329440851408,34.8462481121325,6507
0.787577690594181,34.8603660945319,6508
0.827912695906259,34.8861144661294,6509
0.816274024726696,34.9015391888976,6510
0.817449025136354,34.9192888532201,6511
0.816759166911057,34.9027582708735,6512
0.827020991165309,34.8868591777281,6513
0.838429289171729,34.9020309420562,6514
0.840483662347017,34.9103171184492,6515
0.843733318944409,34.8981008245058,6516
0.816217266077535,34.9015185186827,6517
0.81851355328859,34.917771523479,6518
0.814909564701308,34.9169910088455,6519
0.84329394909689,34.9066267249969,6520
0.827329577899137,34.8855092432449,6521
0.890992172446077,34.8819634482374,6522
0.889251068648495,34.8811154045257,6523
0.864439574209918,34.9001478368379,6524
0.886622006718886,34.8799079685712,6525
0.884582986009923,34.878584853357,6526
0.880463864814144,34.8857603073193,6527
0.891171586549453,34.8817070143127,6528
0.880472308720786,34.8822601337641,6529
0.884762307072731,34.8826122307141,6530
0.879614490984601,34.8828523692543,6531
0.860126646374174,34.8965610930444,6532
0.863484640919832,34.8991608340829,6533
0.855878980542886,34.9020059905105,6534
0.875461537946539,34.8898024241265,6535
0.912563507103593,35.01308336286,6536
0.93180644049336,35.0156520062167,6537
0.913193232465684,35.0123359660128,6538
0.915413455937064,35.0086997698411,6539
0.922399705013237,35.0137557923548,6540
0.915212996313583,35.0135568325981,6541
0.90026682487951,34.9980494643118,6542
0.948126789148192,34.9535267663279,6543
0.911907767903704,35.0181590951995,6544
0.922274767614906,35.013894306045,6545
0.867022545788362,35.0017336872904,6546
0.920985680531414,35.0143583290579,6547
0.867115326330138,35.0016404388804,6548
-0.449753373104092,35.0141874442515,6549
-0.449604491518148,35.0111910089893,6550
-0.447735543438753,35.0257790447533,6551
-0.531617330897262,35.0049304481847,6552
-0.531085756618612,35.0049632192221,6553
-0.490693294240532,35.0210268333918,6554
-0.520465828347339,35.0244091578703,6555
-0.488495675421305,35.0257822747947,6556
-0.52548079599822,34.9999858414679,6557
-0.524758970213714,34.9970221821291,6558
-0.518042005026972,35.0222546988646,6559
-0.456563678276824,34.9543922137328,6560
-0.457319428840828,34.9642431830536,6561
-0.456992516144227,34.9642929785788,6562
-0.454972602943459,34.9517371910856,6563
-0.464714045017163,34.984079582479,6564
-0.665395172293786,34.8976927508398,6565
-0.666514774784446,34.8899656534195,6566
-0.669634100049734,34.8968996666372,6567
-0.656464852793502,34.8869672547738,6568
-0.665849419310689,34.8891956917942,6569
-0.669903326779604,34.8950605932623,6570
-0.666822013445199,34.8873152956366,6571
-0.669684768654406,34.8966026119888,6572
-0.666039143688977,34.8888651095331,6573
-0.504835654181939,34.9547504377111,6574
-0.650471355138027,34.9458597401862,6575
-0.621063779108226,34.8610664438456,6576
-0.621796627589421,34.8872112617753,6577
-0.618969099596143,34.8601407464594,6578
-0.621889274573719,34.8882271630423,6579
-0.619000447914004,34.8600490484387,6580
-0.605393894948065,34.8633491713554,6581
-0.603378885425627,34.8928833939135,6582
-0.604843958280981,34.8632105346769,6583
-0.605226025761016,34.8633060597438,6584
-0.649952861465892,34.9463290058196,6585
-0.62205066459846,34.8882154704932,6586
-0.605291443518694,34.8627074515573,6587
-0.621520886737373,34.8871667982459,6588
-0.620782482437789,34.8607552237809,6589
-0.623027753434148,34.9388360895243,6590
-0.501890808749987,34.9386360853065,6591
-0.502023249047725,34.9532062779926,6592
-0.478785088419645,34.9388958677834,6593
-0.62361942740907,34.9428644812019,6594
-0.499853624067109,34.9449350581847,6595
-0.478865462802627,34.9387071522379,6596
-0.477593491904617,34.9379331506638,6597
-0.495599714783509,34.9403595915441,6598
-0.500013023629783,34.9502735175654,6599
-0.489543312614932,34.943190662576,6600
-0.493547968049593,34.9428124870059,6601
-0.696572836885871,34.8424137021678,6602
-0.696022954332811,34.8364703624588,6603
-0.454269536628814,34.9701329069292,6604
-0.4923090711236,34.7962545510382,6605
-0.497667999006808,34.7981786169112,6606
-0.498513942584395,34.7988510131836,6607
-0.511120450682938,34.7995548415929,6608
-0.490458053536713,34.7941683791578,6609
-0.491721499711275,34.7987759951502,6610
-0.478021656163037,34.7991282865405,6611
-0.497670848853886,34.7952360659838,6612
-0.482771471142769,34.8036975972354,6613
-0.498912166804075,34.7986376937479,6614
-0.485599148087204,34.8086241446436,6615
-0.497646289877594,34.7952649835497,6616
-0.495605967007577,34.7981937881559,6617
-0.487647936679423,34.796814378351,6618
-0.479124672710895,34.7325887158513,6619
-0.481252293102443,34.8046206124127,6620
-0.495914714410901,34.7985409665853,6621
-0.49048965331167,34.7942728176713,6622
-0.485624000430107,34.8079618066549,6623
-0.48852317493492,34.8483584345848,6624
-0.501099256798625,34.7211301513016,6625
-0.500981491059065,34.7213469911367,6626
-0.493856705725193,34.7203056234866,6627
-0.495478268712759,34.7368431184441,6628
-0.450113606639206,34.6936942543835,6629
-0.450200149789453,34.6936370898038,6630
-0.507105770520866,34.7244000155479,6631
-0.505663412623107,34.7252444922924,6632
-0.501608038321137,34.7212969511747,6633
-0.493880552239716,34.7138910368085,6634
-0.450202119536698,34.6937525924295,6635
-0.495233978144825,34.7368003707379,6636
-0.493038883432746,34.7075584251434,6637
-0.493458355776966,34.7136844228953,6638
-0.490782600827515,34.7199981752783,6639
-1.01558286231011,35.0551774911582,6640
-0.498494622297585,34.7374403290451,6641
-0.492088836617768,34.7077818028629,6642
-0.498526599258184,34.7373910434544,6643
-0.501474724151194,34.7210678737611,6644
-0.551562186104159,34.7481224151372,6645
-0.372680017793578,34.7673967834129,6646
-0.379491901759604,34.7703942416362,6647
-0.535928746685386,34.7230025008321,6648
-0.44721866492182,34.6902746893466,6649
-0.476778536103666,34.6989658847451,6650
-0.476772543042898,34.6989151742309,6651
-0.456007593311369,34.6876270137727,6652
-0.464196293614805,34.6881264913827,6653
-0.463902088813484,34.687670096755,6654
-0.476701883599162,34.6985539142042,6655
-0.464263390749693,34.6881111524999,6656
-0.455565615557134,34.6881036926061,6657
-0.466103469952941,34.6651522815228,6658
-0.447444263845682,34.690399998799,6659
-0.479094665497541,34.7081143967807,6660
-0.476505821381172,34.7514969223576,6661
-0.484969478457574,34.7186577482291,6662
-0.479323318728484,34.7494073092283,6663
-0.427334977610749,34.7312063948028,6664
-0.505630597472191,34.7463271580637,6665
-0.470839496701956,34.8729752842337,6666
-0.467678890563548,34.7607839293778,6667
-0.463389954529703,34.7453137859702,6668
-0.464173830114305,34.7476899717003,6669
-0.451938472688198,34.7502135951072,6670
-0.456876545213163,34.7469166573137,6671
-0.462641073390841,34.7506291698664,6672
-0.456861918792129,34.7469241172075,6673
-0.465091858059168,34.7495632432401,6674
-0.461164768785238,34.7521653212607,6675
-0.463134809397161,34.7436902951449,6676
-0.463143778033555,34.7430756501853,6677
-0.464491252787411,34.7459867689758,6678
-0.45882822945714,34.7493898216635,6679
-0.502929842854526,34.8189314150392,6680
-0.510994842243332,34.8002450329019,6681
-0.510890404073129,34.8001772423565,6682
-0.494006039347318,34.8453104234045,6683
-0.492628818264866,34.8478457119381,6684
-0.521781016985978,34.7523032021247,6685
-0.481213545100313,34.640093418035,6686
-0.693482507126346,34.7701132886901,6687
-0.694809754940833,34.7701481681659,6688
-0.70201906620958,34.7709151983162,6689
-0.860735650595041,34.4924653500158,6690
-0.693178583684827,34.7703143843028,6691
-0.695557254909142,34.7715309041596,6692
-0.691385121406957,34.7771167477688,6693
-0.701565526153999,34.7710989505073,6694
-0.697316641838013,34.771626253756,6695
-0.699136335250892,34.7718455484767,6696
-0.859151453596717,34.4932696691863,6697
-0.5295444,34.5810003,6698
-0.59345846758351,34.574442213963,6699
-0.647021308900066,34.6102538711602,6700
-0.5703621,34.5722035,6701
-0.648840181611811,34.6006222988837,6702
-0.646289018326251,34.6089975842325,6703
-0.645211135287501,34.6087967491463,6704
-0.5813461,34.5664808,6705
-0.5673535,34.5705894,6706
-0.646985348546201,34.6096522669828,6707
-0.557464115324436,34.5981014268962,6708
-0.5812026,34.5708001,6709
-0.651089322027827,34.6009319089971,6710
-0.642207878111713,34.6137679176785,6711
-0.562982593981424,34.5557745592418,6712
-0.5673632,34.5700467,6713
-0.565773689345267,34.552209900356,6714
-0.5853322,34.6337286,6715
-0.590604118069051,34.6355847023137,6716
-0.587972114195364,34.63736834514,6717
-0.5717363,34.626677,6718
-0.5409946,34.6435944,6719
-0.559965362060061,34.6314862404162,6720
-0.575112483772612,34.6249634932947,6721
-0.5871221,34.6309308,6722
-0.562574573169273,34.6309841310192,6723
-0.804434551360845,34.513528833144,6724
-0.692996219706849,34.7718757436034,6725
-0.692998171092556,34.7719271477561,6726
-0.806638669657693,34.5126227054771,6727
-0.751851820322087,34.5565719803712,6728
-0.692900434272534,34.7719092827062,6729
-0.793592810537775,34.5877731331438,6730
-0.77686825594144,34.5909691004974,6731
-0.793810286798649,34.5858227288327,6732
-0.800985614339539,34.5984665027667,6733
-0.788285994226641,34.5933873350333,6734
-0.797231822301938,34.5754759031408,6735
-0.793699917039491,34.5922611500623,6736
-0.775921788191121,34.5878259001473,6737
-0.786722821572689,34.5912692956665,6738
-0.784363262573516,34.5859561736558,6739
-0.787327764769988,34.5909223428485,6740
-0.827370995232233,34.5917644138467,6741
-0.7928054135995,34.5914115199057,6742
-0.79306734229982,34.5918231163865,6743
-0.785468022107062,34.587573165329,6744
-0.798288666429317,34.5822690480455,6745
-0.797902197925488,34.5879298702306,6746
-0.692949669212123,34.7718667625112,6747
-0.829137605397269,34.5934918786591,6748
-0.823188501232102,34.5923029975574,6749
-0.798484160598086,34.5868150154745,6750
-0.785039704248206,34.5877625216174,6751
-0.797670230987821,34.5813467730495,6752
-0.78501334220992,34.5897709610107,6753
-0.790701458404835,34.5921409707426,6754
-0.776499851235481,34.587412708472,6755
-0.790220746923504,34.5855067337835,6756
-0.822012403635147,34.5935460827692,6757
-0.79685417493552,34.5945766934994,6758
-0.692942379886634,34.7718955433026,6759
-0.78275308348843,34.5424315766627,6760
-0.796963525178862,34.5935942045382,6761
-0.799473680539437,34.582959458352,6762
-0.789387110279784,34.5832220152682,6763
-0.892081157951661,34.5032279193895,6764
-0.798261759465559,34.5298053154275,6765
-0.902379,34.5291256,6766
-0.796826266024023,34.5297862923212,6767
-0.891674238148401,34.5032732718941,6768
-0.691708233045814,34.7710106883353,6769
-0.694578377064049,34.7689392598067,6770
-0.692922317792039,34.7717843691732,6771
-0.6930080644091829,34.7719109517245,6772
-0.693198239388357,34.7720648851791,6773
-0.694322737936207,34.771340540572,6774
-0.691487758447212,34.7683579710673,6775
-0.692949033508811,34.771929210304,6776
-0.693044899804654,34.7718828341606,6777
-0.690733319354917,34.7709176085547,6778
-0.693101578693006,34.7718504033151,6779
-0.684801814989029,34.7854358049762,6780
-0.692544155883686,34.772129889135,6781
-0.692874783415395,34.7719225424084,6782
-0.693514588670285,34.7702814982878,6783
-0.692812412208933,34.7723684948909,6784
-0.692709651831143,34.771776591577,6785
-0.762018,34.4991512,6786
-0.7618237,34.4992492,6787
-0.6436621,34.5172459,6788
-0.811656802185618,34.4883551638105,6789
-0.788760292713178,34.481754022981,6790
-0.6985462,34.4761059,6791
-0.7985627,34.5033478,6792
-0.81742056575829,34.4793062623009,6793
-0.774931441521711,34.4699029977987,6794
-0.7766219,34.4894025,6795
-0.819191500453415,34.4809419648641,6796
-0.813451822192679,34.4868056990829,6797
-0.6062168,34.5290877,6798
-0.631799482019828,34.5250738811894,6799
-0.635951867159666,34.5155443951507,6800
-0.620192883212629,34.5174295918304,6801
-0.6103244,34.5292947,6802
-0.615469879736491,34.5166194623751,6803
-0.62052834181664,34.5175058618678,6804
-0.5563371,34.4584478,6805
-0.5548951,34.4604962,6806
-0.652340423270098,34.5240413986508,6807
-0.6033425,34.4887404,6808
-0.630898848758219,34.5197061979179,6809
-0.60118386105695,34.4802034542073,6810
-0.6684658,34.5312415,6811
-0.608534826623598,34.4761105719846,6812
-0.603414,34.4886335,6813
-0.608671475655832,34.5048876154106,6814
-0.607496584366853,34.5068486286508,6815
-0.639913859454896,34.4516195330837,6816
-0.69337838090579,34.7718030668129,6817
-0.693202968806259,34.7717491827548,6818
-0.679893323573541,34.4580723598474,6819
-0.693034883473655,34.7716856102936,6820
-0.669469,34.4710148,6821
-0.693172738554769,34.7717323759928,6822
-0.6704708,34.4588107,6823
-0.6729246,34.4591212,6824
-0.693127545341892,34.7718189067104,6825
-0.6718417,34.4704479,6826
-0.614740171589559,34.5200456007401,6827
-0.6695029,34.4707004,6828
-0.693046521803462,34.7718820153459,6829
-0.693033574209837,34.7719505971582,6830
-0.693473654581832,34.772161230486,6831
-0.760100663175483,34.5953054469503,6832
-0.697571002722127,34.7699575127662,6833
-0.696558939856153,34.7672778038348,6834
-0.705162164746411,34.7616107854616,6835
-0.692863311675581,34.7720502210717,6836
-0.693798474965632,34.7724896466691,6837
-0.761462094552441,34.5951331146327,6838
-0.693043582223946,34.7718323882273,6839
0.739925423301287,34.4209391253805,6840
0.739704262324209,34.4201170749667,6841
0.739810173783809,34.4192451445176,6842
0.7861113,34.4217308,6843
0.73086869470965,34.4297855222279,6844
0.7913755,34.4640115,6845
0.754023183575762,34.4185241654411,6846
0.77032311295168,34.4147394423984,6847
0.7515905,34.4080189,6848
0.728935758454318,34.4194512624351,6849
0.728942562772336,34.4276161667561,6850
0.744775160892552,34.4344390003384,6851
0.725879633332452,34.4205162948134,6852
0.740737037898854,34.4318179164447,6853
0.739744928196961,34.4201368360177,6854
0.708591155288013,34.4600754649451,6855
0.6812735,34.5110408,6856
0.7072803,34.461933,6857
0.710903457892869,34.469827103428,6858
0.7097715,34.4556205,6859
0.7066102,34.4621454,6860
0.8009025,34.4659975,6861
0.7489124,34.4110222,6862
0.712307307686953,34.4613955565952,6863
0.771819720142679,34.3921469033761,6864
0.756230480306181,34.4054996777162,6865
0.758101387390127,34.4068148073051,6866
0.790015511895627,34.3903297858774,6867
0.758272664791155,34.4064326209287,6868
0.763761630019384,34.4072131022965,6869
0.72220912668854,34.4469544105232,6870
0.789648990970228,34.3898645565791,6871
0.769305679435157,34.3865621379501,6872
0.722568416967988,34.4463095068932,6873
0.762461030139223,34.3897119071076,6874
0.718427840630066,34.3658699833192,6875
0.758378784235307,34.4061283118752,6876
0.760479905721795,34.4086932300155,6877
0.794103064866278,34.5493629949942,6878
0.793582457117736,34.5476850215346,6879
0.793784923682857,34.5491770267604,6880
0.812024855038371,34.5554692499762,6881
0.793434265069664,34.5478450320661,6882
0.681198479884937,34.4650498904845,6883
0.5820346,34.5582311,6884
0.673067494458198,34.4389243734017,6885
0.673615405237832,34.4393941279998,6886
0.5819973,34.5583186,6887
0.5819998,34.5583401,6888
0.667563616895944,34.473018787029,6889
0.676088159666311,34.4503035120508,6890
0.669637139288646,34.4659327590346,6891
0.667380659106072,34.4721087185359,6892
0.673997561095957,34.4538590005747,6893
0.655180597677827,34.4697879720479,6894
0.684841244791286,34.4558038067958,6895
0.68475508173768,34.4552731187751,6896
0.673036685662618,34.4518236211172,6897
0.675480323645277,34.45764762334,6898
0.669345085050049,34.4319137844833,6899
0.766754331998527,34.3693275097758,6900
0.681078559720098,34.5156590566184,6901
0.679826791321708,34.509056386256,6902
0.681389970704913,34.5135799795389,6903
0.681463016020727,34.5144486796942,6904
0.665621808730066,34.501177445054,6905
0.679440046660602,34.5090499799699,6906
0.68000206696461,34.5093323072541,6907
0.6748927,34.4260133,6908
0.6803888,34.5026975,6909
0.696400862130276,34.5077748999815,6910
0.708759627221192,34.5007449260039,6911
0.705155724624074,34.4964084622155,6912
0.709102192211285,34.5005622627985,6913
0.699189499423612,34.4848850344814,6914
0.581975,34.5582766,6915
0.695443689704953,34.4865130375902,6916
0.7046093,34.4957147,6917
0.709015013729358,34.4994962512688,6918
0.7376697,34.468441,6919
0.760143483057618,34.4748954847455,6920
0.0534179527312517,35.5706843174994,6921
0.760119804181159,34.4748119171709,6922
0.751979257911444,34.4923005066812,6923
0.823468022638884,34.4400197748684,6924
0.818920522514534,34.4329079285666,6925
0.811693054670841,34.4360881145416,6926
0.82472785172786,34.4396472912112,6927
0.812039825297929,34.4362950581727,6928
0.7903408,34.4172243,6929
0.816018193587665,34.4373121549641,6930
0.814585913909869,34.4324267872714,6931
0.722041823901236,34.4472118187696,6932
0.713069750927389,34.4345513731241,6933
0.718465517275035,34.4413682073355,6934
0.708614392206073,34.4442389253527,6935
0.718842702917755,34.440492130816,6936
0.718429475091398,34.4418390188366,6937
0.765268974937499,34.5326943229884,6938
0.764075014740229,34.5313990674913,6939
0.773299873604698,34.4782835746587,6940
0.7564031,34.5525831,6941
0.773477874521097,34.4785444960865,6942
0.773625900583232,34.4776838332027,6943
0.7474544,34.4508443,6944
0.773817380865492,34.4779224342108,6945
0.775657342170738,34.4706347518259,6946
0.7637284,34.5474094,6947
0.768224308267236,34.4559742603451,6948
0.7889693,34.4581212,6949
0.7689264183864,34.4562045112252,6950
0.77774740755558,34.4607424736023,6951
0.7921173,34.463665,6952
0.770046311449091,34.4547202512353,6953
0.775670187176803,34.4702553744323,6954
0.791027317754924,34.4724280200899,6955
0.770639320457558,34.449062672315,6956
0.772038035071066,34.467678757099,6957
0.774415153026311,34.4799103771937,6958
0.598059628177098,34.556401905914,6959
0.6695719,34.4357624,6960
0.770961963571608,34.4971111323685,6961
0.6713457,34.4349272,6962
0.6694831,34.4319269,6963
0.6783653,34.4525704,6964
0.6711248,34.4384145,6965
0.738769294694066,34.4543521106243,6966
0.758461905643344,34.5075737591833,6967
0.758536336943507,34.5076514594257,6968
0.725256367586553,34.5185123104602,6969
0.72986519895494,34.518162868917,6970
0.725100045092404,34.5185418147594,6971
-0.71611654827814,34.7022468341773,6972
-0.701279179647683,34.6907753626606,6973
-0.668709386180951,34.6929678529801,6974
-0.677742618423496,34.6832993205779,6975
-0.717083462453842,34.6942393135284,6976
-0.716032901810255,34.7022075993084,6977
-0.631139087372622,34.7340787814844,6978
-0.696091781603321,34.6921662691317,6979
-0.663298274864023,34.7216843727996,6980
-0.676260949802658,34.6837813494469,6981
-0.719089168276078,34.7225161671943,6982
-0.701777523849571,34.6832948389635,6983
-0.687943513505946,34.6681393361306,6984
-0.703449488038738,34.6814201158911,6985
-0.71854303666128,34.7179966928187,6986
-0.703870267893095,34.6811822167911,6987
-0.703030075959008,34.6828351830984,6988
-0.685682021254245,34.6685347601063,6989
-0.701395725765314,34.6832884241838,6990
-0.689276503376111,34.6779357755156,6991
-0.701753710304628,34.6830105757155,6992
-0.687627351149056,34.6681272681429,6993
-0.652606997040225,34.7417675175876,6994
-0.656657284704799,34.7289086886447,6995
-0.635703360149785,34.7330077987024,6996
-0.63452252141635,34.7324086861745,6997
-0.644947625497032,34.7774240886597,6998
-0.644954936839931,34.7777333353474,6999
-0.661804266276959,34.7348661567492,7000
-0.658465311194159,34.727465036354,7001
-0.659868624300029,34.733172080796,7002
-0.633890490187735,34.730480898764,7003
-0.625079641483271,34.7338888377267,7004
-0.625291380381722,34.7338070850184,7005
-0.64494035940466,34.7777651271548,7006
-0.631761620478643,34.7353070660142,7007
-0.668579371184909,34.7150984125303,7008
-0.671396133525156,34.7121954368171,7009
-0.662901031271301,34.7099558823008,7010
-0.672813204117654,34.7141645060289,7011
-0.651694670519195,34.72478115842,7012
-0.640609622944767,34.731411630895,7013
-0.651675152475647,34.7230594454664,7014
-0.671110713434105,34.7125640571659,7015
-0.650064671214403,34.7259517689552,7016
-0.698277670452641,34.7327982146788,7017
-0.697830023484612,34.7313613702515,7018
-0.696216574211648,34.7231460610473,7019
-0.621383099620971,34.6835810374741,7020
-0.706295879233148,34.659676504821,7021
-0.701612791906599,34.6547599546115,7022
-0.715723035918337,34.656388361908,7023
-0.716468,34.652294,7024
-0.701635506991511,34.6547753346074,7025
-0.717187621360609,34.6541979604136,7026
-0.715607540760126,34.6667065993927,7027
-0.715076837651281,34.6643526590299,7028
-0.702685223006467,34.6545126877929,7029
-0.709174714012174,34.642456970537,7030
-0.718052764225939,34.6500223154791,7031
-0.7150997547776,34.6508258038735,7032
-0.715634239803529,34.6506917898724,7033
-0.706461068513677,34.6596254935848,7034
-0.565714539696615,34.7254921108871,7035
-0.576866851073983,34.7161623247081,7036
-0.577249716459597,34.7236880669246,7037
-0.568215816206834,34.7224574158702,7038
-0.575428646226824,34.6950632408423,7039
-0.6069097,34.7435195,7040
-0.578790016040925,34.7241124609755,7041
-0.6067696,34.7293583,7042
-0.60889344622675,34.7412440079684,7043
-0.609104126400574,34.741704630467,7044
-0.617260292026301,34.7361686293219,7045
-0.609553921110384,34.7391112934858,7046
-0.619678211321551,34.7367857785705,7047
-0.619419957047585,34.7374393596108,7048
-0.614788853483914,34.738949157662,7049
-0.723069179152398,34.7325524934171,7050
-0.670938856230809,34.6671708573662,7051
-0.667021269496378,34.6688255727778,7052
-0.669671939296286,34.6685486472353,7053
-0.677605723118046,34.6696221020275,7054
-0.669629961267107,34.668587516846,7055
-0.678776241514285,34.668618502437,7056
-0.668385087254095,34.6675883497805,7057
-0.67958163360943,34.6727012650272,7058
0.482533285949693,34.1531104515706,7059
0.482460024949958,34.1530859953329,7060
0.621863768255171,34.373271240232,7061
0.6141378365217,34.287050381188,7062
0.442833556904953,34.4175679255784,7063
0.5528473,34.3857617,7064
0.4389837,34.3847098,7065
0.423562990029944,34.3747155909593,7066
0.445840406729087,34.3774080245753,7067
0.5797779,34.4061932,7068
0.594618478243774,34.4215119119077,7069
0.594483614826926,34.4222218949947,7070
0.544515261513201,34.4227994094559,7071
0.5795381,34.406349,7072
0.497175622332058,34.218847047456,7073
0.688067376234873,34.416090595904,7074
0.685619931671801,34.3729548313152,7075
0.522119389012474,34.1355453935907,7076
0.735844348310093,34.4256061671189,7077
0.741051165685711,34.422376390914,7078
0.760142689838467,34.4139345792275,7079
0.687566439099571,34.3935943847653,7080
0.604677725499621,34.4244769984541,7081
0.636495067884029,34.4234612859774,7082
0.636290291645644,34.4234091343586,7083
0.546747291966882,34.200103461087,7084
0.4624269,34.1088188,7085
0.688022401145387,34.3869960940113,7086
0.475436268812223,34.3805768208993,7087
-0.015382890418867,35.3408976600034,7088
-0.0243728,35.3505685,7089
-0.0151132054023495,35.3625474015197,7090
-0.0111205306750664,35.3611146132099,7091
-1.3e-06,35.3621991,7092
-0.0235927498848759,35.3603283017249,7093
-0.0036578414825758,35.350784465594,7094
-0.0001061,35.3621326,7095
-0.0217820884890424,35.3629258508023,7096
-0.0112885659671465,35.3727878054662,7097
0.0072418,35.3418603,7098
-0.0172753603699342,35.3289047457583,7099
-0.0116151552062614,35.3562693621544,7100
-0.0044412234152825,35.3584887051353,7101
-0.0805578995100971,35.2814515114778,7102
-0.0698181395176667,35.2736530555764,7103
-0.082914389503514,35.2750115371492,7104
-0.0860683705181083,35.2717330345137,7105
-0.0708703027371024,35.2733229763949,7106
-0.0826391399768315,35.2715480335178,7107
-0.0689751679386191,35.2637218575143,7108
-0.0667812930976905,35.256255810027,7109
-0.0672732561372874,35.2559614217649,7110
-0.0713380100189458,35.2690371551741,7111
-0.0805893478159107,35.281529713888,7112
-0.0276838232527519,35.3035451695403,7113
-0.0338254308618088,35.3258820256686,7114
-0.0044460280873078,35.398322463101,7115
-0.0072180379155318,35.3788882804224,7116
0.0061640228540157,35.3725410565034,7117
0.00597116001951,35.3881897782837,7118
-0.0045039286731834,35.3887238181416,7119
-0.0043883123261798,35.3884936234367,7120
0.00878582334601,35.381289068884,7121
-0.0677079171820344,35.2443285707893,7122
-0.0710588615108442,35.2483824012535,7123
-0.0685839883093792,35.2564388030992,7124
-0.0686354557323523,35.2562402580688,7125
-0.060128577366387,35.2628540163995,7126
-0.0690314464966311,35.2444074611352,7127
-0.0647992408442564,35.253401496103,7128
-0.0687553191070841,35.2569283706241,7129
-0.0680733388228904,35.2372906015011,7130
-0.0676169445172694,35.2425588051903,7131
-0.0715558746888687,35.2758410272798,7132
-0.0651480501201625,35.2562809889499,7133
-0.0689036099951401,35.2484703065729,7134
-0.0722876433027258,35.2364177985216,7135
-0.0675085771793913,35.2477759674986,7136
-0.0682424871207118,35.2372957165895,7137
-0.0676520972674585,35.2485291817942,7138
0.0474201,35.1939661,7139
-0.0715188998649902,35.2517480140124,7140
-0.0715861838508152,35.2754694579519,7141
-0.0650822282651588,35.2561562816735,7142
0.0636926743318427,34.7346946920635,7143
0.0620022197624121,34.7235237008653,7144
0.0656492800186297,34.7433649666829,7145
0.0609933513498293,34.7179251953769,7146
0.057863771054494,34.7294675889481,7147
0.0622250120810667,34.723552856228,7148
0.0653564801910077,34.730735454386,7149
0.0660232273593834,34.7264051491668,7150
0.0574204060235528,34.727831295438,7151
0.0643460876777714,34.7345788114934,7152
0.0574268,34.7107033,7153
-0.0312782878004467,34.5820977203187,7154
0.0360084883868694,34.5964313205332,7155
0.0308925011952372,34.6063879827242,7156
0.0380166666582227,34.6105889417231,7157
0.0498049333691597,34.615358998999,7158
-0.0298123952620724,34.5807787445003,7159
0.0476095033809543,34.6163551881909,7160
0.0487765157595277,34.6199464146048,7161
0.0369772268459201,34.6099172160029,7162
0.0483898585662246,34.6213156823069,7163
0.02557834323194,34.6095521815621,7164
0.0814000982791185,34.661643281579,7165
0.0946032689621414,34.6141237596959,7166
0.0942050060257316,34.6152195241302,7167
0.0948989570948697,34.6140317462645,7168
0.0919198896735907,34.6162663400173,7169
0.0915510859340429,34.6160055790097,7170
0.0921622943133116,34.6133982203901,7171
0.1163796,34.6315196,7172
0.0914200767874718,34.6112871542573,7173
0.1099497,34.6498766,7174
0.0936381798237562,34.6145725250244,7175
0.0885042222216725,34.6108938753605,7176
0.112741081975401,34.6226840279996,7177
0.104524134658277,34.6268087625503,7178
0.0882350793108344,34.6234780456871,7179
0.0886422721669078,34.6225614845753,7180
0.0883929524570704,34.6235656365752,7181
0.0280723642484854,34.5629230020587,7182
0.0690577375032915,34.7745789172439,7183
0.073076989779674,34.8082602350838,7184
0.0775946572988696,34.8013167744069,7185
0.0779606512689411,34.8009060805126,7186
0.073668917239669,34.8127432768604,7187
0.0296396983533786,34.7722870821175,7188
0.063723764175429,34.77470946355,7189
0.0605038512656321,34.7844883942939,7190
0.0529115957926441,34.7839602067204,7191
0.0538017753056365,34.7873328116042,7192
0.0689081170780515,34.7746629657186,7193
0.0258802406530348,34.7283384168793,7194
0.0741860311701872,34.8120216302106,7195
0.0590016172373669,34.7714584731911,7196
0.0693684818549345,34.7746134768331,7197
0.0598193577892002,34.7678717230089,7198
0.0788632361203196,34.8014601501157,7199
0.0703180148788744,34.7948642081012,7200
0.0756035393529589,34.7926381211109,7201
0.0613745347730005,34.7845878180543,7202
0.0291332554265978,34.7735665556885,7203
0.0502989,34.7419699,7204
0.0545407764659353,34.7722050512397,7205
0.0695246470906031,34.7947190947732,7206
0.0778829807917326,34.7947076617565,7207
0.0431028000981356,34.7298162816955,7208
-0.0207205,34.7431742,7209
0.052065077862501,34.7586593066043,7210
0.0511717165150232,34.7565708051874,7211
0.0502086,34.7421381,7212
0.0546359298659996,34.7359825809471,7213
0.04282411604776,34.7297011359751,7214
0.0493409877947841,34.7402396596207,7215
0.0397423544241325,34.7354771156708,7216
0.009724416886603,34.7038748595012,7217
0.0029154081424665,34.7052706829581,7218
0.0105903923604811,34.7039697376127,7219
-0.0137486494694825,34.6865193185539,7220
-0.0130479006850368,34.6862191998986,7221
0.0258389056917663,34.7352506744954,7222
0.0205223353215969,34.7633666266748,7223
0.0226615022811159,34.7622882527573,7224
0.0224885062233193,34.7382024090066,7225
0.0224175716637515,34.7383918432,7226
0.0252726024932192,34.7593635218597,7227
0.0234711218707738,34.7592476312554,7228
0.0227797551075928,34.7609476465492,7229
0.0753218354657292,34.7028787247837,7230
0.0747462920844555,34.7021988686174,7231
0.075530712492764,34.6870338264853,7232
0.0747295701876283,34.7021526843309,7233
0.0807784544304013,34.6905227098614,7234
0.0799908488988876,34.691790221259,7235
0.0766073679551482,34.7055693995208,7236
0.0805624527856708,34.69068297185,7237
0.073354016058147,34.6820120606571,7238
0.076286718249321,34.7054051142186,7239
0.0204747925252363,34.648376987697,7240
0.0147619023092048,34.6416492559667,7241
0.0263802705778233,34.6622720373816,7242
0.0228644488379359,34.6509706042707,7243
0.0132940986118649,34.6604693749955,7244
0.0197604624554515,34.6599912084639,7245
0.0248229860178399,34.6508193181103,7246
0.0248128962007611,34.6507872681961,7247
0.0208472181111574,34.6487762220204,7248
0.2768821,34.7293521,7249
0.2768815,34.7293516,7250
0.685877725149131,34.6813916076332,7251
0.684462083781037,34.6810792735439,7252
0.680420045179874,34.6715105371775,7253
0.7166595,34.6670868,7254
0.680363590351477,34.6894668809415,7255
0.679142566470789,34.6744519779467,7256
0.661545943316736,34.67324674044,7257
0.683817885464444,34.6767613293426,7258
0.68034880296768,34.6894918536692,7259
0.667567076999926,34.6722982118184,7260
0.680465625821438,34.6895862945767,7261
0.76532374047187,34.730253159361,7262
0.765237011642007,34.7300737563966,7263
0.730664265262075,34.6719744693927,7264
0.74010788764933,34.667960727457,7265
0.73102878608784,34.6715813477057,7266
0.731990318307288,34.6715460380095,7267
0.7439903,34.6628889,7268
0.75154815930965,34.6716736211444,7269
0.757279,34.6712499,7270
0.736275423652867,34.6692503152588,7271
0.751235446006294,34.6572011993196,7272
0.563716447645686,34.5578977683504,7273
0.7441943,34.6640805,7274
0.7331103619861,34.6693305946121,7275
0.784629458437704,34.7682898760025,7276
0.797835212188985,34.7841891858739,7277
0.802228324886811,34.783357771528,7278
0.789427378452548,34.7942995400369,7279
0.790722860750389,34.7767229638275,7280
0.796451205946632,34.7823096697833,7281
0.797834861499362,34.7856213575929,7282
0.802115461828732,34.7813879138099,7283
0.796294442756359,34.7822263054709,7284
0.757434494137714,34.8149190430254,7285
0.79027841763887,34.776940575902,7286
0.787678821938404,34.7955864914818,7287
0.800129332343916,34.7828413249722,7288
0.800124018422265,34.7828143702029,7289
0.790751151342576,34.7767109249919,7290
0.79712401939314,34.7799373311152,7291
0.79684681562919,34.7985910754342,7292
0.796667461370395,34.7805267167302,7293
0.662390707554783,34.7271729560447,7294
0.6425402,34.7455917,7295
0.664044623110617,34.7238269496434,7296
0.662099857924527,34.7271354104725,7297
0.657934948792619,34.7166454617303,7298
0.673566396339467,34.7160518969729,7299
0.652799552902477,34.7313453187922,7300
0.655667611367403,34.717281334368,7301
0.667782575811655,34.7272442094718,7302
0.657859451233014,34.7180836162714,7303
0.665849210998876,34.7265170883327,7304
0.673472882211655,34.7234057216215,7305
0.65940760751981,34.7164493178049,7306
0.6095227,34.7531893,7307
0.665970364736858,34.7279964820337,7308
0.656808625226571,34.7168265575042,7309
0.671255622756095,34.727223045864,7310
0.654507118155251,34.7345065839038,7311
0.659130047007388,34.7299305676735,7312
0.652470268865,34.7343379299549,7313
0.6232268,34.7483546,7314
0.661874255598702,34.7227946211158,7315
0.7496073,34.7315615,7316
0.7496681,34.7317623,7317
0.7508058,34.733895,7318
0.7506435,34.7301776,7319
0.7492489,34.7316757,7320
0.7507565,34.7345058,7321
0.7497065,34.7303369,7322
0.750753,34.7344896,7323
0.738317,34.7338947,7324
0.7382498,34.7338965,7325
0.734005533562994,34.7278018597222,7326
0.731174712598882,34.7239841614949,7327
0.745582299655231,34.7216195654821,7328
0.738568452426662,34.7230289638291,7329
0.730701024051112,34.726258627379,7330
0.745502402159678,34.7226674554833,7331
0.739409974745604,34.721524202158,7332
0.692194381783362,34.7465608228258,7333
0.682019544419169,34.782383451973,7334
0.649979954484776,34.7462204726777,7335
0.5621649,34.72655,7336
0.644221559356701,34.7302170674024,7337
0.645273473250239,34.7300887485977,7338
0.6167314,34.7355757,7339
0.653090945494041,34.7489428386905,7340
0.507762892074212,34.6767165673077,7341
0.520780232398452,34.7090664185794,7342
0.593014,34.7759781,7343
0.507195659431336,34.6765203906466,7344
0.521530463107056,34.7081959314993,7345
0.522757436612024,34.6765807151068,7346
0.5549683,34.6716529,7347
0.526501672074747,34.6771961449717,7348
0.518197087770779,34.7062501872722,7349
0.729360952180458,34.7702225769644,7350
0.7455564,34.7711446,7351
0.7445427,34.8291282,7352
0.7561011,34.7701088,7353
0.731019010201341,34.7532113064795,7354
0.753654446270748,34.7516047524484,7355
0.7390203,34.7625127,7356
0.734301596849505,34.754428712842,7357
0.760022,34.7701088,7358
0.748703520446789,34.7502421179223,7359
0.6710744,34.6793561,7360
0.7517752,34.7939742,7361
0.5795599,34.5530326,7362
0.675201,34.788825,7363
0.6607635,34.7768883,7364
0.6189088,34.6767013,7365
0.6542764,34.7922765,7366
0.6622412,34.7762696,7367
0.6429798,34.7842705,7368
0.6748122,34.7841526,7369
0.6752359,34.7887185,7370
0.6568849,34.7657489,7371
0.6476566,34.7819567,7372
0.6665842,34.7682125,7373
0.674924,34.7840538,7374
0.6788413,34.786567,7375
0.5796908,34.5529733,7376
0.6781222,34.7863773,7377
0.6770357,34.7853238,7378
0.6769975,34.7863896,7379
0.6744694,34.784001,7380
0.568994,34.7294439,7381
0.562847527866631,34.7549617579064,7382
0.5691327,34.7293949,7383
0.5703173,34.7371304,7384
0.541042965859709,34.7489432219307,7385
0.5710127,34.7366677,7386
0.541264612630263,34.7514672592208,7387
0.5683271,34.7297442,7388
0.541668688597761,34.7515671618942,7389
0.563008332370952,34.7551372584141,7390
0.716057079861408,34.7499104322576,7391
0.7119083,34.754916,7392
0.7143799,34.7521533,7393
0.7079952,34.7545706,7394
0.7078924,34.7545416,7395
0.718727176353787,34.7479101710418,7396
0.711315420444037,34.7407640219777,7397
0.711190432107431,34.7419849394815,7398
0.718611152297569,34.7426983155368,7399
0.520988964544075,34.7206380347327,7400
0.5201691,34.7148689,7401
0.6508729,34.7770317,7402
0.528455807824257,34.7104663436613,7403
0.522074890795312,34.7162192832897,7404
0.5243374,34.7254208,7405
0.524714724268915,34.7185898442981,7406
0.675578150658949,34.746002758748,7407
0.6946838,34.740556,7408
0.6908705,34.7330119,7409
0.6944741,34.7399609,7410
0.6760734,34.7488511,7411
0.6908419,34.7327834,7412
0.6939019,34.7392937,7413
0.6904272,34.7330726,7414
0.701482080072381,34.691986588134,7415
0.6706744,34.7522411,7416
0.686798913732075,34.7833137988823,7417
0.686852596400105,34.783466528067,7418
0.689648818860991,34.7869475941367,7419
0.7073257,34.8031863,7420
0.7132236,34.792335,7421
0.7130428,34.7929335,7422
0.7370405,34.8181525,7423
0.7060667,34.8117261,7424
0.7187381,34.8189075,7425
0.7096101,34.8157929,7426
0.7200956,34.8189441,7427
0.710139,34.8156335,7428
0.706665,34.8110332,7429
0.7352148,34.8167704,7430
0.7199466,34.8188705,7431
0.7212916,34.8132022,7432
0.7078566,34.8017066,7433
0.7102203,34.8159662,7434
0.7220662,34.7651365,7435
0.723467498719646,34.8027343688135,7436
0.5626192,34.7270728,7437
0.769241996122739,34.7413412414756,7438
0.769353783382829,34.7413059441656,7439
0.1066074,34.4081412,7440
0.1014131,34.384829,7441
0.1012095,34.3848015,7442
0.1055866,34.4074254,7443
0.1180277,34.4093544,7444
0.1000328,34.3811907,7445
0.1073661,34.4049371,7446
-0.1013563,34.2754663,7447
0.1183486,34.4088567,7448
0.1074102,34.4089264,7449
0.1066125,34.4081818,7450
0.107574,34.4088709,7451
0.0542705999261692,34.2898458313324,7452
0.0152286675968726,34.3353099738372,7453
0.0196389,34.2252834,7454
0.0136955342634936,34.3355026013018,7455
0.0047531,34.2224781,7456
0.0094108354779289,34.320923395097,7457
0.0097960581732103,34.2972146125783,7458
0.006514,34.2244613,7459
0.0087289458756607,34.3198858459618,7460
0.0464267594384347,34.240019684297,7461
-0.0158525255446669,34.2483061784969,7462
0.0209986709161072,34.3199889163385,7463
0.0078962469731464,34.2649876182088,7464
0.0539491819517995,34.2529684070819,7465
0.0319133253260002,34.3175128287887,7466
0.0145294708458277,34.3334493464454,7467
0.009778829252744,34.2951681148839,7468
0.0105219785282085,34.3232774265579,7469
0.0145527105915257,34.3334720499643,7470
0.0072664508633937,34.3215885392409,7471
0.0539894778705302,34.2529811387834,7472
0.0204902,34.2252737,7473
0.0201559406393103,34.3200795447014,7474
0.0105694128247833,34.3233450057568,7475
0.0542128065589041,34.2899015190104,7476
0.0204651,34.2252289,7477
0.0065324,34.2245437,7478
0.052815964890194,34.2573839551575,7479
0.0096190222580945,34.2965082836794,7480
0.0389110659019911,34.2638658334107,7481
0.0049034,34.1282179,7482
-0.0355138,34.0916543,7483
-0.0352916,34.0873628,7484
-0.0071905895599283,34.1128829139102,7485
-0.0293055,34.0969948,7486
-0.0355724,34.0916422,7487
-0.0111307127030067,34.1744282775255,7488
0.005097143518132,34.1254630792891,7489
-0.0016349363323841,34.1219054446861,7490
0.0070742,34.1292739,7491
0.0048003,34.1282902,7492
0.0075033,34.1273651,7493
0.015943654712177,34.1060076891472,7494
0.0113098327783067,34.1141511618893,7495
-0.0363714,34.0931516,7496
0.0045719,34.1284035,7497
0.0071648,34.1292179,7498
0.0126685623503009,34.1161317808294,7499
-0.0309903,34.0884024,7500
0.0163736331213728,34.1149225870641,7501
-0.029247,34.0968598,7502
-0.0352728,34.0873974,7503
0.008276,34.1269851,7504
0.008344677249266,34.1270361867036,7505
-0.030462,34.0870723,7506
-0.0357281,34.0881416,7507
0.0049124584654201,34.1255807140536,7508
-0.007141936989306,34.1129061118391,7509
-0.0310443,34.088443,7510
-0.0063908836789558,34.1121578083903,7511
0.1111717,34.1710101,7512
0.0924434824862418,34.2141623138132,7513
0.0904562506394642,34.2060266474583,7514
0.0557160662665625,34.2283727639259,7515
0.0850121987687553,34.1999515064115,7516
0.0502300026415624,34.2267224792945,7517
0.1133152,34.1715849,7518
0.0908920081140212,34.2087007934468,7519
0.1112503,34.170915,7520
0.0776236,34.2073691,7521
0.0772115,34.2076966,7522
0.0776285,34.2074028,7523
0.0841603737611437,34.3017932490194,7524
0.0942321139795845,34.3002737004155,7525
0.121487228418514,34.3223714838414,7526
0.124358551698478,34.3243077860537,7527
0.121781252503907,34.3172963257997,7528
0.0953906869474858,34.3081839190864,7529
0.0956163250956909,34.3083806589537,7530
0.0940102108407553,34.3001414624644,7531
0.124432372239184,34.3243991545472,7532
0.122049548493952,34.3157525453266,7533
0.0853089536977044,34.259251237995,7534
0.121623499861869,34.2996307818083,7535
0.117548779502834,34.3070429509273,7536
0.121691663297681,34.2994097933921,7537
0.122722079693673,34.3034775726436,7538
0.0781196876666433,34.2611117294039,7539
0.10453511230735,34.291629895026,7540
0.108579879754283,34.2917009919459,7541
0.121184796510917,34.301792841209,7542
0.0524243077083905,34.3570536819847,7543
0.0401940850562518,34.3372064036991,7544
0.120350429123119,34.3047919318313,7545
0.0589165722312369,34.339291297275,7546
0.0533316008741052,34.3521903868793,7547
0.0400684790962836,34.3379485590254,7548
0.0488429323753246,34.3552975018028,7549
0.0320175851442483,34.3648220063955,7550
0.0292071284626505,34.3646330344414,7551
0.0588962379924946,34.3392126132462,7552
0.118438241079241,34.3075958733831,7553
0.0904338,34.3373002,7554
0.1010402,34.3592867,7555
0.0905553,34.337001,7556
0.1204012,34.3516155,7557
0.1207359,34.3513242,7558
0.1025714,34.333995,7559
0.0903726,34.3372346,7560
0.1052622,34.3329475,7561
0.1025727,34.3340249,7562
0.1206617,34.3513511,7563
0.1013907,34.3626339,7564
-0.0150197,34.5217838,7565
0.006501,34.5135574,7566
-0.0146998,34.519121,7567
-0.0156638,34.5219102,7568
-0.0145193,34.5198701,7569
-0.0146606,34.5191005,7570
0.0094089,34.5116677,7571
0.0113197,34.5142059,7572
-0.0149893,34.5219619,7573
0.0056167,34.5140913,7574
-0.0155051,34.5213025,7575
0.0831324227481668,34.3377604173131,7576
0.077390495239421,34.3398076568875,7577
0.0773797138935374,34.3398079556042,7578
0.0913974948511039,34.3510915491465,7579
0.0831212553128102,34.3377790777236,7580
0.0777388399527291,34.3391597245429,7581
0.092668798439297,34.3541689191234,7582
0.101238172907227,34.349958011105,7583
0.095104700794441,34.3571304683611,7584
0.0913044729983796,34.3510889139448,7585
0.0831310016597424,34.3360354706952,7586
0.176936,34.2664742,7587
0.2138758,34.2639171,7588
0.1919808,34.2766123,7589
0.2148165,34.2644701,7590
0.17391,34.2655052,7591
0.1925571,34.2743996,7592
0.1769329,34.2664704,7593
0.1922943,34.2763412,7594
0.1851705,34.2572793,7595
0.1852669,34.2573155,7596
0.2138676,34.2638609,7597
-0.351015985202744,35.0696689566539,7598
-0.357847999749995,35.0719195609232,7599
-0.364074855747304,35.0709627104154,7600
-0.351028580900184,35.0696725793745,7601
-0.363927626197433,35.0711038213437,7602
-0.358427597300162,35.0711336331712,7603
-0.356830054488277,35.0732104613159,7604
-0.349510732650786,35.0687553023499,7605
-0.364024838855742,35.0980951365571,7606
-0.375926653319659,35.0905125272475,7607
-0.375905876141586,35.090525668567,7608
-0.363809544431575,35.0974991879629,7609
-0.358552572205161,35.0783674244174,7610
-0.375861836824476,35.0900207283654,7611
-0.357126054038209,35.0792302608071,7612
-0.358848825407065,35.0781092397785,7613
-0.357648454695106,35.1067237557989,7614
-0.303759604698182,35.1240202819797,7615
-0.304348568369479,35.1320260169957,7616
-0.312272474881291,35.1268011300217,7617
-0.312374067722547,35.126812819115,7618
-0.311128137280422,35.1307587101565,7619
-0.303707829969083,35.124937611114,7620
-0.304246320522412,35.1321285128286,7621
-0.282905117120507,35.0937719340824,7622
-0.317078131533289,35.1313450963702,7623
-0.509137097269161,35.1345682130765,7624
-0.507079139263086,35.1447165100941,7625
-0.505236062506892,35.1450524710218,7626
-0.526949254088572,35.1525136167961,7627
-0.526920128233191,35.1524534752074,7628
-0.511905499946312,35.1332253578717,7629
-0.509904614922624,35.144562365613,7630
-0.507997691806681,35.1452523874037,7631
-0.507091992268629,35.1461962571303,7632
-0.50926539491612,35.1344146123911,7633
-0.346800241053387,35.1861674609428,7634
-0.362598951839577,35.1979228978628,7635
-0.347311525133951,35.1859159336393,7636
-0.338374221152835,35.1983880361576,7637
-0.322324014258984,35.195920702094,7638
-0.338444112140198,35.1984166587788,7639
-0.361962467187663,35.1980139966774,7640
-0.323421931852819,35.1948553381986,7641
-0.323196809276983,35.1948691181001,7642
-0.322325807614967,35.1959259254762,7643
-0.325096531182181,35.2582633177241,7644
-0.324748247932914,35.2713841594042,7645
-0.320019713636899,35.2895841373103,7646
-0.325156772485802,35.2727676522266,7647
-0.325895257152095,35.2601849219334,7648
-0.307373380306775,35.2794575459562,7649
-0.319930399180082,35.2888878225174,7650
-0.307641622981633,35.2794740803914,7651
-0.305607397876491,35.278378546967,7652
-0.282558002143205,35.2966742207511,7653
-0.270085439052938,35.2614382134848,7654
-0.284490180156502,35.2847191553702,7655
-0.284428961488699,35.28470860868,7656
-0.28260730811237,35.2967134626944,7657
-0.270747336091251,35.2777525320305,7658
-0.283442766692993,35.2962823230865,7659
-0.270486867781999,35.277447206958,7660
-0.270530617722972,35.2620728318089,7661
-0.602601807039376,35.2028757016066,7662
-0.597259365991601,35.2004449192608,7663
-0.592477957756468,35.2077411873398,7664
-0.591926237589615,35.2077993127873,7665
-0.596062023739682,35.2069698395204,7666
-0.603369897616393,35.2046882124445,7667
-0.594908208583465,35.2071247614436,7668
-0.597509964795486,35.2006475845313,7669
-0.451341091783691,35.1929925319513,7670
-0.449130031552987,35.1932052417176,7671
-0.448915779868366,35.1934385156727,7672
-0.441632928431463,35.1886566648533,7673
-0.442420264900619,35.1889831422351,7674
-0.450640458432458,35.1923035393475,7675
-0.45234627881813,35.2004600425469,7676
-0.45099456221801,35.1976169159249,7677
-0.929919434711337,34.6667956374586,7678
-0.92943315859884,34.6690674684942,7679
-0.917442636564374,34.6735212765634,7680
-0.9327577566728,34.674635482952,7681
-0.934952599927783,34.6733117289841,7682
-0.917124249972403,34.6743246819824,7683
-0.917597743682563,34.6735382080078,7684
-0.8497953,34.8737992,7685
-0.8529489,34.872945,7686
-0.8507225,34.8722445,7687
-0.8482768,34.8748853,7688
-0.852904,34.8729377,7689
-0.8483054,34.8749714,7690
-0.917876064777374,34.8154388833791,7691
-0.914307259954512,34.8065486177802,7692
-0.935863922350109,34.8200601618737,7693
-0.918345912359655,34.7994142770767,7694
-0.916181202046573,34.8055426217616,7695
-0.936953821219504,34.8190499749035,7696
-0.935822809115052,34.8200738243759,7697
-0.913648316636682,34.8146148584783,7698
-0.8551772,34.6750579,7699
-0.8545414,34.6875427,7700
-0.8557121,34.6876519,7701
-0.8552067,34.6750395,7702
-0.849807,34.6787056,7703
-0.8496233,34.6800521,7704
-0.8559337,34.6799532,7705
-0.940099381841719,34.7123917657882,7706
-0.931177390739322,34.7178636398166,7707
-0.939454394392669,34.7124099545181,7708
-0.926967998966575,34.7183247283101,7709
-0.953623163513839,34.7066889703274,7710
-0.95320934895426,34.7073576785624,7711
-0.939579159021378,34.7119255643338,7712
-0.922409878112376,34.6985075622797,7713
-0.901445690542459,34.7083296440542,7714
-0.902402233332396,34.6999533567578,7715
-0.901459520682693,34.7058525402099,7716
-0.901547446846962,34.7057138197124,7717
-0.90215815231204,34.7002754732966,7718
-0.92248803935945,34.6984820812941,7719
-0.923322206363082,34.6993325091898,7720
-0.9718029,34.6747733,7721
-0.9619168,34.6877206,7722
-0.9634679,34.6875891,7723
-0.9710102,34.675153,7724
-0.9695045,34.6936967,7725
-0.968688,34.6948344,7726
-0.95560921356082,34.6437224373221,7727
-0.947198853828013,34.6441101003438,7728
-0.95506418030709,34.6427534893155,7729
-0.927505781874061,34.6958690229803,7730
-0.951368557289243,34.6384599432349,7731
-0.955438264645636,34.6437286399305,7732
-0.94621829688549,34.6426133438945,7733
-0.946043701842427,34.6428477857262,7734
-0.880054109729826,34.79059567675,7735
-0.87924265768379,34.791420456022,7736
-0.8655076,34.769688,7737
-0.883792941458523,34.8113825451583,7738
-0.875682444311678,34.7855175845325,7739
-0.889842202886939,34.8195144161582,7740
-0.8852938,34.7896342,7741
-0.8845674,34.7897637,7742
-0.8155462,34.7106185,7743
-0.8354469,34.7208899,7744
-0.7898538,34.7052786,7745
-0.8853744,34.7896608,7746
-0.871901661157608,34.8284752573818,7747
-0.885316478088498,34.8393941950053,7748
-0.871884603984654,34.8284845612943,7749
-0.869669769890606,34.8226396925747,7750
-0.884670233353972,34.8392377048731,7751
-0.870649069547653,34.827117305249,7752
-0.867948546074331,34.8240472655743,7753
-0.91237585991621,34.6496160048991,7754
-0.949974437244236,34.6560159232467,7755
-0.950948749668896,34.655456347391,7756
-0.950664184056222,34.6561202779412,7757
-0.912842564284801,34.6511522401124,7758
-0.911422334611416,34.6502543706447,7759
-0.924061238765717,34.6607004851103,7760
-0.923902485519648,34.658929137513,7761
-0.8608788,34.6457318,7762
-0.8677058,34.6605413,7763
-0.8675525,34.6606129,7764
-0.8597277,34.6525551,7765
-0.8632881,34.6532544,7766
-0.8541154,34.8372997,7767
-0.854111,34.8373991,7768
-0.8628272,34.8320179,7769
-0.8659349,34.8306228,7770
-0.8559932,34.8310172,7771
-0.865918,34.8305768,7772
-0.8558711,34.8314618,7773
-0.8867511,34.7005156,7774
-0.8861709,34.7025238,7775
-0.8867252,34.7006198,7776
-0.8861916,34.7025803,7777
-0.8906037,34.7031637,7778
-0.8894714,34.6890168,7779
-0.888664,34.7011904,7780
-0.8812063,34.8138678,7781
-0.8701643,34.8165458,7782
-0.8778416,34.8078514,7783
-0.8812292,34.813919,7784
-0.8703364,34.8155626,7785
-0.8701639,34.8150484,7786
-0.818905653432012,34.7556281369179,7787
-0.826523420400918,34.7646176442504,7788
-0.818103798665106,34.7555977106094,7789
-0.8150574,34.7624944,7790
-0.82654990721494,34.7646690253168,7791
-0.8150656,34.7625299,7792
-0.830484707839787,34.7648380883038,7793
0.4415635,34.5551447,7794
0.427741,34.5524143,7795
0.4422193,34.5551763,7796
0.4280062,34.5521589,7797
0.4329751,34.5446384,7798
0.4415416,34.5551569,7799
0.4320084,34.5481284,7800
0.4334361,34.5438005,7801
0.552324,34.6494398,7802
0.5454524,34.6364096,7803
0.5592501,34.6505576,7804
0.5454506,34.6363769,7805
0.5454236,34.6356839,7806
0.5579942,34.6513592,7807
0.5331189,34.6189808,7808
0.5339817,34.6184197,7809
0.5331724,34.6387074,7810
0.5142483,34.6235918,7811
0.5332151,34.638698,7812
0.5345643,34.6375228,7813
0.4916513,34.6444893,7814
0.4923518,34.6397609,7815
0.4949236,34.6441293,7816
0.4903165,34.6422437,7817
0.4898725,34.6412684,7818
0.4907796,34.6418477,7819
0.4923674,34.6398433,7820
0.4936822,34.6446086,7821
0.4728398,34.6456977,7822
0.4900527,34.6115883,7823
0.4718443,34.6432354,7824
0.471809,34.643497,7825
0.4996495,34.6134969,7826
0.4996225,34.6134417,7827
0.4727919,34.6456338,7828
0.4743676,34.645693,7829
0.4709263,34.6436083,7830
0.5301831,34.5402277,7831
0.5222004,34.53838,7832
0.5215626,34.5372602,7833
0.5181555,34.5199812,7834
0.5222199,34.5382837,7835
0.5179417,34.5198168,7836
0.5162767,34.5198027,7837
0.5751126,34.5343631,7838
0.5737312,34.5343453,7839
0.5513919,34.5468398,7840
0.5511288,34.5451638,7841
0.5514204,34.546981,7842
0.5607596,34.5280498,7843
0.4635396,34.54,7844
0.4630297,34.5417768,7845
0.4779253,34.5497775,7846
0.4898698,34.5352665,7847
0.4635096,34.5399689,7848
0.4781798,34.5509394,7849
0.4898345,34.535264,7850
0.489966,34.5364308,7851
0.4778835,34.5497148,7852
0.4684169,34.50864,7853
0.4566799,34.5292427,7854
0.4438284,34.5298158,7855
0.4693524,34.5083058,7856
0.4438953,34.5297612,7857
0.4446441,34.5303384,7858
0.4437298,34.5296232,7859
0.4567284,34.5285912,7860
0.2573558,34.1928183,7861
0.2856927,34.1849016,7862
0.3030598,34.1845971,7863
0.2856942,34.1848836,7864
0.2788215,34.1808963,7865
0.2842398,34.1855625,7866
0.2698286,34.1714258,7867
0.2790181,34.1777505,7868
0.2793036,34.1757062,7869
0.263559,34.1922455,7870
0.2899606,34.2157528,7871
0.290819,34.2246184,7872
0.2899607,34.2156171,7873
0.3290545,34.2056558,7874
0.3040166,34.1918556,7875
0.3058126,34.1906601,7876
0.330617,34.2001685,7877
0.3355165,34.4078689,7878
0.3354633,34.4083614,7879
0.3261466,34.3997449,7880
0.3273746,34.3984427,7881
0.3276334,34.3993451,7882
0.3354431,34.4083225,7883
0.3596829,34.402512,7884
0.0842207096926361,34.0169064430331,7885
0.134024420036556,34.0151742276554,7886
0.170278652878996,34.0409480784221,7887
0.188085658285839,34.0686430357335,7888
0.150822542786482,34.0303526301494,7889
0.168943391864108,34.0408773445595,7890
0.190553287094492,34.0420932917588,7891
0.190577733309368,34.0421244532037,7892
0.0811829674714808,34.0428558567306,7893
0.210225933252851,34.0734705695124,7894
0.191461827208744,34.0680737955186,7895
0.188007857899948,34.0686815044551,7896
0.0842740721365974,34.0171935885926,7897
0.174859920119878,34.0426046262847,7898
0.168930936888623,34.0408733637048,7899
0.188940314103997,34.0696295706661,7900
0.210144378212116,34.0734671297572,7901
0.18171905048383,34.0499024121609,7902
0.190340221907224,34.069057820946,7903
0.127097076105405,33.9985096512666,7904
0.190379357903213,34.0423947027839,7905
0.0821130717023956,34.0430546967934,7906
0.144809322392765,34.0368169974135,7907
0.188258710538704,34.068303068108,7908
0.179084309287488,34.0511242541722,7909
0.15069309584545,34.0301018260513,7910
0.170279466487993,34.0409230125479,7911
0.181695737826334,34.0498761457918,7912
0.190796239014637,34.0682598171797,7913
0.170994844898555,34.0394050943056,7914
0.124427821081861,34.0002398873355,7915
0.083932277805242,34.0163011629411,7916
0.19081608456364,34.0724021560497,7917
0.0790698588988121,34.004722050962,7918
0.306686740171047,34.1638210145142,7919
0.314754987565099,34.1633115424472,7920
0.312648961302608,34.164871245835,7921
0.310436226595369,34.1709197746438,7922
0.304922207743439,34.1613578111858,7923
0.306510921016094,34.1637645671808,7924
0.304891873617223,34.1613969615519,7925
0.307687166889286,34.1731790124418,7926
0.307074320148407,34.1652269469996,7927
0.313975110441784,34.1639205811711,7928
0.307653939419538,34.1732785624509,7929
0.304894540283853,34.1614943136033,7930
0.303290885164997,34.114664200826,7931
0.299062,34.1122252,7932
0.3075522,34.0926721,7933
0.3093223,34.1189548,7934
0.297178081373649,34.1125946060482,7935
0.3062046,34.116163,7936
0.3075168,34.0926186,7937
0.3067432,34.1044929,7938
0.3378441,34.207985,7939
0.3311848,34.1724369,7940
0.3669608,34.1791531,7941
0.3311905,34.1724223,7942
0.3313848,34.1728937,7943
0.3668528,34.1813256,7944
0.1516134,34.1108478,7945
0.1528651,34.1097967,7946
0.1511645,34.1084204,7947
0.1510852,34.1084681,7948
0.1195285,34.088282,7949
0.1542628,34.1102883,7950
0.1553912,34.1069162,7951
0.1518121,34.11046,7952
0.1303157,34.0929205,7953
0.296153332010764,34.1458523527278,7954
0.267008896838385,34.1935730018156,7955
0.287191,34.1414703,7956
0.287367680202321,34.1434321877185,7957
0.287697558662497,34.1444347480763,7958
0.329702910079075,34.4909346063259,7959
0.287164,34.1422683,7960
0.287507586497616,34.1564983019084,7961
0.266256444290915,34.1818538271748,7962
0.207037,34.0916288,7963
0.2064755,34.1047611,7964
0.1997837,34.0844323,7965
0.2070768,34.0916852,7966
0.2052613,34.1040747,7967
0.2123998,34.0925755,7968
0.2217035,34.0980692,7969
0.1997683,34.0843568,7970
0.226016,34.1113553,7971
0.2038997,34.0967217,7972
0.2005726,34.0852225,7973
0.2049135,34.1038731,7974
0.367302,34.2685961,7975
0.3812706,34.2629611,7976
0.3589825,34.2696633,7977
0.3672905,34.2685864,7978
0.3625935,34.2667241,7979
0.3813115,34.2625209,7980
0.3809004,34.2641094,7981
0.3585029,34.2690597,7982
0.2756326,34.1214937,7983
0.2599105,34.1299896,7984
0.2830526,34.1342998,7985
0.2756527,34.1215401,7986
0.2596238,34.127403,7987
0.2727713,34.1195452,7988
0.279702500194219,34.1347612322486,7989
0.2722639,34.1413559,7990
0.2541833,34.1278938,7991
0.295555124846023,34.4225852220728,7992
0.289029387855332,34.4437610728583,7993
0.295587330458777,34.4225151002638,7994
0.306916031485264,34.4394704297791,7995
0.3069834,34.4404778,7996
0.2958193,34.4240345,7997
0.288522044806869,34.4422079027752,7998
0.3070708,34.44053,7999
0.258355,34.4250982,8000
0.2583735,34.4250273,8001
0.2735998,34.4510282,8002
0.2576333,34.4211822,8003
0.2516402,34.4512708,8004
0.2581822,34.4186758,8005
0.2639555,34.4735993,8006
0.263659,34.4735124,8007
0.2459413,34.442469,8008
0.2201884,34.4003579,8009
0.2200122,34.3839651,8010
0.2202306,34.4003452,8011
0.237784515727628,34.4086792762212,8012
0.2221617,34.4005407,8013
0.279740523920517,34.4496939383123,8014
0.2927388,34.4640616,8015
0.281567011805359,34.4512773752943,8016
0.3346426,34.4892686,8017
0.279717439465617,34.450307791772,8018
0.307438907114805,34.461955927839,8019
0.30874141898895,34.4606144306678,8020
0.1742162,34.4633982,8021
0.17545,34.463965,8022
0.1720458,34.4481937,8023
0.1720317,34.4484843,8024
0.1788977,34.4643735,8025
0.1734894,34.4670742,8026
0.1724316,34.4464823,8027
0.2949839,34.5529968,8028
0.2589902,34.5579104,8029
0.2923825,34.5409699,8030
0.2941042,34.5402741,8031
0.2593463,34.5558592,8032
0.293795,34.540111,8033
0.2528531,34.4755244,8034
0.2720077,34.4834332,8035
0.2595859,34.4756561,8036
0.2614469,34.4737923,8037
0.2003412,34.6094557,8038
0.1935989,34.6112205,8039
0.1929225,34.6069977,8040
0.1927085,34.5415708,8041
0.1939833,34.6113413,8042
0.1976903,34.6081138,8043
0.2553318,34.5679022,8044
0.265989077207623,34.5654500063633,8045
0.266987058681803,34.5614565507921,8046
0.2558909,34.5679642,8047
0.2559322,34.5681155,8048
0.243093953749085,34.5759539999135,8049
0.267918463445323,34.5649052049311,8050
0.241014121340479,34.5771783573957,8051
0.2408705,34.3807163,8052
0.2447694,34.3981361,8053
0.2466626,34.3886615,8054
0.2474338,34.3881652,8055
0.2592306,34.4132848,8056
0.2277271,34.4210728,8057
0.227024,34.450171,8058
0.2403639,34.4319844,8059
0.2386138,34.4319612,8060
0.226276,34.4492583,8061
0.2357228,34.4271669,8062
0.2329234,34.4260479,8063
0.2262566,34.4492531,8064
0.2052249,34.5297921,8065
0.2045236,34.5295145,8066
0.1924769,34.5318969,8067
0.1922771,34.5212548,8068
0.1968198,34.499478,8069
0.1965261,34.5295159,8070
0.2170223,34.4036546,8071
0.214964,34.4043629,8072
0.2185784,34.4046713,8073
0.230433434139005,34.4177906577189,8074
0.2149185,34.4043305,8075
0.2185107,34.4048371,8076
0.1980543,34.4901386,8077
0.1892632,34.4840557,8078
0.19924,34.4898695,8079
0.1880634,34.4835098,8080
0.1902571,34.4826697,8081
0.197945,34.4905054,8082
0.2073635,34.5011326,8083
0.207187,34.5017891,8084
0.2220808,34.5089154,8085
0.207743622326337,34.5079427650723,8086
0.2082695,34.5070198,8087
0.221276,34.5089119,8088
0.2694935,34.3918876,8089
0.2679432,34.3861661,8090
0.2689887,34.3895854,8091
0.2702652,34.3917464,8092
0.268843,34.3896056,8093
0.2679317,34.3863061,8094
0.2688421,34.3923147,8095
0.2518626,34.4061515,8096
0.266474,34.3878504,8097
0.2584859,34.3694862,8098
0.2457812,34.3616418,8099
0.2594738,34.3674208,8100
0.2458255,34.3621441,8101
0.2587233,34.3797429,8102
0.2594339,34.3675446,8103
1.02765218760191,35.168246945199,8104
1.07694082362167,35.2614362178379,8105
1.05200860896108,35.1999516388799,8106
1.04895715258799,35.1605736449836,8107
1.05107434065639,35.2005039213566,8108
1.05068097047139,35.1683789923071,8109
1.05198087022941,35.1939128921658,8110
1.07653208924166,35.2615314417064,8111
1.04798623924772,35.2021530144401,8112
1.05189772219035,35.1998169046698,8113
1.0401955,35.0991081,8114
1.0400316,35.0959709,8115
1.0395138,35.0983269,8116
1.0400794,35.0959801,8117
1.0165805,35.0752355,8118
1.0160304,35.0751666,8119
1.0304327,35.018934,8120
1.0154706,35.0743629,8121
1.0405937,35.0973797,8122
1.0261929210071,35.28210181076,8123
1.02120973464311,35.2784866139349,8124
1.02524509765062,35.2835806809216,8125
1.01034382581833,35.2907199672656,8126
1.04185421606568,35.2801690925598,8127
1.02216340988264,35.277673733026,8128
1.00970970238146,35.2906303074554,8129
1.04287371723226,35.2795584077697,8130
1.02512635150269,35.2842654097,8131
1.1421071,35.1635366,8132
1.1352813,35.1509667,8133
1.1344809,35.1613444,8134
1.1354895,35.1507595,8135
1.1593034,35.1533397,8136
1.1420641,35.1633827,8137
1.1345717,35.1614516,8138
1.1359842,35.1504482,8139
1.1311001,35.1669697,8140
1.1353256,35.1732216,8141
1.1366201,35.1732672,8142
1.0883231,35.1905677,8143
1.1189102,35.1818247,8144
1.1054175,35.200265,8145
1.1322497,35.1656893,8146
1.1591518,35.1551771,8147
1.0954289,35.1913313,8148
1.1054343,35.200148,8149
1.107649,35.1992895,8150
1.1185042,35.1819668,8151
1.1353995,35.1732639,8152
1.1360984,35.1504019,8153
1.1255604,35.1618381,8154
1.1314465,35.1672802,8155
1.1350897,35.1607734,8156
1.0889987,35.1921992,8157
1.2201586,35.0303808,8158
1.142106,35.1641216,8159
1.1253913,35.1617629,8160
1.159188,35.1547986,8161
1.118536,35.1820658,8162
0.943973966228558,35.335778518431,8163
0.941093505797695,35.3218787935592,8164
0.949081770398492,35.3260078200805,8165
0.943681812476793,35.322387866083,8166
0.928441709293555,35.3266949418498,8167
0.929390817838601,35.3259011319846,8168
0.968692319019734,35.3165494416433,8169
0.943059653969454,35.323048419462,8170
0.948701013114744,35.3263670289373,8171
0.95669163646985,35.3290181341042,8172
0.960946275780409,35.3095935412139,8173
0.946086726802618,35.3206720170465,8174
0.945073003081549,35.3294721428986,8175
0.960397908086541,35.3100212473934,8176
0.970899605244295,35.3163766739783,8177
0.926779269200433,35.3283327014015,8178
0.945683386384602,35.3202785072128,8179
0.947635587152048,35.3268202075937,8180
0.945498255223367,35.3301223091404,8181
0.945765247557616,35.3359444607216,8182
0.970732516453065,35.3144817645549,8183
0.954789110225742,35.3132431219236,8184
0.943616516853644,35.3356607425287,8185
1.07509804412664,35.2297382027077,8186
1.0336801,35.1935508,8187
1.08650913581677,35.2410494869381,8188
1.0780456,35.2109609,8189
1.08207945466363,35.2147615575379,8190
1.02613560252675,35.1670610653984,8191
1.0780158,35.2109021,8192
1.0337391,35.1936488,8193
1.1063559,35.2405529,8194
1.078073,35.2109658,8195
1.09584939851559,35.2209831320006,8196
1.10119,35.2376155,8197
1.0744409708441,35.2127746402234,8198
1.08358130220768,35.221465545538,8199
1.0806825899102,35.2216952800254,8200
1.0780714,35.2109029,8201
1.08068618884632,35.2216990223016,8202
1.1101614,35.240465,8203
1.09895109651309,35.2546979254267,8204
1.07873217386627,35.2156891548226,8205
1.1012391,35.2385694,8206
1.0336959,35.1936954,8207
1.1057954,35.2399197,8208
1.08176634710276,35.2156554755871,8209
1.0811177,35.2166268,8210
1.08351359095759,35.2213657367706,8211
1.0814085,35.2099491,8212
1.0995873460692,35.2555483752433,8213
1.1060297,35.2406388,8214
1.1063103,35.240489,8215
1.07512839631272,35.2297395403417,8216
1.0739708,35.2110292,8217
0.9085867,35.0778924,8218
1.066003,35.0163863,8219
0.9105612,35.0758087,8220
1.0647108,35.0143118,8221
0.9103907,35.0745299,8222
0.9086576,35.0782622,8223
1.0659897,35.0157195,8224
1.1996062,35.0300044,8225
1.2201756,35.0303037,8226
1.2233135,35.0248119,8227
1.2275077,34.9931491,8228
1.1990949,35.0301521,8229
1.2201054,35.0301751,8230
1.2217612,35.0275585,8231
1.2226635,35.0256884,8232
1.2173236,35.0280559,8233
1.2221736,35.0245159,8234
1.01663850051351,35.0393949514738,8235
1.01571917816028,35.0416275947209,8236
1.12419797640704,35.1359748430036,8237
1.12491696722213,35.1365252770151,8238
1.014516827635,35.0419069443865,8239
1.03275343105938,35.0378205250024,8240
1.03646916270501,35.0380277013335,8241
1.02548499855592,35.0391942000154,8242
1.12416277362025,35.1359781685225,8243
1.02542808690833,35.0384593165501,8244
0.987059530653059,35.06525938794,8245
0.997513291246765,35.0633772665317,8246
0.997711154485142,35.0635664829291,8247
0.98705378266701,35.0644709604017,8248
0.981938646143112,35.0433751595275,8249
1.00862667427443,35.077630021484,8250
0.994966970443972,35.0659057534943,8251
0.997759938541605,35.0634221044862,8252
0.969280470367862,35.058068815901,8253
1.00091119662895,35.1676520435614,8254
1.01177329865087,35.1538572074022,8255
1.00368093265064,35.1635678082785,8256
0.999860449865685,35.1689189186465,8257
1.01265490995389,35.1555887909222,8258
1.01292355919357,35.1715886025986,8259
1.01254194613822,35.1706911929962,8260
1.0127811909054,35.1715207270895,8261
1.00407866890877,35.1626743269776,8262
1.01166013760076,35.1697414304789,8263
1.0724136,35.0517877,8264
1.0682432,35.0847249,8265
1.0727573,35.0518756,8266
1.0737788,35.0783561,8267
1.020334,35.0022619,8268
1.0682988,35.085381,8269
1.0757344,35.0786015,8270
1.0746055,35.0789436,8271
1.0049439,35.3406573,8272
1.0046943,35.3400084,8273
1.0047235,35.3407979,8274
1.0188913,35.3411744,8275
1.0188903,35.3493678,8276
1.0188625,35.3493827,8277
1.0129978,35.3506468,8278
1.0184306,35.3411251,8279
1.0177083,35.3405004,8280
0.6364008,34.4683307,8281
0.6386555,34.4725845,8282
0.6388429,34.4728506,8283
0.626356,34.4566469,8284
0.626294,34.4567317,8285
0.6272914,34.4574226,8286
0.6383024,34.454537,8287
0.646935,34.5165569,8288
0.6399621,34.4548056,8289
0.6309384,34.5198855,8290
0.6288722,34.536331,8291
0.6484535,34.5163138,8292
0.6177675,34.5321685,8293
0.6235028,34.5339394,8294
0.6235093,34.534837,8295
0.62357,34.5339057,8296
0.611904237039561,34.4962369412514,8297
0.600525288365909,34.4992858459391,8298
0.600605009230852,34.4975640083699,8299
0.600561753285013,34.4992001480316,8300
0.601163357506508,34.4917190921265,8301
0.611909752299009,34.4962260729825,8302
0.612182126228808,34.496650116137,8303
0.6635522,34.5183434,8304
0.6637786,34.5183211,8305
0.6779251,34.5046479,8306
0.6637686,34.5182517,8307
0.6628757,34.5157966,8308
0.6743007,34.5139909,8309
0.6629062,34.5158068,8310
0.6761139,34.5129553,8311
0.6743282,34.5138969,8312
0.6484019,34.51636,8313
0.651503,34.4556629,8314
0.6521045,34.4574964,8315
0.6651574,34.4556742,8316
0.6591342,34.4668228,8317
0.6609525,34.465668,8318
0.6660031,34.4538379,8319
0.6601606,34.4650794,8320
0.578120653619976,34.4709358495801,8321
0.5739945,34.4524012,8322
0.580634414068287,34.4710881210834,8323
0.578124334233604,34.4710011724081,8324
0.5739343,34.4525499,8325
0.5739373,34.4539906,8326
0.5855149,34.4648377,8327
0.582690910803877,34.4833093099153,8328
0.582362587846247,34.4824806129794,8329
0.585097972823893,34.4893528396419,8330
0.582648952855936,34.4833444836168,8331
0.592785917175108,34.4907173617632,8332
0.5816385535141,34.4799108231012,8333
0.584896970822855,34.4889421857901,8334
0.582647777442623,34.4833228897203,8335
0.581343144547339,34.48210230612,8336
0.637214,34.529672,8337
0.6482842,34.5164111,8338
0.6432746,34.5409356,8339
0.6483393,34.5164216,8340
0.6347829,34.523841,8341
0.634092,34.5261101,8342
0.6273473,34.5181914,8343
0.6484468,34.5163319,8344
0.6334527,34.5266908,8345
0.6534813,34.5508898,8346
0.661991,34.5417315,8347
0.6579717,34.5375924,8348
0.6620739,34.5417335,8349
0.6581441,34.5381296,8350
0.6549191,34.5517416,8351
0.6577271,34.5491631,8352
0.6630484,34.5433519,8353
0.59116729865221,34.5081154460417,8354
0.588211310589337,34.5069879472612,8355
0.587579208946364,34.5068103825486,8356
0.590088100383933,34.5080203946469,8357
0.591160102387395,34.5081215766872,8358
0.574165095974529,34.4992483171308,8359
0.592409081872524,34.5089893866597,8360
0.588559537615215,34.5076562855312,8361
0.6616649,34.4229174,8362
0.6658006,34.4351756,8363
0.665765,34.4351981,8364
0.6763308,34.456931,8365
0.6661108,34.435584,8366
0.661363,34.4235395,8367
0.6614132,34.422516,8368
0.6762772,34.4568332,8369
0.6761242,34.4589512,8370
0.630852,34.5947431,8371
0.6337275,34.590052,8372
0.6309115,34.5946657,8373
0.6336,34.5894813,8374
0.631167,34.5959575,8375
0.6483376,34.5163947,8376
0.6353249,34.601592,8377
0.64826,34.5165386,8378
0.5836312,34.5172263,8379
0.582061451807115,34.5185644749768,8380
0.5831496,34.5172661,8381
0.596922515596909,34.5261160827987,8382
0.596919325305747,34.5261143557206,8383
0.581682642507157,34.5184452689391,8384
0.5830175,34.5172762,8385
0.596731149362695,34.5260541713082,8386
0.5831424,34.5171807,8387
0.122321382252713,34.5428368816484,8388
0.122774,34.5424029,8389
0.109331444782521,34.5345012600048,8390
0.108051561520046,34.5355005587233,8391
0.1227827,34.5423201,8392
0.108483189566675,34.5336205548327,8393
0.122018070526758,34.5428894762856,8394
0.0568579,34.6139059,8395
0.0617212,34.6125007,8396
0.0665925,34.6122647,8397
0.0568394,34.6140043,8398
0.0519817,34.6128996,8399
0.0615948,34.6120765,8400
0.0518766,34.6131421,8401
0.0614837,34.6119549,8402
0.0669832,34.6128903,8403
0.144501472814084,34.5612517221284,8404
0.150952786391676,34.55623804103,8405
0.14390068071724,34.5574009091166,8406
0.143852461931914,34.55736853808,8407
0.144501977108604,34.5612523825971,8408
0.146065741081159,34.5554764465873,8409
0.146856950699102,34.5553489148512,8410
0.093069,34.5893494,8411
0.1006228,34.5957136,8412
0.1007551,34.5956277,8413
0.0706437,34.591499,8414
0.0706849,34.5912368,8415
0.0927907,34.5890447,8416
0.1732206,34.5983838,8417
0.1818065,34.5761167,8418
0.5677261,34.5633706,8419
0.1801577,34.6056953,8420
0.15950427122254,34.547291562218,8421
0.159553775430218,34.5472249609165,8422
0.1498709,34.4996809,8423
0.1579098,34.4946483,8424
0.1608044,34.4935791,8425
0.1607351,34.4935231,8426
0.1510678,34.4997438,8427
0.1091722,34.5559681,8428
0.1500038,34.5017249,8429
0.1510096,34.4997687,8430
0.1340369,34.5958229,8431
0.1350109,34.5958989,8432
0.5675649,34.563056,8433
0.1303125,34.5923016,8434
0.1322375,34.5951656,8435
0.13041,34.5918243,8436
0.1312728,34.5914523,8437
0.0464852,34.5745425,8438
0.046508,34.5746142,8439
0.0948729,34.5355866,8440
0.1704207,34.4785625,8441
0.141999974005578,34.4559265130511,8442
0.142833434777791,34.4529156123786,8443
0.139117478563774,34.4508094604884,8444
0.140586353106232,34.4467374670085,8445
0.139528761946588,34.4513404472276,8446
0.14812426554014,34.4607121494902,8447
0.110155780003877,34.4403746850143,8448
0.101651879847939,34.4471233257729,8449
0.110261544943723,34.4407989358301,8450
0.113027242509214,34.4252614192885,8451
0.113026463108439,34.4252242506256,8452
0.111891699290491,34.4362933406168,8453
0.0950735154325276,34.4446389113776,8454
0.110375216931207,34.4366669475364,8455
0.110856031931505,34.4389129991749,8456
0.112769386017363,34.4349901627389,8457
0.0951092909899812,34.4446267254984,8458
0.111265950537047,34.435501104099,8459
0.113146398613023,34.4242668989508,8460
0.204716142204773,34.3897535162219,8461
0.183193076087442,34.3747981375762,8462
0.182755910545419,34.3762840597416,8463
0.183587544364059,34.3745915002731,8464
0.208676301137065,34.3768605388332,8465
0.206326359229415,34.3870358086948,8466
0.203770601945846,34.3877473179392,8467
0.208828892215845,34.3767682075289,8468
0.208541431751669,34.3791105753484,8469
0.0392672,34.4890312,8470
0.0585972825513394,34.4500931851465,8471
0.058582400631401,34.4501307204697,8472
0.0566564,34.5106515,8473
0.0410043,34.4884199,8474
0.0395178,34.4891735,8475
0.0594213953176892,34.4511055890702,8476
0.0551127,34.5272741,8477
0.0566646,34.5090658,8478
0.0546248,34.5269946,8479
0.0551401,34.5272861,8480
0.130014419347157,34.424310820645,8481
0.127795423997474,34.4254944779983,8482
0.140928808446077,34.4282804389755,8483
0.132178548061673,34.4293287597745,8484
0.140964012327115,34.4283164065268,8485
0.131731937511601,34.4272541861218,8486
0.126646676146499,34.4254873299047,8487
0.116617241640232,34.4437120241493,8488
0.131878570042465,34.429493630725,8489
0.141049851388457,34.4363494166473,8490
0.0934063071686642,34.449764060736,8491
0.114452208402434,34.4504344585419,8492
0.0974835961007906,34.4513440570943,8493
0.0933189410874262,34.4495851179106,8494
0.111766942792229,34.4664389515915,8495
0.102776045433843,34.4549446515227,8496
0.0930263508189286,34.4507798456595,8497
0.102127877452076,34.4547854929245,8498
0.113886973388473,34.4514729257653,8499
0.112316309076894,34.4664396709099,8500
0.1380705,34.5545651,8501
0.1374892,34.5501543,8502
0.1314822,34.5627589,8503
0.1319936,34.5610204,8504
0.0954906,34.4944839,8505
0.0890163,34.4791367,8506
0.0956072,34.4947346,8507
0.0866338,34.4767591,8508
0.0951063,34.4955296,8509
0.0894460848692196,34.45940462634,8510
0.0894080513031926,34.4592113341454,8511
0.1008876,34.5757926,8512
0.1008738,34.5758222,8513
0.1009932,34.5764796,8514
0.0078952,34.609268,8515
0.196989567852166,34.3180190214418,8516
0.204976441426587,34.2924939860269,8517
0.199156261370912,34.3297752557894,8518
0.210618763303167,34.2933216474584,8519
0.203527067525562,34.3187687563379,8520
0.199681706374871,34.3350593010129,8521
0.203306963587416,34.3199990984083,8522
0.189204154058867,34.3517971616801,8523
0.189308115537865,34.3516848936476,8524
0.233484384095672,34.3465828328743,8525
0.190080600038679,34.3515691603985,8526
0.208365551195066,34.3151779645351,8527
0.228960489143742,34.3520570336713,8528
0.1061175,34.5166028,8529
0.1079905,34.5162474,8530
0.1147009,34.5100032,8531
0.113209,34.5099634,8532
0.1094391,34.5077069,8533
0.1147808,34.510097,8534
0.1089441,34.5065978,8535
0.157025933762791,34.2587716141664,8536
0.161254597491353,34.2361739897848,8537
0.158748775675013,34.2551988544899,8538
0.156218844454941,34.2328282248828,8539
0.157422767571427,34.2548326524634,8540
0.160728017777963,34.2366395954081,8541
0.155842354994864,34.2328111003401,8542
0.5675494,34.5635835,8543
0.1776886,34.5619958,8544
0.1783038,34.5625513,8545
0.170168968540197,34.5750703357211,8546
0.181476647399537,34.5689852889757,8547
0.170175716612735,34.5749714480582,8548
-0.876963960535578,34.7339437910432,8549
-0.878792789244031,34.7461559085023,8550
-0.878998067636564,34.7456455237896,8551
-0.878779952411806,34.7458352569997,8552
-0.875647045355743,34.7344669913773,8553
-0.875999683654903,34.745789756306,8554
-0.876934313347429,34.7339291026522,8555
-0.7543952,34.6737168,8556
-0.7402335,34.6745173,8557
-0.7544843,34.6729171,8558
-0.7454702,34.6723128,8559
-0.7449205,34.6706691,8560
-0.7404826,34.6734122,8561
-0.739894904784107,34.7661426334804,8562
-0.743432316293455,34.7482220244969,8563
-0.738015045871888,34.741896882862,8564
-0.740666377420601,34.7415509131369,8565
-0.744325340693468,34.7502680130079,8566
-0.739063968524808,34.7654795574186,8567
-0.743350187657082,34.7526136369369,8568
-0.744413249414486,34.7515411212661,8569
-0.7773103,34.7078029,8570
-0.7771673,34.7077224,8571
-0.7831215,34.7028779,8572
-0.7778175,34.7059869,8573
-0.7836668,34.7020696,8574
-0.778448,34.7067756,8575
-0.7762804,34.7081377,8576
-0.7551003,34.8320879,8577
-0.7745875,34.8430904,8578
-0.7552171,34.8321102,8579
-0.7716807,34.8448845,8580
-0.7716469,34.844928,8581
-0.7467497,34.8242204,8582
-0.7497207,34.8213975,8583
-0.7552235,34.832078,8584
-0.8083032,34.7191189,8585
-0.8066471,34.705363,8586
-0.8092534,34.7203536,8587
-0.8092671,34.7063651,8588
-0.8113868,34.7138904,8589
-0.8046504,34.7036799,8590
-0.8096989,34.7141006,8591
-0.718952,34.7565357,8592
-0.7062056,34.756997,8593
-0.7070661,34.7577657,8594
-0.6996598,34.7418322,8595
-0.7180154,34.7561242,8596
-0.7008258,34.7412518,8597
-0.7038249,34.7601679,8598
-0.6848116,34.7514285,8599
-0.6884258,34.752751,8600
-0.7042342,34.7597514,8601
-0.6855167,34.7519198,8602
-0.6890197,34.7530816,8603
-0.8062505,34.6721915,8604
-0.8068733,34.6729668,8605
-0.8856018,34.7971069,8606
-0.80688,34.6730541,8607
-0.8888224,34.8005036,8608
-0.8864048,34.8005799,8609
-0.885519,34.7967595,8610
-0.8085549,34.6723152,8611
-0.7347135,34.7846348,8612
-0.7342518,34.7843459,8613
-0.7350688,34.7850056,8614
-0.7356259,34.7913819,8615
-0.7353665,34.7914365,8616
-0.7454715,34.7960578,8617
-0.7450069,34.7953838,8618
-0.7354086,34.7915088,8619
-0.833200544566927,34.6751864761937,8620
-0.832268613769936,34.677011965443,8621
-0.833981735353216,34.6706135833793,8622
-0.832878896267862,34.6754538814002,8623
-0.832304753497818,34.6770360943182,8624
-0.832308326313354,34.6770021610424,8625
-0.833787241955339,34.6739716344889,8626
-0.8338259719494,34.6711937396409,8627
-0.841654603807662,34.7512288717582,8628
-0.804478113837577,34.732497077598,8629
-0.84124005210015,34.7521769690418,8630
-0.841624850725619,34.7512214608509,8631
-0.841394809412004,34.752324525001,8632
-0.871050206244888,34.7745643731734,8633
-0.804589768669595,34.7320672979451,8634
-0.850036248597222,34.7515758795734,8635
-0.763393091969875,34.6839678190627,8636
-0.733192098120664,34.6835180971471,8637
-0.761386741534164,34.6833921869996,8638
-0.737738262079405,34.6854534130313,8639
-0.80537854922455,34.6713773136385,8640
-0.805899102676991,34.6727672411447,8641
-0.740047418127341,34.8094492860113,8642
-0.739946367936157,34.8095593053878,8643
-0.733833367171266,34.8016430106108,8644
-0.739907921396863,34.8097232118129,8645
-0.708818796123018,34.7727664551992,8646
-0.704224653253752,34.7745987232107,8647
-0.712624300250837,34.7712044933942,8648
0.148928,34.8041779,8649
0.1587948,34.8006847,8650
0.1484299,34.8034539,8651
0.1593147,34.7980047,8652
0.1452793,34.8162053,8653
0.1475417,34.8171059,8654
-0.0231273,34.738978,8655
-0.0170896,34.7380254,8656
-0.0184888,34.7372637,8657
-0.0238382,34.737476,8658
-0.0195944,34.7370919,8659
-0.015907,34.7409017,8660
0.0960878,34.8079202,8661
0.1004107,34.813989,8662
0.101499,34.8158741,8663
0.101571,34.8070126,8664
0.1015907,34.8067335,8665
0.100209,34.8148824,8666
0.048871603054112,34.8687013241207,8667
0.0380412689394692,34.861475638005,8668
0.0488453973712332,34.8685101986547,8669
0.0489344120340999,34.8690926260801,8670
0.0400049298227886,34.8578193013432,8671
0.048938857687418,34.8696282163771,8672
0.0400104420608097,34.857775916255,8673
0.0379364048174541,34.8612619753251,8674
0.0389508376929056,34.8547522245494,8675
0.038497056776734,34.8616650152323,8676
0.0738864749250428,34.8494079736916,8677
0.0743289599400446,34.8496580090768,8678
0.0640738152725103,34.8593516700227,8679
0.1027916,34.9123696,8680
0.1070315,34.8914495,8681
0.090349,34.8813793,8682
0.1028135,34.9124177,8683
0.1081218,34.8919713,8684
0.0890891,34.883052,8685
0.1093376,34.9054056,8686
0.1482965,34.8618496,8687
0.1481823,34.861944,8688
0.1392874,34.8680847,8689
0.1397649,34.867751,8690
0.1775592,34.8360466,8691
0.1321597,34.8755323,8692
0.1478776,34.8620902,8693
0.1363949,34.8995887,8694
0.125393,34.8979115,8695
0.1256156,34.9298114,8696
0.1252593,34.9309371,8697
0.1369728,34.8994921,8698
0.1703069,34.835739,8699
0.1660127,34.85185,8700
0.1695668,34.8317615,8701
0.1782748,34.8344243,8702
0.1671454,34.8540738,8703
0.1804343,34.8366811,8704
0.0165728,34.8127176,8705
0.0182636,34.7872178,8706
0.0171493,34.8128501,8707
0.0163253,34.8127379,8708
0.0270028,34.8007769,8709
0.0048933,34.7997922,8710
0.0186443,34.78713,8711
0.005441,34.800179,8712
0.0180905,34.7866656,8713
0.0809141,34.8322012,8714
0.0955362,34.8244031,8715
0.0956125,34.8240497,8716
0.0970328,34.8252651,8717
0.0808352,34.8322017,8718
0.0892116,34.8501721,8719
0.3871322,35.1842595,8720
0.3915109,35.1927001,8721
0.4032616,35.1808038,8722
0.4038805,35.1817272,8723
0.376696,35.1614072,8724
0.3964383,35.1785145,8725
0.3881641,35.1823981,8726
0.4030838,35.1823247,8727
0.3905095,35.1774095,8728
0.3768915,35.1613356,8729
0.387569,35.1833084,8730
0.3949105,35.1744076,8731
0.3882422,35.1810364,8732
0.391524,35.1926723,8733
0.398157,35.1743314,8734
0.3982489,35.1744034,8735
0.4728984,35.3036555,8736
0.37660603,35.1235373,8737
0.3754596,35.1219994,8738
0.3973727,35.1161209,8739
0.3958553,35.12956,8740
0.3994724,35.1332046,8741
0.37118,35.1046173,8742
0.3925957,35.1116075,8743
0.3711831,35.1043783,8744
0.3957656,35.1293613,8745
0.379561,35.1220878,8746
0.3796044,35.1221351,8747
0.3926171,35.1116411,8748
0.3994741,35.1332038,8749
0.3795186,35.122047,8750
0.3932612,35.1309802,8751
0.4350252,35.261166,8752
0.4379274,35.2852465,8753
0.4066836,35.2962078,8754
0.4319072,35.2644342,8755
0.4348465,35.2610863,8756
0.4145715,35.2976236,8757
0.4350287,35.2611843,8758
0.4112245,35.3038367,8759
0.4385553,35.2944717,8760
0.4068601,35.2961617,8761
0.4319202,35.2644292,8762
0.432985,35.2673226,8763
0.4329439,35.2682329,8764
0.4058836,35.2955482,8765
0.413684,35.2977599,8766
0.39382,35.2936009,8767
0.4324906,35.26459,8768
0.4384788,35.2946364,8769
0.4380552,35.2831414,8770
0.4380713,35.285124,8771
0.3940026,35.2919241,8772
0.386144,35.0814497,8773
0.354295,35.1063777,8774
0.3818883,35.0852881,8775
0.373228,35.0964627,8776
0.3866794,35.0817189,8777
0.3604136,35.1056636,8778
0.3542392,35.1064051,8779
0.3813478,35.0980707,8780
0.3605376,35.1039133,8781
0.3833109,35.0985935,8782
0.3584667,35.1024995,8783
0.3809155,35.0982126,8784
0.245077,35.2399424,8785
0.2571768,35.2458166,8786
0.2442361,35.2272343,8787
0.279817,35.2289057,8788
0.2481503,35.2349389,8789
0.2475505,35.2346293,8790
0.2542924,35.2479051,8791
0.2449258,35.2503032,8792
0.2463533,35.2413559,8793
0.2450987,35.2399621,8794
0.2481953,35.2388901,8795
0.2463893,35.2412742,8796
0.2451689,35.2494281,8797
0.2463522,35.2413569,8798
0.2481517,35.2313339,8799
0.2571871,35.2458337,8800
0.2539091,35.2464756,8801
0.2795995,35.2262423,8802
0.2489478,35.2306141,8803
0.2798672,35.2289242,8804
0.3294809,35.1231123,8805
0.3113832,35.1292175,8806
0.3294307,35.1227683,8807
0.3114001,35.1292835,8808
0.3400285,35.1370956,8809
0.343025,35.1387544,8810
0.3375469,35.1287567,8811
0.2704438,35.0089751,8812
0.2793175,35.0028338,8813
0.2655242,35.036972,8814
0.2802562,35.003501,8815
0.2704644,35.0088689,8816
0.2754615,35.0035699,8817
0.280267,35.0034966,8818
0.2772287,35.0058614,8819
0.2772755,35.0059326,8820
0.2779437,35.0072095,8821
0.3429487,35.1909364,8822
0.3783296,35.1905759,8823
0.3777523,35.1905764,8824
0.350556,35.2288316,8825
0.3818151,35.1771142,8826
0.34202,35.2163092,8827
0.378385,35.1767341,8828
0.3777222,35.1908185,8829
0.3431146,35.2165659,8830
0.3463616,35.2209673,8831
0.3769869,35.1833926,8832
0.3760742,35.1832394,8833
0.3424028,35.2176182,8834
0.3472762,35.2022672,8835
0.3430307,35.1908955,8836
0.3804646,35.1771638,8837
0.3472473,35.2022396,8838
0.3815569,35.1767618,8839
0.3804668,35.1771605,8840
0.3766166,35.1833089,8841
0.3799376,35.1764142,8842
0.3473219,35.2032886,8843
0.3812223,35.1558934,8844
0.4069339,35.162794,8845
0.3716748,35.1618246,8846
0.3868424,35.1347145,8847
0.3696023,35.161959,8848
0.3694436,35.1615843,8849
0.393991,35.1554441,8850
0.3868715,35.1350196,8851
0.3876196,35.1791965,8852
0.3953489,35.1615395,8853
0.401556,35.1470314,8854
0.3811192,35.1559754,8855
0.4012872,35.1447589,8856
0.406989,35.1633053,8857
0.4012945,35.1447535,8858
0.3938708,35.1520441,8859
0.3683436,35.1297815,8860
0.3934657,35.1526561,8861
0.387796,35.1356211,8862
0.3716724,35.1304743,8863
0.4096316,35.153322,8864
0.3937264,35.1520524,8865
0.4107254,35.1529018,8866
0.3772164,35.1460671,8867
0.4094015,35.1543914,8868
-0.327777859622932,34.860460707705,8869
-0.346989578758944,34.8440342374763,8870
-0.329922101132968,34.8715971746769,8871
-0.346948296597262,34.8440023598318,8872
-0.345810907049966,34.8334066807598,8873
-0.342954034281617,34.8360453097816,8874
-0.348692400129154,34.8254206932317,8875
-0.355804551925736,34.8501787229427,8876
-0.361805682186217,34.8518813302718,8877
-0.348004747770587,34.8250315585701,8878
-0.346313488952687,34.833649240006,8879
-0.472452018842424,34.9155890145544,8880
-0.465863450586406,34.9007059167507,8881
-0.464027555840821,34.9118064750501,8882
-0.489694637482154,34.9199082447495,8883
-0.472419961031697,34.9153088554697,8884
-0.489599907126703,34.9198118662417,8885
-0.494361069493648,34.9181116678656,8886
-0.489690476944026,34.9198891035246,8887
-0.47382923665563,34.9186794806716,8888
-0.475893974863725,34.9046581310072,8889
-0.471978724086196,34.8981993869286,8890
-0.476092516252017,34.905371268134,8891
-0.25831929191726,34.9474883431813,8892
-0.237366729160596,34.9515263297469,8893
-0.237648610165901,34.9581207441026,8894
-0.239283779054414,34.956862870197,8895
-0.251041572226325,34.9763663615909,8896
-0.255589286739109,34.9776529983152,8897
-0.257228332090081,34.9731877704295,8898
-0.237241117331674,34.9579751803693,8899
-0.23708274432391,34.9585880404631,8900
-0.25926497114677,34.9470864871674,8901
-0.421472639500234,34.9488005681711,8902
-0.437296528941412,34.9458322295849,8903
-0.421446156035091,34.9487699959298,8904
-0.437425521426618,34.9372444129422,8905
-0.437410008393631,34.9459505720833,8906
-0.432358697064093,34.9409792978323,8907
-0.436404372506486,34.9380876620657,8908
-0.432324374422918,34.944159400674,8909
-0.435980284043804,34.9359826114296,8910
-0.340613726228594,34.9678934883516,8911
-0.333196199882047,34.9828258122031,8912
-0.336603633663267,34.9974138521562,8913
-0.341169411269166,34.9690088323388,8914
-0.339506524390582,34.9819750012971,8915
-0.340113588519856,34.9687326956477,8916
-0.336609754910825,34.9974067883416,8917
-0.336460541479382,34.9975992550556,8918
-0.334413844369017,34.9974865590842,8919
-0.333167465893233,34.9821364807084,8920
-0.335511809209208,34.9827086285373,8921
-0.439288210215912,34.8898115424561,8922
-0.446153550234752,34.8887380061235,8923
-0.437044466269444,34.8613570362473,8924
-0.426374677565682,34.8618618375039,8925
-0.439425698881973,34.8902064769346,8926
-0.430214443892084,34.8620562654115,8927
-0.435226119458057,34.8618094757728,8928
-0.427314666817496,34.8614573494152,8929
-0.43901034836949,34.8890931576478,8930
-0.436642200096642,34.8617849658073,8931
-0.439172280555671,34.889803716954,8932
-0.353077960710048,34.9562181104736,8933
-0.35211296772223,34.9627104683008,8934
-0.353037245361527,34.9626881293653,8935
-0.356287637563498,34.9565228879072,8936
-0.35818864612108,34.9548583288097,8937
-0.359908594502206,34.9539023109205,8938
-0.351351787873629,34.9619755448804,8939
-0.354216368428739,34.9541026947444,8940
-0.344353348768356,34.9466217287583,8941
-0.346190711435485,34.9570063890107,8942
-0.344348959721664,34.9466146465484,8943
-0.33116402066394,34.9590453530799,8944
-0.329795179666538,34.958446141029,8945
-0.342958146231027,34.9483038208863,8946
-0.343953059190937,34.9474767534961,8947
-0.331163311965366,34.9590356788274,8948
-0.346838513159336,34.9576057605756,8949
-0.347538362632426,34.9560766763104,8950
-0.566134642848044,34.8494834541782,8951
-0.39661866128504,34.902672734202,8952
-0.396355136307691,34.8966013518944,8953
-0.404083500694048,34.9015433657842,8954
-0.403604369907518,34.9015176257364,8955
-0.396919393870127,34.895842602894,8956
-0.408918076912012,34.8958798603863,8957
-0.397010724037701,34.903076176544,8958
-0.40923254606672,34.8962358554326,8959
-0.407855028926009,34.9167454631213,8960
-0.416682316960035,34.9299793060368,8961
-0.408015188272837,34.9165880649572,8962
-0.406166536224675,34.9149333929541,8963
-0.404208972967369,34.9098427932195,8964
-0.404241174424431,34.9092940631325,8965
-0.416814166413329,34.9299711850543,8966
-0.404635023270818,34.9101369266614,8967
-0.404612957105514,34.9101356059007,8968
-0.407596494190183,34.9133548584855,8969
-0.409181199395421,34.9173644613543,8970
-0.323962564286536,34.9155933558563,8971
-0.323673444125432,34.9156424731074,8972
-0.346109730852267,34.9297634953452,8973
-0.337669225684657,34.8898763623907,8974
-0.337836852945135,34.8890532761764,8975
-0.350161875823362,34.9288693836997,8976
-0.349999260478988,34.9285330075917,8977
-0.341455255812838,34.9228788974258,8978
-0.324958057392121,34.9158775409516,8979
-0.338173210780684,34.8885851079032,8980
-0.346929039553121,34.9300868094765,8981
-0.334540917200195,34.9187469875558,8982
-0.346857926947786,34.9298069554681,8983
-0.431324081943193,34.9938803180739,8984
-0.427514477567157,34.981867322656,8985
-0.430375549991174,34.9949783419654,8986
-0.431314234115467,34.9938406110614,8987
-0.432567882418861,34.9868649529317,8988
-0.432461361930766,34.9782824832429,8989
-0.43261634958897,34.9868496287553,8990
-0.427508644114149,34.9819591791454,8991
-0.427062333005879,34.9821892515058,8992
-0.393528126884992,35.0069120162427,8993
-0.425334,34.9849363,8994
-0.405015926289423,34.9869542713171,8995
-0.404964978265704,34.9868698055942,8996
-0.408967048503312,34.9843181785626,8997
-0.410226748643087,34.9850269047105,8998
-0.403846733149759,34.9894049275092,8999
-0.403941354650166,34.9885216651487,9000
-0.39389843942193,35.0000347378085,9001
-0.406125138094765,34.9847238776509,9002
0.0987857345781685,34.7639311994123,9003
0.10255958245999,34.7629507082901,9004
0.104682912894268,34.7585043342828,9005
0.0998980167520621,34.765129425846,9006
0.0988562668538314,34.7638627484431,9007
0.154415765413647,34.664536406647,9008
0.157855020100957,34.6640431797352,9009
0.1578237,34.6640294,9010
0.150601281798955,34.6563634054084,9011
0.16022912035454,34.6554003570837,9012
0.19289206991954,34.7990453056965,9013
0.2005442,34.7973512,9014
0.193201611006965,34.8001209167895,9015
0.207598,34.7755762,9016
0.201318719873368,34.7969073093663,9017
0.193372686603859,34.8211791581608,9018
0.2004571,34.7971241,9019
0.192901841699255,34.7990742870552,9020
0.285125079939314,34.7230968217337,9021
0.204959761983934,34.6133067420049,9022
0.200417133529977,34.6259742154507,9023
0.20043104921023,34.6259208133764,9024
0.205445466883659,34.6149104837903,9025
0.238743321137954,34.7299769649264,9026
0.234706144408627,34.7475848875873,9027
0.238738589442677,34.7299837705643,9028
0.227203389352371,34.749877717825,9029
0.249200592290628,34.7363390754554,9030
0.238683457705326,34.7299953372599,9031
0.24928903593498,34.7362989294276,9032
0.233625315827513,34.7372644223096,9033
0.164783880645428,34.6712687157535,9034
0.19955614888564,34.6929339751171,9035
0.163091321217869,34.6722108415714,9036
0.164370074062748,34.6675813241459,9037
0.1974475,34.6941175,9038
0.180020677347376,34.6808698149023,9039
0.199560441738629,34.6929271344241,9040
0.158325392835164,34.6200937463581,9041
0.162810578233515,34.6299110357928,9042
0.1504013967037,34.6226384836446,9043
0.157602428863027,34.6210239041098,9044
0.163124816108783,34.6305517192234,9045
0.16266666444176,34.6306624676582,9046
0.188866750780485,34.659524829092,9047
0.2109464,34.6577681,9048
0.188880399818706,34.6595368216791,9049
0.206538142291341,34.6608823838978,9050
0.186131150849716,34.6508194751137,9051
0.184925719330303,34.6524614978584,9052
0.1707099,34.6110571,9053
0.149749089818544,34.5938675575847,9054
0.1571354,34.5962639,9055
0.153103653421483,34.6006659491949,9056
0.1572194,34.5962299,9057
0.157151024166166,34.6363938467841,9058
0.173708673061713,34.6522708357897,9059
0.1607228,34.6363585,9060
0.175830233593856,34.6507830784334,9061
0.191468998363521,34.6373729158948,9062
0.190594062127854,34.6366102061383,9063
0.192080138646237,34.6387397457115,9064
0.19784832824057,34.6372598892859,9065
0.161309768943942,34.6956468623202,9066
0.148692913629257,34.6888882211297,9067
0.1597253,34.6928346,9068
0.1480483201962,34.6888344118091,9069
0.2082978,34.7904123,9070
0.216113004005107,34.8201388878912,9071
0.211142865474949,34.8206091149604,9072
0.2083183,34.7904661,9073
0.2082564,34.7904122,9074
0.2082967,34.7904626,9075
0.2083016,34.7904469,9076
0.215052997968776,34.8184782408942,9077
0.23084129676007,34.8074018299138,9078
0.212037187845332,34.7877969385643,9079
0.211788783554784,34.7876015129186,9080
0.231275848715834,34.7911222917762,9081
0.18243566351753,34.7313801164126,9082
0.1923392,34.7406047,9083
0.182290310958587,34.7314782936532,9084
0.1923253,34.7404475,9085
0.178756789205926,34.7096744655751,9086
0.175652336109582,34.7193469278623,9087
0.1792703,34.7089421,9088
0.175858730921991,34.7211437040324,9089
0.1795007,34.7090005,9090
0.1684484,34.7227552,9091
0.175779601828886,34.7213377781012,9092
0.1815707,34.731034,9093
0.2302018,34.7190383,9094
0.1920384,34.740185,9095
0.1763597,34.7195295,9096
0.1790516,34.7211881,9097
0.199191174614558,34.716181989471,9098
0.2016751,34.7150006,9099
0.211289262414848,34.7123675312399,9100
0.1891656,34.7037457,9101
0.2074855,34.7135697,9102
0.189137,34.7036755,9103
0.2017188,34.714884,9104
0.264921474675721,34.755698116201,9105
0.372679479057467,34.925582054324,9106
0.361051149322372,34.9476119845006,9107
0.384747882036416,34.9314885212575,9108
0.361278229266798,34.9480594595032,9109
0.366701464055388,34.9400175667199,9110
0.372653072461943,34.9255939592814,9111
0.370880013776604,34.9311487136781,9112
0.36133752524387,34.9478262089826,9113
0.385578059469122,34.9308167602644,9114
0.366363100451952,34.939242215727,9115
0.2525743,34.9322058,9116
0.263255054393674,34.9226051192639,9117
0.247769728230791,34.9580329621053,9118
0.245522805593467,34.9473402444842,9119
0.248234764413333,34.9573061293502,9120
0.2543806,34.9335212,9121
0.254246,34.9331664,9122
0.245249046356858,34.9463348207992,9123
0.248318258787261,34.9573247189977,9124
0.265890968052972,34.9225827562736,9125
0.263203873016205,34.9224730010846,9126
0.270238760421322,34.659998843394,9127
0.257605112395124,34.6501806302883,9128
0.261100464066011,34.6771938583353,9129
0.267795877601559,34.6680376813653,9130
0.258431992456673,34.6745835980298,9131
0.258600558496862,34.6749818929372,9132
0.266830174707062,34.6683098663313,9133
0.257144882050517,34.649396459318,9134
0.2276748,34.9635034,9135
0.2256781,34.9619729,9136
0.2200019,34.9664408,9137
0.2257436,34.9620472,9138
0.2223473,34.9722597,9139
0.2241626,34.9581062,9140
0.2266333,34.9633415,9141
0.2276378,34.963267,9142
0.2270929,34.9627818,9143
0.2224357,34.972208,9144
0.3703101,35.0599564,9145
0.3722022,35.0546397,9146
0.3870667,35.0310193,9147
0.3874312,35.0487859,9148
0.3878757,35.0490698,9149
0.3867321,35.0323391,9150
0.3533994,35.0615197,9151
0.352157,35.0609185,9152
0.38704,35.0091231,9153
0.3534225,35.0615743,9154
0.3858137,35.0132546,9155
0.4196185,34.7546789,9156
0.4196464,34.7545521,9157
0.3929335,34.7712581,9158
0.3928182,34.7706194,9159
0.3848093,34.7648715,9160
0.4194783,34.7547528,9161
0.382704,34.7654663,9162
0.282117769882518,34.9516928398911,9163
0.255744306641605,34.9629827558491,9164
0.246378156579475,34.9638204704725,9165
0.255713633596813,34.9630345723923,9166
0.280996280070052,34.9482467804382,9167
0.282675635206412,34.9480753459037,9168
0.25486101044518,34.9635445835031,9169
0.282141748405534,34.9516327466495,9170
0.282396940726367,34.9475617408781,9171
0.279514902071237,34.9495408187962,9172
0.24635965411504,34.9638447861301,9173
0.238609370702643,34.9627483650863,9174
0.409289991454528,34.9030806866659,9175
0.406447655526719,34.9163552352062,9176
0.411907779254939,34.9133450237431,9177
0.406401380344312,34.8896296080571,9178
0.41106961309708,34.9043867915432,9179
0.411555409489987,34.9039817006768,9180
0.403734338542497,34.9054235292463,9181
0.407087804368424,34.8907611157624,9182
0.406920310381174,34.8905036085259,9183
0.403434760637434,34.9062565624684,9184
0.406385326361681,34.9165400110405,9185
0.411845445158202,34.9136542233818,9186
0.410268964038911,34.903906193491,9187
0.410289502601288,34.9111223201311,9188
0.404189581561185,34.9041255505801,9189
0.2627761,34.694249,9190
0.2367994,34.6759706,9191
0.2441558,34.6788632,9192
0.2408898,34.6751838,9193
0.2919771,34.719869,9194
0.3009476,34.7228473,9195
0.2950813,34.7238014,9196
0.3037313,34.7424607,9197
0.2913108,34.7174672,9198
0.3062461,34.7421323,9199
0.3962621,34.8180715,9200
0.3717797,34.8055793,9201
0.3892993,34.8079583,9202
0.394232,34.8181721,9203
0.3871169,34.8082839,9204
0.26112788694773,34.7191332832299,9205
0.254790082128862,34.726305465501,9206
0.253986036483455,34.7262385292155,9207
0.256498727192639,34.73380899154,9208
0.262608527679669,34.7197856685423,9209
0.262482261916487,34.7306321293113,9210
0.262933798690406,34.7200186253578,9211
0.3222169,35.0054954,9212
0.3530396,35.0238739,9213
0.3081481,35.0184887,9214
0.307963,35.0189439,9215
0.3530837,35.0238117,9216
0.3541733,35.0262215,9217
0.3222641,35.0059367,9218
0.3189657,35.0107034,9219
0.3535827,35.0258409,9220
0.3152386,35.0077094,9221
0.270320507534239,34.637583588894,9222
0.290686427597443,34.6415562865569,9223
0.278738858437517,34.6272108949813,9224
0.290376727350472,34.6412560038551,9225
0.278849475626452,34.6271947783495,9226
0.269943137805945,34.6368880160737,9227
0.271286277547858,34.6342013400757,9228
0.3844716,34.8408195,9229
0.3857791,34.8412142,9230
0.3846398,34.8367746,9231
0.3844633,34.8362979,9232
0.3859883,34.8414536,9233
0.253214371397363,34.7887481129666,9234
0.24718632114568,34.7951468549316,9235
0.253375916125355,34.7884071793079,9236
0.246282704797602,34.7953385955926,9237
0.260754557581663,34.8058635782931,9238
0.260800667668134,34.8057975624445,9239
0.253178350230096,34.7886626084969,9240
0.246972834136211,34.7949902014614,9241
0.283216023565069,34.8182311839424,9242
0.288847033264019,34.8174162742908,9243
0.284417059434219,34.8178004734633,9244
0.283955058901381,34.7916309710479,9245
0.288736081748719,34.8188017912376,9246
0.304021866734976,34.7798856826971,9247
0.284373195813706,34.817741048628,9248
0.288169442408567,34.8192704612568,9249
0.28777655994438,34.8067554222266,9250
0.289120653298047,34.809520186744,9251
0.288590601630347,34.8189580529825,9252
-0.008657405003154,34.8646551378517,9253
0.0075103605375931,34.8626888610241,9254
0.0045516763524658,34.9151367791333,9255
-0.0084311443303994,34.8665089911805,9256
-0.0065339011010856,34.8689948725519,9257
0.0116903953817239,34.9604374621388,9258
0.0141123618879039,34.9622235955956,9259
0.004932706077147,34.9131610579231,9260
0.0089006507971134,34.9464014120466,9261
0.0056816286284275,34.8706910008537,9262
0.0118103805159547,34.9604314155315,9263
0.0055946361887186,34.8708352233347,9264
0.197208106317796,35.2135132198254,9265
0.177622703794864,35.2003876129199,9266
0.183479384648383,35.1953925585517,9267
0.197221947364854,35.2134502138132,9268
0.177030358108694,35.1986963499212,9269
0.187268243883688,35.1947876523799,9270
0.199213833628649,35.2088325889861,9271
0.187263831145764,35.1947755392563,9272
0.176474765442437,35.1983949437686,9273
0.193277912601288,35.2045927078487,9274
0.199525924513007,35.2082378878825,9275
0.199682739988665,35.2082638582051,9276
0.197235517434744,35.2134527378945,9277
0.197188326043207,35.2133887325526,9278
0.325803787675237,34.4916452069104,9279
0.0373918770900687,34.9087827597444,9280
0.0333217264610964,34.9348983055097,9281
0.0309019645300882,34.9282891767186,9282
0.0333562700230816,34.9349710333263,9283
0.0308131996297011,34.9283931776063,9284
0.145069469559016,35.2315600467151,9285
0.145093720860127,35.2315995330074,9286
0.14964026972516,35.2309632235752,9287
0.149958036822209,35.2307374318498,9288
0.144610326858221,35.2305998757464,9289
0.149620712097298,35.2309101556651,9290
0.142558789885549,35.2191117514031,9291
0.162750903208197,35.2276118757175,9292
0.149631627230061,35.2309666270767,9293
0.149590619675747,35.2308507348588,9294
0.201485428188865,35.1200944615842,9295
-0.0012382670044682,35.0119188243157,9296
0.0083368902184687,35.0124991592377,9297
0.0051715885261105,34.992681245212,9298
0.0052382029888095,35.0279463141513,9299
-0.0008879099978156,35.0121124436215,9300
0.0050804154749997,34.9929496876373,9301
0.0052778060159944,35.0279831517207,9302
0.0058588278670696,34.9986393161809,9303
0.0058563502344653,34.99864108297,9304
0.0078162009144143,35.0094623683129,9305
0.20793746987276,35.0726977566691,9306
0.201920652442131,35.099252150659,9307
0.0318035194060501,34.9043220081644,9308
0.0498171498712223,35.0823039220976,9309
0.0234672910899407,35.0855871724969,9310
0.0504628095455681,35.0799873589708,9311
0.0497940300488611,35.0823563382681,9312
0.0340094126589947,35.075720233025,9313
0.0518748885328554,35.0782848225263,9314
0.0227211959347868,35.085708314787,9315
0.0586513048296046,35.0762196882701,9316
0.0305640722390074,35.0711741171523,9317
0.0579357812084803,35.0770727414816,9318
0.0586344296101266,35.0762291180973,9319
0.056387021433207,34.9892490567705,9320
0.0415276095809826,35.0076407278953,9321
0.0622772859164778,35.0076826731044,9322
0.0554848887235215,34.9891925878917,9323
0.0561793066160425,34.9893161991168,9324
0.0616351473733474,35.0078076840081,9325
0.0422194396141765,35.0030878892588,9326
0.0439697787298152,34.9956994438701,9327
0.0594644946048696,34.9761554682185,9328
0.0415555951662428,35.0076828010157,9329
0.207654637893644,35.2292930107038,9330
0.210729330388075,35.2130034696531,9331
0.211271686141403,35.2123062306628,9332
0.204657711608539,35.2265856136075,9333
0.0096253639582645,34.9562255838493,9334
0.215577935202414,35.2370246571673,9335
0.2241961,35.1436932,9336
0.226834332522943,35.2446668311132,9337
0.228589611817804,35.2248131398679,9338
0.22820587195092,35.2452241237894,9339
0.227866004463203,35.2256083897363,9340
0.215549884964201,35.2369970224726,9341
0.217825563789853,35.2372123264482,9342
0.215564979110183,35.2369585835635,9343
0.0271516992017226,35.0588593259904,9344
0.044448026810318,35.0556095507842,9345
0.0478328665290624,35.0617885271084,9346
0.04935416164913,35.0626164236943,9347
0.0271301036152752,35.0376243619165,9348
0.0438289268420334,35.0566124141595,9349
0.027204140988572,35.0588769094071,9350
0.0175031353673889,35.0422218004492,9351
0.0523994059052668,35.0228762231315,9352
0.0247808081176066,35.0549342634606,9353
0.024340864450732,35.0267940708498,9354
0.052422463060489,35.0228658977602,9355
0.0524098692532611,35.0228950606252,9356
0.0175635428803696,35.0422362419875,9357
0.0079065098613938,35.0557636295094,9358
0.0032404785953661,35.0462619957336,9359
0.0083062055641833,35.0575843312786,9360
0.0176228453699335,35.0419921728429,9361
0.0013040649325855,35.0536144206529,9362
0.0087167673334938,35.0576511856787,9363
0.7314316,34.7230654,9364
0.7454406,34.7423847,9365
0.7313764,34.7230386,9366
0.7439661,34.741871,9367
0.7724383,34.7858381,9368
0.7832086,34.7198293,9369
0.7456919,34.7427611,9370
0.8210446,34.7191133,9371
0.8088037,34.7150897,9372
0.8216251,34.7187049,9373
0.785396,34.7185283,9374
0.7502893,34.6121396,9375
0.7613015,34.5871377,9376
0.7681484,34.5974968,9377
0.7862607,34.594681,9378
0.7862855,34.5946718,9379
0.7611298,34.5873953,9380
0.7632483,34.5862501,9381
0.7620511,34.5875221,9382
0.7681287,34.5974621,9383
0.586336,34.554761,9384
0.7444958,34.6709612,9385
0.735436,34.6866916,9386
0.7435457,34.6715532,9387
0.7225511,34.6683698,9388
0.7225598,34.66842,9389
0.7225178,34.6684325,9390
0.7949626,34.7457456,9391
0.7945132,34.7387085,9392
0.7943825,34.7360105,9393
0.7949636,34.7457425,9394
0.7927402,34.7517471,9395
0.7945123,34.7506229,9396
0.7919685,34.6224461,9397
0.792108,34.6225402,9398
0.7920678,34.6224384,9399
0.7961123,34.6150797,9400
0.7921287,34.6225171,9401
0.7901313,34.6318215,9402
0.7965778,34.6132842,9403
0.7964326,34.6132984,9404
0.7888432,34.6308185,9405
0.7889553,34.6308609,9406
0.8363515,34.7376484,9407
0.836477,34.7376513,9408
0.8347186,34.7482874,9409
0.8372859,34.7370379,9410
0.8331912,34.7497736,9411
0.8378899,34.7470257,9412
0.8384103,34.7484665,9413
0.8042799,34.7271103,9414
0.7835721,34.7196383,9415
0.7697457,34.7153664,9416
0.7611532,34.7281032,9417
0.7436546,34.7327465,9418
0.754069,34.7312442,9419
0.7611156,34.7285117,9420
0.7610905,34.7284907,9421
0.7658162,34.7141775,9422
0.7824585,34.7056731,9423
0.7820942,34.6969674,9424
0.7702507,34.7140856,9425
0.7900905,34.7170871,9426
0.7821886,34.6969171,9427
0.7822789,34.6969504,9428
0.744332813950976,34.7062964721176,9429
0.752093158745788,34.7143831268419,9430
0.745364176269535,34.7044655540895,9431
0.745310613398259,34.7044479751793,9432
0.7469435,34.7121169,9433
0.745063693132966,34.7069663223151,9434
0.792532108209003,34.7659110619569,9435
0.791823488321882,34.7644829542471,9436
0.798463258049162,34.7453733323365,9437
0.791762696615127,34.7644893428604,9438
0.7795975,34.7536182,9439
0.788175212765938,34.7596191713146,9440
0.798384394642467,34.7453214319831,9441
0.801586718145177,34.7462316920856,9442
0.749167597371558,34.5864427482391,9443
0.751080135220467,34.564030431541,9444
0.7498198,34.5524336,9445
0.7498126,34.5525802,9446
0.749429641071205,34.585554660997,9447
0.752040652303875,34.5648114620422,9448
0.7442695,34.7533413,9449
0.7545219,34.7623509,9450
0.7585154,34.7417522,9451
0.7443096,34.7533655,9452
0.7527892,34.7618916,9453
0.7527108,34.7618535,9454
0.7394917,34.7520769,9455
0.7575216,34.7421151,9456
0.7641876,34.7875001,9457
0.7807132,34.799103,9458
0.7805125,34.7997038,9459
0.7814281,34.799193,9460
0.7600985,34.7937289,9461
0.7633196,34.7872476,9462
0.781431,34.7991987,9463
0.7597647,34.7942281,9464
0.79489466630071,34.6990862208252,9465
0.794930852927698,34.6988265559158,9466
0.7791224,34.6630077,9467
0.79420020979256,34.6330590668663,9468
0.788132655072212,34.7065217512232,9469
0.776272027994379,34.6292221501396,9470
0.779970188797243,34.6646350369893,9471
0.779979733373719,34.6646350258279,9472
0.8478938,34.7675328,9473
0.8478479,34.7674015,9474
0.838579,34.7593449,9475
0.8477657,34.7675182,9476
0.8480136,34.7683454,9477
0.8391845,34.7597745,9478
0.7844182,34.7187081,9479
0.802876629088262,34.6518294649673,9480
0.800319671772827,34.6508495958342,9481
0.798337002736433,34.6516739788154,9482
0.805226217691034,34.6456542141988,9483
0.798281325803936,34.6515819744563,9484
0.805743095333618,34.6467032430815,9485
0.802520901766465,34.652056360004,9486
0.802220154386033,34.652330765513,9487
0.828748449328958,34.6480517715407,9488
0.807918651592031,34.6392149378335,9489
0.807800665671109,34.6393864552757,9490
0.783244107563163,34.7197364984424,9491
0.8429291,34.6511548,9492
0.828757064849818,34.6480116720258,9493
0.842882,34.6514455,9494
0.82874249892887,34.6480501804064,9495
0.8429163,34.6511103,9496
-0.600574230278579,34.7386068760408,9497
-0.59567306009669,34.7674358100837,9498
-0.598867816318115,34.7394343313097,9499
-0.589042532141808,34.7604812752688,9500
-0.601250909468988,34.7385236771757,9501
-0.6125292,34.7531352,9502
-0.51970767697284,34.899330139273,9503
-0.508807940131012,34.8881167600808,9504
-0.519791,34.9002642,9505
-0.534705,34.9108513,9506
-0.678229613467044,34.7835955493006,9507
-0.5595062,34.7789296,9508
-0.5505749,34.7704722,9509
-0.5497786,34.7767313,9510
-0.559024,34.7780553,9511
-0.5505435,34.7704861,9512
-0.605738506481715,34.8114356792348,9513
-0.6164910721621,34.8081808828543,9514
-0.67821845051893,34.7835672358685,9515
-0.669604996144489,34.7673157052818,9516
-0.605777177724831,34.811364294648,9517
-0.618866520511481,34.8143347987323,9518
-0.616139540442411,34.8234314776659,9519
-0.568309337623697,34.8098773390678,9520
-0.577186148684729,34.8036894226183,9521
-0.570668012554622,34.8210376948809,9522
-0.577403355163625,34.8030612122459,9523
-0.571066214165592,34.8189736193685,9524
-0.546830380290707,34.8062702066541,9525
-0.546855900595108,34.8062516135637,9526
-0.551537665563002,34.8200569672871,9527
-0.551661990822779,34.8199488504952,9528
-0.552673127031814,34.8221846634599,9529
-0.59369254469385,34.7735345891469,9530
-0.594747794985403,34.772991046333,9531
-0.594307429729313,34.7643154891376,9532
-0.595007449196503,34.7728660251141,9533
-0.593601165082533,34.7615970823198,9534
-0.593089317025196,34.7738052969067,9535
-0.540381803416343,34.7964715965828,9536
-0.559021270350218,34.7891594412479,9537
-0.540827820176954,34.7953008719223,9538
-0.529125896974202,34.7941637965715,9539
-0.530135542499134,34.7931374968976,9540
-0.559290340401797,34.7890829243148,9541
-0.540393404158428,34.7964669598117,9542
-0.64988726853133,34.9114668214042,9543
-0.650060474141616,34.9108304396052,9544
-0.6493909740982,34.9111568917173,9545
-0.572790890912332,34.7467147697542,9546
-0.670185337192589,34.7676920268989,9547
-0.565866907228627,34.7458196206334,9548
-0.5933055,34.8193839,9549
-0.6000773,34.8231509,9550
-0.6013564,34.8230725,9551
-0.604748,34.8228788,9552
-0.6039419,34.8218491,9553
-0.6016233,34.8231366,9554
0.8070876,34.9860316,9555
0.7988418,34.9887385,9556
0.8016952,34.9860406,9557
0.8072392,34.984748,9558
0.8071764,34.9846525,9559
0.7998584,34.983053,9560
0.8017627,34.986065,9561
0.7998227,34.9831443,9562
0.7997093,34.9830569,9563
0.8004273,34.9865213,9564
0.7982762,34.9837759,9565
0.5778916,35.0685988,9566
0.5753907,35.0689112,9567
0.5647963,35.067816,9568
0.554756,35.0909696,9569
0.55457,35.0909217,9570
0.5825352,35.0565423,9571
0.5649016,35.0677674,9572
0.5778761,35.0686822,9573
0.5832723,35.0546967,9574
0.5759461,35.0691224,9575
0.7205272,35.0627893,9576
0.7205296,35.0625541,9577
0.7207113,35.0630309,9578
0.703699,35.0742608,9579
0.7033379,35.0728743,9580
0.7220009,35.0551597,9581
0.703365,35.0728885,9582
0.7187814,35.0742721,9583
0.7595902,35.0653061,9584
0.7611923,35.0669336,9585
0.703353,35.0728575,9586
0.7187709,35.0742356,9587
0.7816122,35.0252323,9588
0.7215841,35.0591439,9589
0.7113302,35.1516026,9590
0.7310988,35.1481818,9591
0.7219488,35.1298472,9592
0.7156586,35.1207591,9593
0.7117181,35.1517368,9594
0.7217354,35.1567013,9595
0.7120454,35.1375397,9596
0.7164962,35.1386237,9597
0.7211066,35.1311531,9598
0.7147925,35.1195705,9599
0.7210071,35.1555857,9600
0.7170736,35.1386849,9601
0.7129642,35.1352692,9602
0.7104741,35.1493644,9603
0.7213934,35.128459,9604
0.7164968,35.1357047,9605
0.730809,35.1477505,9606
0.7207483,35.1278418,9607
0.7178331,35.1212747,9608
0.7153584,35.1520204,9609
0.7065703,35.1381903,9610
0.796189,34.9674231,9611
0.7962851,34.9674871,9612
0.8068011,34.9695722,9613
0.815841,34.9644503,9614
0.8158015,34.9646041,9615
0.7963493,34.967352,9616
0.8067861,34.9695077,9617
0.7958925,34.9624789,9618
0.815807,34.964576,9619
0.8053143,34.9707657,9620
0.7959365,34.9623993,9621
0.7920847,34.9633593,9622
0.792305,34.9617985,9623
0.7687301,35.1032801,9624
0.7885694,35.0895974,9625
0.7777877,35.0984764,9626
0.7790169,35.0988915,9627
0.7873573,35.089974,9628
0.7873593,35.0902291,9629
0.7770959,35.0986591,9630
0.7770151,35.0985811,9631
0.7676974,35.1026209,9632
0.7118399,35.1274428,9633
0.7010284,35.1090371,9634
0.6920644,35.1102621,9635
0.7234615,35.0774671,9636
0.714484,35.0876155,9637
0.6990921,35.104478,9638
0.7137512,35.1142983,9639
0.7120152,35.1275514,9640
0.7008548,35.1087279,9641
0.7087275,35.1154887,9642
0.7238801,35.076342,9643
0.7028303,35.1124007,9644
0.7027126,35.0984056,9645
0.7123569,35.1243311,9646
0.7115927,35.0985399,9647
0.712721,35.127333,9648
0.7092965,35.1159741,9649
0.7138915,35.0872289,9650
0.7070842,35.1144724,9651
0.7126075,35.1272762,9652
0.7027548,35.1125197,9653
0.6928855,35.1092678,9654
0.7801418,35.0597708,9655
0.7778886,35.0621081,9656
0.7765228,35.0517055,9657
0.8021717,35.0328249,9658
0.7778309,35.0621173,9659
0.7782982,35.0607862,9660
0.7772573,35.0545824,9661
0.7781967,35.0549651,9662
0.8021315,35.0328487,9663
0.6430456,35.0168471,9664
0.6355951,35.0499885,9665
0.6428727,35.0155114,9666
0.6211639,35.0252864,9667
0.6222821,35.0253463,9668
0.6359264,35.0491271,9669
0.6342956,35.0486043,9670
0.6226423,35.0245583,9671
0.6343555,35.0488174,9672
0.8453144,35.0928147,9673
0.8529167,35.0779414,9674
0.8529816,35.091047,9675
0.8522652,35.0927953,9676
0.8517655,35.0912753,9677
0.8524899,35.0915138,9678
0.8504031,35.0923343,9679
0.8475463,35.0935094,9680
0.8533017,35.0797582,9681
0.8441977,35.0923788,9682
0.8441748,35.0923313,9683
0.7707237,35.0354377,9684
0.7709647,35.0356187,9685
0.7784501,35.0310396,9686
0.7530437,35.0341682,9687
0.7527461,35.0328839,9688
0.7530633,35.0342605,9689
0.7786163,35.0307223,9690
0.7874129,35.0087165,9691
0.7871765,35.0089425,9692
0.7263799,34.9742174,9693
0.7232016,34.9816901,9694
0.6889307,34.9949439,9695
0.7134615,34.9790757,9696
0.7264824,34.9743845,9697
0.7133003,34.9789732,9698
0.7189172,34.9649039,9699
0.7193183,34.9629572,9700
0.7233734,34.9704504,9701
0.7251629,34.9729794,9702
0.7233298,34.9816516,9703
0.6544394,35.0917671,9704
0.6373211,35.076259,9705
0.6498583,35.0868932,9706
0.6373187,35.0762622,9707
0.646083,35.0901078,9708
0.6311381,35.08703,9709
0.6351979,35.0774732,9710
0.659287,35.0948271,9711
0.6542325,35.0929849,9712
0.6458668,35.0901809,9713
0.6662283,35.0850613,9714
0.6545058,35.0920886,9715
0.6341265,35.0899018,9716
0.638808,35.0841756,9717
0.6351459,35.0773648,9718
0.630825,35.0839773,9719
0.6592639,35.0945591,9720
0.6387829,35.0848332,9721
0.6546125,35.0923091,9722
0.6310857,35.086727,9723
0.6348627,35.0771965,9724
0.6495457,35.0866727,9725
0.6459935,35.0892592,9726
0.6725473,35.1960929,9727
0.6720967,35.1968595,9728
0.6746701,35.1969625,9729
0.6742545,35.197499,9730
0.6703639,35.1983284,9731
0.6743789,35.1960788,9732
0.6708611,35.1984571,9733
0.6751211,35.2035401,9734
0.6734014,35.1961613,9735
0.6724818,35.1961511,9736
0.6771846,35.2016397,9737
0.6744219,35.196142,9738
0.674254,35.1975067,9739
0.6712594,35.1978868,9740
0.6743737,35.2023167,9741
0.7069069,35.1903869,9742
0.6762838,35.2024722,9743
0.6319575,35.2233322,9744
0.6295318,35.2238132,9745
0.6761346,35.203375,9746
0.7056558,35.1950548,9747
0.6760496,35.2032911,9748
0.6294554,35.2237784,9749
0.6815212,35.1903753,9750
0.6777673,35.1809615,9751
-0.845249402434783,35.000757226608,9752
-0.87542565072976,34.9879636107141,9753
-0.841660800428524,35.0000079393714,9754
-0.874993408326615,34.9875262548839,9755
-0.871223509518705,34.989734263291,9756
-0.831509967781089,35.0151018777183,9757
-0.841688806196728,34.9999983050084,9758
-0.877496530211295,34.9959815276594,9759
-0.875317060819348,34.9877728880018,9760
-0.836935642183691,35.0116000226016,9761
-0.874552942445892,34.9849887415179,9762
-0.830815069738303,35.015164337868,9763
-0.893580662779118,34.9001516866612,9764
-0.893223385746201,34.9004937971772,9765
-0.903957548700988,34.911479040502,9766
-0.890700997955611,34.9141694362437,9767
-0.890068096334192,34.913747906562,9768
-0.908473250616209,34.9105261458054,9769
-0.909137077939978,34.9107610152316,9770
-0.902612338045528,34.9113857571764,9771
-0.902463088262934,34.9051526991649,9772
-0.831779760276872,34.9731488374291,9773
-0.825187655021366,34.9681963166002,9774
-0.789696417016806,34.9500194981664,9775
-0.822809996688099,34.9685590249495,9776
-0.826562600291833,34.9685919028384,9777
-0.823489635539893,34.968310841348,9778
-0.874913120212176,34.9324028841565,9779
-0.872593077630131,34.9322727428646,9780
-0.874906997351399,34.9324233383066,9781
-0.870322230915415,34.9212818220029,9782
-0.876079055976093,34.9332484055624,9783
-0.887728097518875,34.927655459997,9784
-0.875058043028245,34.932048216215,9785
-0.766225108424122,35.0505455828714,9786
-0.774986000875137,35.0544720562431,9787
-0.765975467167385,35.050322191113,9788
-0.76571122098013,35.0477747476319,9789
-0.766265315552105,35.0507676723747,9790
-0.776138099535161,35.053255477969,9791
-0.774206313517386,35.0519010981594,9792
-0.774288148121263,35.0518151895779,9793
-0.765701379264848,35.0480567346777,9794
-0.774299374848573,35.0493969363018,9795
-0.759631291117524,35.0150924416854,9796
-0.774594502718602,35.0505644557032,9797
-0.822181847385528,35.0096048100614,9798
-0.821632798798124,35.0083849408866,9799
-0.815979616691693,35.0408261922308,9800
-0.824054235856036,35.0073184494914,9801
-0.824045013620428,35.0072582879927,9802
-0.820824042259597,35.0040835965901,9803
-0.823119055436159,35.0052922159139,9804
-0.819517958619057,35.0153814538579,9805
-0.822527742738302,35.0039947881746,9806
-0.817223084425045,35.0397079355242,9807
-0.890443465625181,34.9420057703914,9808
-0.885702723030299,34.9451762491936,9809
-0.893231200007184,34.9462037226644,9810
-0.889159100376895,34.9683950596272,9811
-0.893185351370623,34.9462466165083,9812
-0.889489541421138,34.9680556417788,9813
-0.898565187436178,34.9435639579223,9814
-0.886606996394255,34.9489085149672,9815
-0.88545664526489,34.9452962046716,9816
-0.900822316884607,34.944233388517,9817
-0.898715871185468,34.9712748214109,9818
-0.844275333853659,34.8888799708801,9819
-0.832218848704952,34.9062399967455,9820
-0.844495210094639,34.8896491094214,9821
-0.844000452559834,34.8883467450125,9822
-0.83336997558938,34.902742698027,9823
-0.83379616024608,34.9047097166873,9824
-0.8346617,34.9020574,9825
-0.905019518765256,34.8676285455609,9826
-0.907708418608078,34.873235001145,9827
-0.899431840900963,34.9363016045252,9828
-0.906515222635572,34.9434647769997,9829
-0.899929270735058,34.9350209463308,9830
-0.904775563025926,34.8652939312713,9831
-0.905428349175266,34.9412628143715,9832
-0.904922533896508,34.9519407364413,9833
-0.898637272028601,34.9466075542574,9834
-0.904630092659747,34.9513360756561,9835
-0.705854492768645,34.9357375946846,9836
-0.704167221963176,34.9379700152033,9837
-0.687689750788782,34.9684851483681,9838
-0.686239172331728,34.9710432721356,9839
-0.687452321527835,34.968466246689,9840
-0.884954988841373,34.9875245525158,9841
-0.883181267906188,34.9879777981592,9842
-0.884732155050079,34.9904171962365,9843
-0.884259737447292,34.9864541033938,9844
-0.885456808156652,34.9914132565758,9845
-0.886745961059503,34.9890355521903,9846
-0.885015156034607,34.9875845758201,9847
-0.886730764601652,34.9880076419702,9848
-0.884678991873537,34.9903758804017,9849
-0.882883647496256,34.9883397273536,9850
-0.887663440941616,34.9868290785279,9851
0.446048,34.7694149,9852
0.4460742,34.7693887,9853
0.437857615008143,34.7759270978716,9854
0.4422501,34.7629414,9855
0.4456779,34.7695388,9856
0.442642873705038,34.762235211542,9857
0.436700542523536,34.7781350623579,9858
0.468741817402904,34.8613954485932,9859
0.467192073043479,34.8400721650145,9860
0.466065019165836,34.8404914611705,9861
0.466078585067285,34.8405020281724,9862
0.470578338849689,34.8142707960266,9863
0.471272807007342,34.8140997905333,9864
0.4858056,34.8440554,9865
0.468955004348511,34.8611716267264,9866
0.600803244730745,34.773268173595,9867
0.468727951551258,34.8614341393782,9868
0.4912305,34.7682713,9869
0.467333712307757,34.9001870694107,9870
0.468196888379353,34.8089593302883,9871
0.4907243,34.7678872,9872
0.486662970375276,34.798902954743,9873
0.5315966,34.8403693,9874
0.6422085,34.9027415,9875
0.6059585,34.9008735,9876
0.6422623,34.9027793,9877
0.636091,34.8958008,9878
0.6059841,34.9010075,9879
0.6354286,34.8945584,9880
0.6356801,34.8951036,9881
0.5477823,34.8961563,9882
0.5323808,34.9191076,9883
0.5483572,34.8968814,9884
0.5384547,34.9047884,9885
0.5414688,34.9054324,9886
0.532591128668464,34.9154387759666,9887
0.55624920933795,34.8557070887921,9888
0.5371158,34.877013,9889
0.5349099,34.8709761,9890
0.555557196500021,34.8563900965061,9891
0.525423628355986,34.870995054369,9892
0.5376746,34.8723475,9893
0.5158002,35.2775775,9894
0.4390746,34.958158,9895
0.439845,34.9553427,9896
0.4625976,34.9660813,9897
0.4370946,34.9590091,9898
0.4730737,35.3037031,9899
0.43541,34.9612649,9900
0.4629912,34.9663716,9901
0.5697783,34.7882823,9902
0.5700543,34.7882831,9903
0.5683422,34.8160907,9904
0.5670838,34.815849,9905
0.5682174,34.8159982,9906
0.5697752,34.7882757,9907
0.5650036,34.8005594,9908
0.5650271,34.8005808,9909
0.462267541136308,35.0017308242137,9910
0.481063696702698,34.9872583487511,9911
0.442029579548146,34.982471185449,9912
0.445611300135683,34.9825718008183,9913
0.446317436778561,34.9798615229481,9914
0.459442931142934,34.9990122826994,9915
0.650140301366494,34.9772645327158,9916
0.675207647215518,34.9687423915606,9917
0.664120810725138,34.9580203953947,9918
0.667502153481089,34.9587477184131,9919
0.650720914869928,34.976534862576,9920
0.6666589,34.9633833,9921
0.675207449169088,34.9686784762407,9922
0.667922,34.9622089,9923
0.667462011433623,34.9620242700588,9924
0.6208742,34.8382537,9925
0.6207775,34.838348,9926
0.6144298,34.8465326,9927
0.6139365,34.8447768,9928
0.6144114,34.8464543,9929
0.6145675,34.8466533,9930
0.6211125,34.8390878,9931
0.6127296,34.8460219,9932
0.6135403,34.8449026,9933
0.4899613,34.7026117,9934
0.4903194,34.7022621,9935
0.482683246373252,34.7304384283571,9936
0.4782466,34.7404857,9937
0.4817746,34.7303102,9938
0.470529498058278,34.8968167213702,9939
0.519409550854873,34.820517959306,9940
0.515523920651342,34.8308337788184,9941
0.52065831631956,34.8290078203384,9942
0.518782427530703,34.8209174448494,9943
0.521364394827039,34.8302556721472,9944
0.519381673844018,34.8205242171062,9945
0.467025428936492,34.9011671247347,9946
0.516030513390502,34.8324542783623,9947
0.5970671,34.8792877,9948
0.470065831458784,34.8998921191591,9949
0.597750716126921,34.880455309727,9950
0.6007303,34.8431547,9951
0.597756736842051,34.8804269371311,9952
0.6014111,34.8460196,9953
0.597621690549373,34.8804539588405,9954
0.6078047,34.9449477,9955
0.6073648,34.9333786,9956
0.6252691,34.8724557,9957
0.6071342,34.9334491,9958
0.6079084,34.9443482,9959
0.6111774,34.9174618,9960
0.6111697,34.9175008,9961
0.6060028,34.934917,9962
0.6078539,34.9443291,9963
0.5315771,34.8403844,9964
0.512992689200852,34.848133842745,9965
0.507243026164513,34.847429884465,9966
0.5316216,34.8403562,9967
0.512040247932839,34.8481388778695,9968
0.507177669134326,34.8473596203557,9969
0.5130076,34.8480603,9970
0.5297202,34.8500446,9971
0.467252506947154,34.9000713465135,9972
0.5333803,34.8403896,9973
0.437670034753986,34.7572715021166,9974
0.439474013120851,34.7457933839764,9975
0.444836233649166,34.766446811477,9976
0.444451139867047,34.7662322752398,9977
0.443842162273,34.6836714519417,9978
0.445083462486036,34.6802118786398,9979
0.450675241159906,34.6734445899315,9980
0.418669067840364,34.7116930005258,9981
0.450494943529394,34.6721985577706,9982
0.419623011639583,34.7119995398597,9983
0.419833584703529,34.7118646418773,9984
0.595400426095669,34.9357613772407,9985
0.596650105397158,34.9355791563091,9986
0.598286567323512,34.9568443048614,9987
0.5979611,34.9573544,9988
0.5836366,34.9244534,9989
0.582603,34.9247582,9990
0.600163105608839,34.9593224635494,9991
0.600439735305914,34.9598397098883,9992
0.470506874948719,34.8970083894433,9993
0.475325652953452,34.7535505983846,9994
0.462973932784074,34.7703769563869,9995
0.462310858211438,34.7710355729477,9996
0.475503262152076,34.7537442602343,9997
0.453089214161856,34.7668659603815,9998
0.462309766056385,34.7710551920004,9999
0.42367261565521,34.8571045325097,10000
0.420006107748663,34.8571926038992,10001
0.4279248,34.8672481,10002
0.4414288,34.8634973,10003
0.4409324,34.8635396,10004
0.4281715,34.8674239,10005
-1.05871411541834,34.5750351132916,10006
-1.05169480894346,34.5679228195612,10007
-1.04629913940435,34.563030456362,10008
-1.03274994984477,34.5678898099575,10009
-1.04636341253089,34.5640634074358,10010
-1.04761274859431,34.5672615539838,10011
-1.04748612905008,34.5673811440425,10012
-1.05072231077449,34.5664811901419,10013
-1.04912059213815,34.5662799150888,10014
-1.04630454747489,34.5629757636231,10015
-0.923669007606804,34.4548791646957,10016
-0.923679107800126,34.4556346256286,10017
-0.924470694735646,34.4505834393203,10018
-0.9197377,34.4756113,10019
-0.923258545808494,34.4507297035307,10020
-0.928587927483022,34.461545040831,10021
-0.92429521959275,34.4625020865351,10022
-0.9277619,34.4612567,10023
-0.8490782,34.5333349,10024
-0.8495785,34.533537,10025
-0.8745115,34.5120865,10026
-0.848548,34.532928,10027
-0.8619566,34.5293514,10028
-0.8751027,34.5115555,10029
-0.8623313,34.5299242,10030
-0.9936806,34.4961185,10031
-0.9715178,34.470681,10032
-0.9941133,34.4968392,10033
-0.9937271,34.4962108,10034
-0.9714875,34.4710546,10035
-0.9823719,34.4925598,10036
-0.9714825,34.4711715,10037
-0.9804272,34.4916409,10038
-0.9755283,34.4750563,10039
-0.9815359,34.4922533,10040
-0.9756594,34.4750625,10041
-1.0489965,34.3330855,10042
-1.0329693,34.3482123,10043
-1.0812042,34.3523039,10044
-1.0858643,34.3589528,10045
-1.0809944,34.3527953,10046
-1.0458242,34.3429036,10047
-1.0490875,34.3349856,10048
-1.0497337,34.3360824,10049
-1.0830697,34.3547514,10050
-1.086279,34.3609593,10051
-1.0852336,34.3569009,10052
-1.00757936454033,34.4865799495171,10053
-0.981300676253637,34.3905542354764,10054
-0.989674844242679,34.4299966340891,10055
-0.989673834405803,34.4299350309583,10056
-1.00759009579293,34.4866903450122,10057
-0.988054481295594,34.4301490411973,10058
-1.00762695941878,34.4866766617245,10059
-0.989121367053731,34.4301251965207,10060
-0.988894210772794,34.4290748150714,10061
-0.98022050986975,34.4947340514818,10062
-0.98777966506523,34.4294450829816,10063
-1.1150128852645,34.5052741702615,10064
-1.08790687527301,34.495131158368,10065
-1.11498112047773,34.5053140313265,10066
-1.08762177351253,34.4985809673969,10067
-1.06323091548655,34.4734732469323,10068
-1.09110719190025,34.507534596995,10069
-1.04921783474026,34.5662242345144,10070
-1.11497856885973,34.5053070159319,10071
-1.02097583038502,34.5614529169628,10072
-1.06311523149479,34.4734778405098,10073
-1.0368946,34.48858,10074
-1.0433943,34.4907399,10075
-1.0366702,34.4851563,10076
-1.046171,34.4913699,10077
-1.0441257,34.4927576,10078
-1.0498085,34.4992483,10079
-1.0364805,34.4884506,10080
-1.0430175,34.4911939,10081
-1.0443902,34.4934308,10082
-1.0496769,34.4992206,10083
-1.0495971,34.4969944,10084
-1.0422751,34.4942524,10085
-1.00701068993658,34.3660665303469,10086
-1.00444959942251,34.377975622192,10087
-0.997561644762754,34.3468424677849,10088
-0.994281554594636,34.3622606433928,10089
-1.00431402213872,34.3780148494989,10090
-0.994228203780949,34.3622104357928,10091
-1.00685076322407,34.3659863993526,10092
-1.00135064218193,34.378784224391,10093
-0.997566129080951,34.346847999841,10094
-0.994392028078437,34.363061953336,10095
-1.0060373833403,34.3666999507695,10096
-1.1022966,34.5241566,10097
-1.1015217,34.52865,10098
-1.1015203,34.5283946,10099
-1.089279,34.5276113,10100
-1.0818346,34.5315603,10101
-1.0831238,34.531778,10102
-1.0867365,34.528835,10103
-1.1022922,34.5242764,10104
-1.1017538,34.5260345,10105
-1.102588,34.5247212,10106
-1.0852762,34.5323754,10107
-0.980122188453774,34.4184193675381,10108
-1.00717710549435,34.4863196966911,10109
-1.0896857175976,34.4674301426858,10110
-1.00021401812887,34.4949111962899,10111
-1.08979975339025,34.467359399423,10112
-1.08975080307573,34.4673839583993,10113
-1.08976475894451,34.4673691224307,10114
-0.980108874868192,34.4183944288486,10115
-0.981269519308823,34.3901120667525,10116
-1.08978630043566,34.4674049969763,10117
-0.981287462214409,34.3905681881583,10118
-1.01669070494014,34.5909747484661,10119
-1.02276678412692,34.5883075833985,10120
-1.02275475590784,34.5882526421542,10121
-1.01672565687342,34.5909355331526,10122
-1.02276937192827,34.5880936848922,10123
-1.01962980939102,34.5661799377562,10124
-1.06318036936563,34.4734537899206,10125
-1.01654169620955,34.5907921024088,10126
-1.09216282144189,34.4484510831535,10127
-1.0934503,34.4472574,10128
-1.08787635806948,34.4169147592038,10129
-1.10919183120131,34.3846740201116,10130
-1.08812370803207,34.4168117456138,10131
-1.11948153935373,34.3877634219825,10132
-1.1194344330579,34.3877712171525,10133
-1.09833651222289,34.2615072336048,10134
-1.10022700857371,34.2620226368308,10135
-1.09213524498045,34.4485129415989,10136
-1.09845892991871,34.261476220563,10137
-1.0898551158607,34.4674859661609,10138
-0.946393562480807,34.3385893944651,10139
-0.974971493706107,34.3693130929023,10140
-1.08963584527373,34.4674975331873,10141
-1.08966363128275,34.4674454815686,10142
-0.964034995995462,34.3663699552417,10143
-0.964087801985443,34.3663514312357,10144
-0.964135243557394,34.3668243382126,10145
-0.947125134989619,34.3387737125158,10146
-0.947039304301143,34.3388240039349,10147
-0.969488094560802,34.370393268764,10148
-1.00440593148059,34.5704887401655,10149
-1.0152869252,34.5669073981301,10150
-1.11459360677579,34.5049281732544,10151
-1.01804084012563,34.5660473004348,10152
-1.01997257743775,34.5650027718778,10153
-1.01961874933781,34.5667183349072,10154
-1.02206382906328,34.5615288928634,10155
-1.01829638567411,34.5656711999176,10156
-1.02002160839521,34.5650270935898,10157
-1.01560023160078,34.5670148668172,10158
-1.01666392985085,34.5908415210478,10159
-1.02136781264307,34.5693482092183,10160
-1.02138938999725,34.5613541320831,10161
-1.05256817769259,34.525132002309,10162
-1.06259004212916,34.5371474605054,10163
-1.07049539219588,34.4685639627278,10164
-1.05138641316444,34.528953647241,10165
-1.0511497920379,34.5284137688577,10166
-1.05273267254233,34.5252929348499,10167
-1.06588819529861,34.5349785592407,10168
-1.05264474637806,34.52527474612,10169
-0.9252015,34.5696528,10170
-0.9244276,34.5696335,10171
-0.8863332,34.5520839,10172
-0.8689671,34.5603128,10173
-0.8871789,34.5533913,10174
-0.9232773,34.5691661,10175
-0.8689299,34.5602464,10176
-0.8863629,34.552188,10177
-1.10396093688905,34.3061903212219,10178
-1.08964498154819,34.4674078468233,10179
-1.09829606954008,34.3386198207736,10180
-1.08965788967907,34.4674060866237,10181
-1.08969682361931,34.2859642859548,10182
-1.09631467144936,34.3394124973565,10183
-1.09003272838891,34.2861583270132,10184
-1.10365269239992,34.3061963561922,10185
-1.08836175408214,34.4666497036815,10186
-1.08972528018057,34.4674137141556,10187
-1.09634660650045,34.3393754493445,10188
-1.09298592433333,34.2773478571325,10189
0.38530841684782,34.6386558828208,10190
0.393271199405255,34.624946602108,10191
0.392303968701776,34.6261886435416,10192
0.3850586,34.6385698,10193
0.386316050257907,34.6389488704521,10194
0.3595161,34.4934086,10195
0.368819820891155,34.4393874892236,10196
0.371006730118571,34.4354595622002,10197
0.370078176014671,34.4368960119493,10198
0.356509596455057,34.4432090478751,10199
0.368899807082079,34.4394530718503,10200
0.370117275798207,34.4368398165655,10201
0.3406625,34.4925085,10202
0.329224420458824,34.6081603732887,10203
0.319458431087272,34.5990850756835,10204
0.316212797001431,34.6044077596524,10205
0.316626644858592,34.6049970442527,10206
0.369890502129443,34.5773055486092,10207
0.381410484587917,34.5724860271034,10208
0.37898018735209,34.5825553076309,10209
0.3811204,34.5727863,10210
0.370336720849185,34.5764396141463,10211
0.3719149,34.5799024,10212
0.383148141963055,34.5845783717688,10213
0.333104019287966,34.6599188409715,10214
0.339560781855878,34.662571047983,10215
0.33657114391622,34.6598035801026,10216
0.336219347937326,34.6616786627449,10217
0.330785099325422,34.6646370714609,10218
0.32573373071391,34.6671089305528,10219
0.337552391165912,34.6542411633507,10220
0.371111848325778,34.6370525002307,10221
0.372857663260567,34.6470797271099,10222
0.359118260358416,34.6452706201918,10223
0.375522404901194,34.636955930379,10224
0.359492058602559,34.643277614854,10225
0.301452184038574,34.5966456465106,10226
0.285575253037563,34.6251049689829,10227
0.301449606258256,34.5966074972812,10228
0.304884937131139,34.5938739686788,10229
0.28259557807301,34.6245989503014,10230
0.304884828088134,34.5939409036209,10231
0.302282588948165,34.592012206389,10232
0.306380020032767,34.4211131109575,10233
0.3474801,34.4902916,10234
0.325049815770399,34.5825895589633,10235
0.3117524,34.4206603,10236
0.311712,34.4201561,10237
0.3524851,34.4785668,10238
0.379933,34.4820738,10239
0.3522838,34.4778146,10240
0.352919,34.4892971,10241
0.3810885,34.4832701,10242
0.350041679597458,34.4551453287886,10243
0.332997240008349,34.5469948207629,10244
0.332332228930808,34.5459690253128,10245
0.3627531,34.4628322,10246
0.3627721,34.4628647,10247
0.361129073047273,34.4615755011805,10248
0.3495846,34.4563465,10249
0.3232711,34.5307151,10250
0.3069664,34.5129607,10251
0.30828478885532,34.5151337479908,10252
0.3267033,34.535173,10253
0.3362719,34.504385,10254
0.3357277,34.5234406,10255
0.337857258024055,34.5039211929419,10256
0.337794484364048,34.5038801522142,10257
0.3347611,34.4988442,10258
0.3356476,34.5233941,10259
0.33715342689654,34.5244572376919,10260
0.490845,34.1229978,10261
0.4756583,34.1319802,10262
0.488678,34.1378136,10263
0.4880599,34.1403342,10264
0.4906831,34.1229806,10265
0.4767114,34.1316607,10266
0.4908238,34.1229771,10267
0.4077643,34.2113546,10268
0.3998557,34.1752646,10269
0.4077363,34.2114491,10270
0.4154116,34.2092932,10271
0.3992412,34.1755245,10272
0.4165752,34.2081453,10273
0.4077374,34.2113757,10274
0.4163224,34.2085647,10275
0.4105985,34.3290845,10276
0.4120606,34.3359025,10277
0.4039603,34.339239,10278
0.4432946,34.2745038,10279
0.4116214,34.33505,10280
0.4432702,34.2745119,10281
0.4115364,34.3349835,10282
0.4235943,34.3375017,10283
0.3619549,34.3212903,10284
0.3608614,34.322523,10285
0.3718919,34.3357554,10286
0.3611287,34.3212199,10287
0.3677252,34.3465798,10288
0.3689972,34.3489719,10289
0.367638,34.348255,10290
0.4293602,34.1217078,10291
0.4386913,34.1558959,10292
0.4391471,34.1580401,10293
0.4388556,34.1561829,10294
0.4415569,34.1467834,10295
0.4292921,34.1217772,10296
0.3965421,34.1716517,10297
0.3941147,34.154157,10298
0.3985098,34.1713581,10299
0.3933532,34.1542393,10300
0.3939982,34.1543945,10301
0.3981171,34.1713861,10302
0.4104021,34.1686278,10303
0.4091058,34.1684186,10304
0.4091336,34.1687081,10305
0.4623083,34.1753475,10306
0.4428723,34.1707014,10307
0.4510608,34.1444292,10308
0.4623477,34.1756767,10309
0.4428149,34.1704501,10310
0.4623558,34.1753281,10311
0.4424809,34.1704519,10312
0.408526,34.3074705,10313
0.4085812,34.3078103,10314
0.394679,34.2968705,10315
0.3928695,34.2909177,10316
0.4080129,34.3087376,10317
0.3928859,34.2908127,10318
0.4083003,34.3084397,10319
0.3945354,34.2970263,10320
0.3932536,34.2890186,10321
0.4398138,34.4472851,10322
0.436008,34.451062,10323
0.4358252,34.4509434,10324
0.4443987,34.4503669,10325
0.4414251,34.4465751,10326
0.4400927,34.447177,10327
0.4358847,34.4508842,10328
0.4460789,34.4482416,10329
0.5133623,34.2115847,10330
0.5131022,34.2119736,10331
0.5131471,34.2119351,10332
0.5147076,34.2186262,10333
0.5076532,34.216511,10334
0.5136993,34.2183657,10335
0.5066833,34.207541,10336
0.4891941,34.1977805,10337
0.4957877,34.1544929,10338
0.4958333,34.1543283,10339
0.4900406,34.198764,10340
0.4849285,34.157969,10341
0.4844924,34.1577592,10342
0.4956734,34.1539021,10343
0.4695418,34.2397519,10344
0.4887242,34.234198,10345
0.4709978,34.2376831,10346
0.4701796,34.2385281,10347
0.4887788,34.2341538,10348
0.489646,34.2363242,10349
0.4662498,34.2275126,10350
0.4701733,34.2384417,10351
0.9815006,34.974345,10352
0.9851206,34.9545692,10353
0.9850106,34.9545307,10354
0.991849,34.9619578,10355
0.9833324,34.9581032,10356
0.9901108,34.9511064,10357
0.9892497,34.9539422,10358
0.9793618,34.9835918,10359
0.9793254,34.9836304,10360
0.9419773,34.9123215,10361
0.9433545,34.9169141,10362
0.9500166,34.9202456,10363
0.9490068,34.9177358,10364
0.945125,34.9156088,10365
0.9499179,34.9201152,10366
0.9504154,34.9198806,10367
0.9478987,34.9180183,10368
0.9419735,34.9123309,10369
0.8445041,34.9279468,10370
0.8444105,34.9268705,10371
0.844267,34.9560353,10372
0.8438639,34.9565211,10373
0.8514325,34.9413483,10374
0.8518854,34.9419794,10375
0.8248352,34.9213699,10376
0.8444821,34.9280099,10377
0.8251366,34.9224825,10378
0.8513564,34.9412765,10379
0.843851,34.956445,10380
1.0105082,34.7857012,10381
1.0134753,34.8122133,10382
1.0082766,34.8066056,10383
1.0136983,34.8126354,10384
1.0105164,34.7856939,10385
1.0107126,34.7887923,10386
1.0137234,34.8126255,10387
1.0103374,34.7856148,10388
1.0098942,34.7883255,10389
1.0078298,34.8065015,10390
1.0237335,34.8120865,10391
1.0102842,34.8237004,10392
1.0099151,34.823999,10393
1.0303284,34.8027068,10394
1.0297787,34.8024629,10395
1.0237218,34.8119536,10396
1.0224523,34.8121368,10397
1.0330089,34.8028591,10398
1.1233145,34.9197623,10399
1.0733406,34.9232484,10400
1.0720949,34.9240379,10401
1.0778056,34.9243619,10402
1.0762138,34.9237008,10403
1.07508983564538,34.9235763727005,10404
1.0777711,34.9243847,10405
1.0720826,34.9240331,10406
1.0738464,34.9286268,10407
1.0707761,34.9257419,10408
1.11140748434203,34.9269951687557,10409
1.1233487,34.9198457,10410
0.9459668,35.0066118,10411
0.9534038,35.0031415,10412
0.9554747,34.9876984,10413
0.9461019,35.0066107,10414
0.9546215,35.0042565,10415
0.9503353,34.9779625,10416
0.9377369,35.008658,10417
0.9387664,35.0080069,10418
0.9376617,35.0086875,10419
0.8110663,34.9459183,10420
0.7889779,34.9292752,10421
0.8034637,34.9467645,10422
0.7889293,34.9292875,10423
0.8078273,34.9611446,10424
0.817212,34.9576345,10425
0.8185782,34.9577683,10426
0.8185534,34.9578013,10427
0.8077996,34.962546,10428
0.7887214,34.9280258,10429
0.9785776,34.8641112,10430
0.9785693,34.8641118,10431
0.9813803,34.9044213,10432
0.9778326,34.8708807,10433
0.9809942,34.8880628,10434
0.9777904,34.8642633,10435
0.9776754,34.8631181,10436
0.9821086,34.9047145,10437
0.9809576,34.8880853,10438
0.9803288,34.8863807,10439
1.1428536,34.8597597,10440
1.1364089,34.7784459,10441
1.1424205,34.8545738,10442
1.1308782,34.8680902,10443
1.1440367,34.7819931,10444
1.1308706,34.8680362,10445
1.1472708,34.7817938,10446
1.1348121,34.7816333,10447
1.1309285,34.8660331,10448
0.9544981,34.9153483,10449
0.9681863,34.915317,10450
0.9778445,34.9085096,10451
0.9761222,34.9151446,10452
0.9778349,34.9084857,10453
0.9759216,34.9164797,10454
0.9563051,34.9147933,10455
0.9765929,34.9092216,10456
0.9685705,34.9154804,10457
0.9870433,34.8735119,10458
0.9733324,34.8803961,10459
0.9726757,34.868927,10460
0.9809751,34.8880542,10461
0.979941,34.8718625,10462
0.987049,34.8735701,10463
0.9805249,34.8739604,10464
0.971707,34.8693349,10465
0.9793999,34.873343,10466
0.9717373,34.8693299,10467
0.949847,34.9425485,10468
0.954079,34.935243,10469
0.9519303,34.9357888,10470
0.9493304,34.9441079,10471
0.9393375,34.9463707,10472
0.8878544,34.8784804,10473
0.8779493,34.8875664,10474
0.8783368,34.8883123,10475
0.8715246,34.8798175,10476
0.8878075,34.8785106,10477
0.8761001,34.8889725,10478
0.8760657,34.888972,10479
0.8905784,34.9323334,10480
0.8884621,34.8801491,10481
0.8779287,34.8876448,10482
1.1201271,34.784616,10483
1.1201133,34.7846086,10484
1.1181711,34.8008606,10485
1.08948974181252,34.764286909969,10486
1.1217330344139,34.7739171452126,10487
0.8378052,34.8664423,10488
1.1210726,34.7848445,10489
0.8996155,34.8845163,10490
0.8998998,34.8845569,10491
0.900265,34.8839193,10492
0.899633,34.8845035,10493
0.8877125,34.8984562,10494
0.887703,34.8984293,10495
0.8874629,34.8985215,10496
0.8861461,34.8967659,10497
0.8909297,34.8698286,10498
0.8907593,34.8714792,10499
0.8859052,34.8975048,10500
0.887173,34.8972757,10501
0.8907469,34.8702099,10502
0.8972245,34.9971052,10503
0.9224321,35.0072793,10504
0.9228464,35.0070898,10505
0.9228842,35.0072088,10506
0.8981348,34.9970952,10507
0.9233512,35.0068883,10508
0.8935853,35.0066528,10509
0.8917829,34.9324412,10510
0.9024447,35.0119314,10511
0.9005774,35.0123764,10512
0.9014891,34.9454425,10513
0.904115,34.9548341,10514
0.9019658,34.9457731,10515
0.8997643,34.9593008,10516
0.8979287,34.9462005,10517
0.9073948,34.9727191,10518
0.9072094,34.9679367,10519
0.9000503,34.9593905,10520
0.9073286,34.9726753,10521
0.9011836,34.9598001,10522
0.9040586,34.9549275,10523
0.9044302,34.9540799,10524
0.8499716,34.8919466,10525
0.8518932,34.8919989,10526
0.8520627,34.8920901,10527
0.8500423,34.8926455,10528
0.8487929,34.8433221,10529
0.8491895,34.8443199,10530
0.8500665,34.8919358,10531
0.8434451,34.9051485,10532
0.8910293,34.9323048,10533
0.804181,34.8849713,10534
0.7954202,34.888436,10535
0.8219061,34.8837781,10536
0.8047706,34.898505,10537
0.7956953,34.8880913,10538
0.8040138,34.8848495,10539
0.8219326,34.8837413,10540
0.8188473,34.8844079,10541
0.8065034,34.8973603,10542
0.8809088,34.9063061,10543
0.989348440963893,34.9723034170974,10544
0.981833349589168,34.9746552602758,10545
1.08309577879308,34.8182114697381,10546
0.987324807116601,34.973197005201,10547
0.8794839,34.9034408,10548
0.981999121156217,34.9745993362217,10549
1.1677165,34.7788528,10550
0.987920128958182,34.9735518473543,10551
0.8754455,34.8941344,10552
1.1665114,34.7765796,10553
-0.678042149178016,34.78357721852,10554
-0.651051269864589,34.9234574666721,10555
-0.651192037185399,34.9234008173525,10556
-0.678257963394645,34.7835961953375,10557
-0.650764940218367,34.9250009152522,10558
-0.650873200932154,34.9222706356521,10559
-0.646614233866964,34.8536785057815,10560
-0.669777425323788,34.7672452923426,10561
-0.678222214430402,34.7835732101581,10562
-0.670245197501719,34.7678394716837,10563
-0.646483238657598,34.854827113906,10564
-0.670230340301921,34.7678676949785,10565
-0.651435910913804,34.9235480628539,10566
-0.448419281800319,35.010691369619,10567
-0.444946062803631,35.0090002800096,10568
-0.448661445140239,35.010569148182,10569
-0.678244774629554,34.7835131505057,10570
-0.678288217154843,34.7835977795892,10571
-0.443877891085421,35.0094850356097,10572
-0.678211521614482,34.7833786696896,10573
-0.440951284696647,35.0153751744782,10574
-0.444135688989305,35.0103734956371,10575
-0.507590770074328,34.9043689672355,10576
-0.485529871655908,34.9055453764978,10577
-0.485761177738907,34.9057238014873,10578
-0.501516915801296,34.9013957078431,10579
-0.488344010197143,34.9024472834989,10580
-0.6722728,34.7517558,10581
-0.670328759030502,34.7678534517876,10582
-0.681413347224972,34.7855177564901,10583
-0.670172376692945,34.7678269380617,10584
-0.678305015090163,34.7836254231152,10585
-0.677720987705123,34.7758539589794,10586
-0.669981680125935,34.7678812397598,10587
-0.540401633597108,35.0309369240246,10588
-0.678227852858964,34.7835753929082,10589
-0.541422173789817,35.0295595366757,10590
-0.541031034128474,35.0303523093346,10591
-0.670664628733867,34.7672756180538,10592
-0.542073200376776,35.0292754810389,10593
-0.51479414362288,35.0017389726557,10594
-0.54004112343586,35.030282297404,10595
-0.540358736647404,35.0302332665429,10596
-0.480321903291707,34.9762846501652,10597
-0.617619973968087,35.03624526976,10598
-0.61804921060508,35.036258474763,10599
-0.618054384188467,35.0362829751349,10600
-0.670364563286737,34.7679418480302,10601
-0.620621052010651,35.0334830684054,10602
-0.678240693483318,34.783769712296,10603
-0.484819804164004,34.8027310915904,10604
-0.603895646208294,34.9568515520482,10605
-0.669875826717387,34.7679859943725,10606
-0.670153478764547,34.7675770090579,10607
-0.451149452457719,35.0280573828382,10608
-0.446587036450337,35.0314648445738,10609
-0.448222706677293,35.0368761055523,10610
-0.67370010976656,34.7704410054527,10611
-0.67014479765447,34.7677921247498,10612
-0.451111689800546,35.02808590256,10613
-0.444851330709529,35.0412287335133,10614
-0.673641855762947,34.7705267422149,10615
-0.630678294619907,35.0303364549349,10616
-0.615233903115443,35.0329468507632,10617
-0.611837113854308,35.0218798559954,10618
-0.638975206648873,35.0042938353627,10619
-0.611693486075553,35.0209701207648,10620
-0.615332108927435,35.0325159307467,10621
-0.616108319508308,35.0326124083409,10622
-0.630266499037629,35.02781063547,10623
-0.638352946056626,35.0052191916246,10624
-0.670289851571623,34.7678923331914,10625
-0.678217949174814,34.783606762278,10626
-0.690929451499785,35.0684284516435,10627
-0.678222609143079,34.7836257617899,10628
-0.673778071423214,34.7706579502292,10629
-0.683270329997317,35.0689713194327,10630
-0.673522179969361,34.7706351757423,10631
-0.689601997180013,35.0686351629087,10632
-0.69001881398568,35.0679455997646,10633
-0.684147314238122,35.0680605308662,10634
-0.689752857254239,35.0683301993559,10635
-0.674785795352975,34.9181664254354,10636
-0.656574470851398,34.8951614983645,10637
-0.674063715004073,34.9163926669727,10638
-0.48328215332121,34.9759985293081,10639
-0.678243235593296,34.7835060323856,10640
-0.48755821748093,34.974365764151,10641
-0.482253563971659,34.9764727247907,10642
-0.483678228305788,34.9753093682007,10643
-0.46594589382306,34.931672117787,10644
-0.678306209052352,34.7836900182467,10645
-0.678194209973607,34.7836008069861,10646
-0.482780521878939,34.9761877447556,10647
-0.529949780419104,34.9886221581295,10648
-0.510976834915987,35.007913794725,10649
-0.672206727190708,34.7517846334148,10650
-0.507130586256439,34.9995299878287,10651
-0.50588099216531,34.9993715189153,10652
-0.507169636384812,34.996718481262,10653
-0.505759781740489,35.0130155347986,10654
-0.506254054261217,34.9988438586397,10655
-0.580199262538312,34.9942684667411,10656
-0.590488984568036,34.9757988504393,10657
-0.580810400432573,34.9948907786812,10658
-0.566651271044772,34.9686033082748,10659
-0.590613324552381,34.9759079741959,10660
-0.503137640302378,34.8073476397427,10661
-0.51454763630614,34.8096993986521,10662
-0.515343528722124,34.8098231135888,10663
-0.503122417866957,34.8074095299472,10664
-0.515249844397769,34.8098305197095,10665
-0.500275216241284,34.8111172424279,10666
-0.499846431839665,34.81430857439,10667
-0.509452925017999,34.764555793439,10668
-0.506414209250584,34.7673679360458,10669
-0.51063875883572,34.7628992236383,10670
-0.506782608083368,34.7640652967989,10671
-0.509440169070456,34.7651927072079,10672
-0.506762246671725,34.7641056126303,10673
-0.562161374208711,34.6883977766687,10674
-0.557645967733358,34.6885521372767,10675
-0.569371598892719,34.6946756548811,10676
-0.524713165966885,34.7381130418332,10677
-0.522824382747007,34.7372268563439,10678
-0.561500273834623,34.6896085024407,10679
-0.560106576947152,34.686008627028,10680
-0.549737384032708,34.7423883629079,10681
-0.542351287609743,34.7385959142586,10682
-0.558680029756741,34.7379602440101,10683
-0.549484915977056,34.7415728548078,10684
-0.559114201679383,34.7366570683303,10685
-0.545431486730906,34.7424218397446,10686
-0.558832413896294,34.7359601066122,10687
-0.542096019333023,34.7286066123584,10688
-0.5278821382225,34.7542959268943,10689
-0.521095263260854,34.7581692215791,10690
-0.527915073179206,34.7543750895358,10691
-0.545446313613616,34.7383616995469,10692
-0.543537902170005,34.7354707058076,10693
-0.521501385709194,34.736571000134,10694
-0.528441150088059,34.7541835273184,10695
-0.520943254177161,34.755941515705,10696
-0.420006962493574,34.7373449618264,10697
-0.450501066518206,34.735894697885,10698
-0.453295328892537,34.7382963980027,10699
-0.420001792721117,34.7373435435787,10700
-0.450648338132388,34.7374235768359,10701
-0.425574335762309,34.7295195111643,10702
-0.451806718261835,34.7348966591116,10703
-0.425576409410611,34.7295348514247,10704
-0.453243978203471,34.7383021982243,10705
-0.420127331878993,34.7378564107158,10706
-0.447959004626029,34.7369652812625,10707
-0.456449822539748,34.7384950870143,10708
-0.448872786212678,34.7372021631903,10709
-0.4325442901232,34.7069968683616,10710
-0.432388060571792,34.7079928592674,10711
-0.4457359876323,34.7096690224654,10712
-0.431822404368391,34.7087159827965,10713
-0.427255729513793,34.7079964254257,10714
-0.432386510928212,34.7070257043185,10715
-0.431416208418309,34.7074239951853,10716
-0.446098090260023,34.7101791757266,10717
-0.426991530248383,34.7087578922862,10718
-0.432552016050156,34.7069833488849,10719
-0.45616555288374,34.6528937552245,10720
-0.45544941831088,34.6531429210015,10721
-0.455997996821749,34.6528304192941,10722
-0.485649994869802,34.6800114183915,10723
-0.441670592113575,34.6372241696346,10724
-0.460423971877841,34.6606245303972,10725
-0.488316103603683,34.681382246885,10726
-0.441610769238929,34.6372417574566,10727
-0.441512465721126,34.6351697354661,10728
-0.460370812661526,34.6606911148667,10729
-0.485558097477616,34.6837031291996,10730
-0.519766289197068,34.74908478004,10731
-0.521025223160416,34.7477597418285,10732
-0.519805730717645,34.7490774234166,10733
-0.519155839365756,34.7494710872644,10734
-0.516429435583364,34.7440459648459,10735
-0.540916492189725,34.7459291689134,10736
-0.524398078808404,34.7390606428195,10737
-0.516757719072571,34.7444665880198,10738
-0.520990806917782,34.7478035630316,10739
-0.434652169189698,34.8173945814113,10740
-0.449693615154109,34.8487366122862,10741
-0.447763420326949,34.8336068666922,10742
-0.43455534694068,34.8169153949816,10743
-0.434423187835273,34.8177221415795,10744
-0.434823901710874,34.8174162852597,10745
-0.446494563376909,34.8319222029217,10746
-0.446480173492054,34.8319201718082,10747
-0.449580776767466,34.8487801628649,10748
-0.448698309589952,34.8486277290005,10749
-0.503927200546282,34.8438350067013,10750
-0.509586854121414,34.8418909107116,10751
-0.503939592687841,34.8446679277155,10752
-0.503953073290746,34.8438372126113,10753
-0.502425431041518,34.8450452912937,10754
-0.503179428465345,34.8428115836884,10755
-0.507191738842571,34.8418225410113,10756
-0.502422444267696,34.8450662674336,10757
-0.489828252216949,34.8438193597773,10758
-0.467208280254012,34.8660461705843,10759
-0.491387404429194,34.8715174246635,10760
-0.474357958945862,34.8420889718514,10761
-0.490043368496423,34.8713944505464,10762
-0.490017137774206,34.8713993103454,10763
-0.468445365170581,34.8652069794319,10764
-0.48611209500855,34.8668438406357,10765
-0.467094170202725,34.8660560690231,10766
-0.487190044171429,34.8672200417315,10767
-0.473808632597132,34.8432767060966,10768
-0.586346965059874,34.6523727661663,10769
-0.576216752296988,34.6395746422237,10770
-0.577468472974268,34.6403439331018,10771
-0.550483594413035,34.6224213987245,10772
-0.585590415640526,34.6536034094102,10773
-0.57971596056938,34.6462858781101,10774
-0.842151107004685,34.5689647553238,10775
-0.749636079022218,34.617019533031,10776
-0.728952824993965,34.6142373186718,10777
-0.731218027029592,34.6138485304252,10778
-0.728860502141761,34.6142476993093,10779
-0.867485839185941,34.5755741269668,10780
-0.749807780483892,34.6157225916221,10781
-0.479280989387984,34.8012658170274,10782
-0.62817591411399,34.5772470747257,10783
-0.643425650991586,34.5918398623893,10784
-0.628132216972043,34.576170038911,10785
-0.648288636140312,34.594288541093,10786
-0.628189457003056,34.5772568871806,10787
-0.842724704729122,34.5689722690506,10788
-0.844052097634736,34.5691879307292,10789
-0.842775263761638,34.5690314373324,10790
-0.844497244271879,34.5725013151665,10791
-0.843710842202285,34.5713570664053,10792
-0.804698807981789,34.5499055292783,10793
-0.804690335911548,34.5499331116194,10794
-0.804699320682744,34.5499157502635,10795
-0.738035557479232,34.518649084756,10796
-0.732705311761995,34.5070505322671,10797
-0.739580095868933,34.5179571278058,10798
-0.732465273725589,34.507765102352,10799
-0.694735047272805,34.3110722434521,10800
-0.690382534902361,34.3134135418224,10801
-0.740067812208466,34.3664026808526,10802
-0.740260739526059,34.3669111803728,10803
-0.700071203544428,34.3488827556452,10804
-0.70078430843902,34.3263073889049,10805
-0.694492741322138,34.3127204234323,10806
-0.700794332181716,34.3487228832576,10807
-0.69432184593448,34.3114698917064,10808
-0.776643778481467,34.4428460913291,10809
-0.777470660140321,34.4627582250055,10810
-0.777513650851927,34.4627225108313,10811
-0.776669605715367,34.4428270461915,10812
-0.781363642158245,34.4820746177233,10813
-0.778354195785026,34.4612469225931,10814
-0.778833677586873,34.485957720009,10815
-0.618833807819955,34.5012396744939,10816
-0.640890569952294,34.5068243634494,10817
-0.616388222415619,34.4739833462236,10818
-0.640834031070777,34.5068103044877,10819
-0.64083868218013,34.5068138084038,10820
-0.618822172572071,34.5012487697715,10821
-0.616421524825449,34.4740691882501,10822
-0.618870833688205,34.5012327460316,10823
-0.622535547496584,34.4688119506785,10824
-0.650132886357085,34.5102315325685,10825
-0.819228436725479,34.411876335112,10826
-0.810081220216954,34.4234431842893,10827
-0.798760857605553,34.4069713026767,10828
-0.837255665646611,34.4340181178169,10829
-0.817478232433635,34.4126740768505,10830
-0.812289649973127,34.4236038761679,10831
-0.837674231238747,34.4337555723922,10832
-0.722506298762407,34.5165423350267,10833
-0.711478481625269,34.4937349470669,10834
-0.724494414444572,34.5225962748644,10835
-0.711307872923826,34.4937118606074,10836
-0.722939323332786,34.517461832353,10837
-0.722410400788704,34.5231385214798,10838
-0.682411040691543,34.5911061015844,10839
-0.701962559007693,34.5872775395809,10840
-0.704508035208192,34.5837104689233,10841
-0.69937027760958,34.5894861227913,10842
-0.681926186033918,34.5908843745531,10843
-0.683670127406489,34.591231460573,10844
-0.704817043793951,34.5833094154062,10845
-0.705757752597611,34.5845023469966,10846
-0.707634256181612,34.5731878363762,10847
-0.700837923512697,34.5471114234813,10848
-0.694353543169503,34.556589615522,10849
-0.694040693904391,34.5566868940348,10850
-0.701429849604271,34.5463365793477,10851
-0.707651194962251,34.5732070542569,10852
-0.686036317909434,34.4787930468289,10853
-0.651231725114384,34.4406268384074,10854
-0.686971052740433,34.4789361062056,10855
-0.687027943122626,34.4789784466052,10856
-0.652043883180896,34.4424556425356,10857
-0.645082034832667,34.4507484385384,10858
-0.739685492098439,34.5182094765506,10859
-0.746374800635794,34.5062554533428,10860
-0.751564678550606,34.4841354385494,10861
-0.747101208203854,34.5063705712086,10862
-0.754453488962956,34.4829938423916,10863
-0.754460061597055,34.4829931299017,10864
-0.699581513131706,34.3248922955851,10865
-0.733433266721616,34.5825071701749,10866
-0.730624337637009,34.5688516323595,10867
-0.711766813128091,34.5936299636428,10868
-0.71185202701079,34.5935996418148,10869
-0.733622045572567,34.5824168379135,10870
-0.855225068241401,34.6018909315476,10871
-0.876814139106317,34.6100177173809,10872
-0.872409303579922,34.6088732358865,10873
-0.856122207787442,34.6027490021028,10874
-0.873454822430724,34.6086407201031,10875
-0.622432233314493,34.4253246172449,10876
-0.622905799825097,34.4257272145453,10877
-0.59986006869121,34.3803677187215,10878
-0.611429616761922,34.4166052169123,10879
-0.617975718966473,34.4149561804689,10880
-0.598436671857199,34.3802788271023,10881
-0.59842976318546,34.3803425831273,10882
-0.618363372131075,34.4161370627232,10883
-0.622590473987913,34.4245233354885,10884
-0.618353020889813,34.4161410806486,10885
-0.61158727770078,34.4164982937851,10886
-0.611308002891408,34.4166167884379,10887
0.9167248,34.8096035,10888
0.9090615,34.815364,10889
0.8909348,34.8080578,10890
0.2855534,34.7233219,10891
0.9203115,34.7815017,10892
0.9050439,34.8134355,10893
0.8902524,34.8095198,10894
0.9078892,34.8173908,10895
0.9150586,34.8097279,10896
0.8415837,34.8371096,10897
0.8414355,34.8362741,10898
0.8976164,34.8517153,10899
0.859940425026685,34.8322296713448,10900
0.8503194,34.8455666,10901
0.8919857,34.8518514,10902
0.8503902,34.8445921,10903
0.851483,34.8539999,10904
0.860065179080448,34.8326571067289,10905
0.911733007533826,34.7941902621902,10906
0.8892943,34.7863392,10907
0.904389816205322,34.7965590411612,10908
0.898673914031222,34.7851326207903,10909
0.8898703,34.7861407,10910
0.8986786,34.7851378,10911
0.911588553233185,34.7939677566676,10912
0.9023879,34.7962519,10913
0.889238872674451,34.7867527331094,10914
0.914377222199211,34.7936081515739,10915
0.9563112,34.8179864,10916
0.9518428,34.8180303,10917
0.2859822,34.7230174,10918
0.9545629,34.8263883,10919
0.9580761,34.8200259,10920
0.9521207,34.8182552,10921
0.9427639,34.8341765,10922
0.7218669,34.8581585,10923
0.7284375,34.8476244,10924
0.7226181,34.8576413,10925
0.7208741,34.8374352,10926
0.7254328,34.8483798,10927
0.7230994,34.8595808,10928
0.7219044,34.8374731,10929
0.7208901,34.8374562,10930
0.700433,34.8699202,10931
0.7286716,34.869769,10932
0.7001688,34.8617175,10933
0.7004089,34.8698491,10934
0.7291335,34.8683236,10935
0.6995942,34.8622586,10936
0.699045,34.8694208,10937
0.7290399,34.8683161,10938
0.6989312,34.8694135,10939
0.9027063,34.8637486,10940
0.9151773,34.8666314,10941
0.9265444,34.8634347,10942
0.9131402,34.8653526,10943
0.9177064,34.8614254,10944
0.9117565,34.8646057,10945
0.9131974,34.865444,10946
0.9254259,34.8627668,10947
0.9132363,34.8653414,10948
0.9151134,34.8666401,10949
0.9105525,34.829381,10950
0.9103659,34.8291723,10951
0.9079078,34.8393303,10952
0.908819,34.8258596,10953
0.9080325,34.837679,10954
0.9118765,34.8305385,10955
0.9081406,34.8377745,10956
0.9117836,34.8305576,10957
0.6988299,34.8342388,10958
0.7008713,34.858901,10959
0.6989963,34.8341954,10960
0.7006398,34.8567006,10961
0.7003406,34.8591177,10962
0.7130598,34.8551597,10963
0.7024973,34.8458673,10964
0.7129698,34.8544228,10965
0.7131707,34.8552146,10966
0.7854254,34.7184791,10967
0.7032151,34.8453682,10968
0.7078299,34.8329561,10969
0.7427985,34.8823788,10970
1.0304226,35.0186342,10971
0.7412689,34.8727977,10972
0.7455159,34.8722048,10973
0.7456966,34.8717494,10974
0.741591,34.8769449,10975
0.7415743,34.8768728,10976
0.7452411,34.8726087,10977
0.7405676,34.8754887,10978
0.7413046,34.8745927,10979
0.845193814609718,34.8397857479404,10980
0.8447894,34.8402766,10981
0.8695586,34.8598509,10982
0.8277756,34.868369,10983
0.8238283,34.8648896,10984
0.982967731149422,34.9713883949079,10985
0.8254482,34.8682009,10986
0.8256599,34.8683062,10987
0.7019254,34.515321,10988
0.6909044,34.4945952,10989
0.6909063,34.4946378,10990
0.7018792,34.515373,10991
0.6965485,34.5204871,10992
0.689768846111992,34.5268031548191,10993
0.689493384164278,34.5278226712634,10994
0.689685014999833,34.5269012267128,10995
0.755106115241899,34.3997957553281,10996
0.754179987575688,34.4010299878767,10997
0.762074267006153,34.404213481018,10998
0.756667887228087,34.4007335484355,10999
0.756665826539833,34.4007794208337,11000
0.761127960020359,34.4030990933385,11001
0.755988658736704,34.4005571192091,11002
0.755087192361365,34.3997736455732,11003
0.811247126767738,34.472341093275,11004
0.800340645937014,34.4429989006779,11005
0.792444965179551,34.4378520179444,11006
0.808264286620047,34.4728948049596,11007
0.793283681927303,34.4368457750405,11008
0.80060553087449,34.4429699043294,11009
0.788164497661039,34.5734931755167,11010
0.788229038169622,34.5733690150371,11011
0.7993871,34.5643068,11012
0.799341,34.5642935,11013
0.791183449973529,34.5725208088574,11014
0.791412694420871,34.5721786257946,11015
0.786144375726449,34.5730629426858,11016
0.743448202155892,34.442891389362,11017
0.760064963598157,34.4542827832455,11018
0.749898100795639,34.452803966187,11019
0.749924607621654,34.4528036550751,11020
0.749499127736806,34.4520180842241,11021
0.743442662412139,34.4428890268609,11022
0.741481214738902,34.4434945688866,11023
0.781415704650808,34.517930146522,11024
0.770406123049546,34.5162592301094,11025
0.781329053468005,34.5180428594398,11026
0.77041893648734,34.5161350701056,11027
0.7740146,34.4966201,11028
0.6825574,34.4591331,11029
0.6815853,34.4378154,11030
0.6840424,34.456792,11031
0.6825653,34.4590771,11032
0.684545,34.4398261,11033
0.6796000855768,34.4170380637279,11034
0.6815599,34.4378667,11035
0.678713825032944,34.4171169353769,11036
0.679575203260358,34.4170160694124,11037
0.6816221,34.4194691,11038
0.770959838479258,34.4764731921539,11039
0.777041871893957,34.4884780813045,11040
0.774887750734494,34.4893364054907,11041
0.770961624091228,34.4764737341486,11042
0.79691667714714,34.4814384113372,11043
0.795637291848217,34.4825727297131,11044
0.7361571,34.4579234,11045
0.738226035536879,34.4835959312209,11046
0.7361243,34.4579643,11047
0.739655401076557,34.4845297914571,11048
0.738182854884092,34.482669655628,11049
0.736225672046353,34.4577425672687,11050
0.7376628,34.4562608,11051
0.739744971706499,34.4845404361719,11052
0.735111513233363,34.4595727170044,11053
0.739904023412585,34.4846951881028,11054
0.733131246843211,34.4578788752652,11055
0.733324717709705,34.4579169399665,11056
0.74470787764612,34.4597821028164,11057
0.740971847349706,34.4889555423424,11058
0.740916284991356,34.4889139215581,11059
0.741719947883992,34.4889425552898,11060
0.6943426,34.4475428,11061
0.7092921,34.4388038,11062
0.7077791,34.4364655,11063
0.6943442,34.4475848,11064
0.6927827,34.4417115,11065
0.7021919,34.4504601,11066
0.7001473,34.450822,11067
0.7120479,34.4382807,11068
0.798830726565501,34.4397859907492,11069
0.8099215,34.4322522,11070
0.815598350662733,34.4373593578696,11071
0.810320051868071,34.4335726208421,11072
0.816508051672522,34.438242677167,11073
0.81561991330382,34.4373398731182,11074
0.8098379,34.4321451,11075
0.758957,34.5573343,11076
0.7599253,34.5575184,11077
0.761970167520994,34.5579433302215,11078
0.759690397792258,34.5598858954993,11079
0.7604753,34.557327,11080
0.760047873603742,34.5598056496296,11081
0.761964668664766,34.5579297381507,11082
0.780912811380241,34.4598354861768,11083
0.7737738,34.4679219,11084
0.781388145502647,34.4601930452272,11085
0.792515872286412,34.4686733409256,11086
0.7745536,34.4680431,11087
0.792880470768206,34.4675877870488,11088
0.780878227332626,34.4599092832392,11089
0.773842,34.4679287,11090
0.792553987510821,34.4686829185043,11091
-0.6566429009267,34.7037815767465,11092
-0.655718279554107,34.7032572760323,11093
-0.625702845071545,34.7076670928695,11094
-0.622406715781314,34.7030651249879,11095
-0.624045692917146,34.707414686169,11096
-0.622010621384323,34.7004862556451,11097
-0.700595381815164,34.7400263731463,11098
-0.706509636884725,34.7384433758625,11099
-0.700350224069969,34.7397951461612,11100
-0.705922431666077,34.7376356493016,11101
-0.693503062898789,34.6923624672655,11102
-0.692626981508586,34.6977846352604,11103
-0.694377102925417,34.7106716365218,11104
-0.694229324315225,34.7108813767514,11105
-0.698887780638662,34.7136432410099,11106
-0.716670505085848,34.7112023237775,11107
-0.699095024982271,34.7172989955912,11108
-0.698901732772702,34.7173451537629,11109
-0.727862961069701,34.7171009646674,11110
-0.739383587830996,34.7224044033114,11111
-0.734987722173292,34.7155364311131,11112
-0.730762074716737,34.7189126377427,11113
-0.738452931941266,34.7257609467934,11114
-0.7260732146763,34.7255091517535,11115
-0.727336002418634,34.7272214563997,11116
-0.607980551053599,34.6787214277312,11117
-0.609909175037488,34.6681442592281,11118
-0.612129619567715,34.6842608255485,11119
-0.608582405357364,34.6791480662963,11120
-0.609548157465568,34.6691107624371,11121
-0.609909495525177,34.6681821721774,11122
-0.612185840713431,34.6843218034591,11123
-0.611029124836806,34.6819691684564,11124
-0.609060043723069,34.6791313773184,11125
-0.610140019995816,34.6675441505488,11126
-0.572973358513345,34.7318530065356,11127
-0.568457382784845,34.7242710776824,11128
-0.576709538565434,34.7072935745597,11129
-0.565132022968635,34.7220049388993,11130
-0.66492304187901,34.6873627213802,11131
-0.663512546760273,34.7484308501381,11132
-0.58823058566973,34.7036301166848,11133
-0.567839567693154,34.7138318252875,11134
-0.56674335373133,34.7122156562529,11135
-0.568090812614921,34.7126763172701,11136
-0.56930830447213,34.7129732624081,11137
-0.659513094249091,34.648747235543,11138
-0.658637113673163,34.6501359824812,11139
-0.64814875031151,34.6394957208725,11140
-0.667960906346686,34.6507650711128,11141
-0.667965382881655,34.6507398169919,11142
-0.659504492529004,34.6487499262766,11143
-0.668503801632486,34.6494297169754,11144
-0.644979309307497,34.6376060384585,11145
-0.648546223225425,34.6388242416742,11146
-0.664924842449154,34.6873038632168,11147
-0.66248305208913,34.6717711764142,11148
-0.664786825820185,34.6805995156961,11149
-0.662572419207344,34.6716295012254,11150
-0.665162743877,34.6774956987501,11151
-0.663925251771226,34.684382846404,11152
-0.664211736701653,34.6728719454837,11153
0.506093,34.2903711,11154
0.4878181,34.2827441,11155
0.4848964,34.2826705,11156
0.506077,34.2903957,11157
0.4715013,34.3146738,11158
0.5068802,34.3002737,11159
0.4877802,34.2827497,11160
0.5059275,34.2902466,11161
0.6761005,34.3810286,11162
0.6786617,34.3867665,11163
0.6796792,34.3843972,11164
0.6760706,34.3810441,11165
0.675838,34.3813787,11166
0.6796192,34.3844284,11167
0.6739362,34.3823392,11168
0.6741267,34.3821934,11169
0.592701152615822,34.1986538002871,11170
0.638271073454481,34.2806367051691,11171
0.638344602084873,34.2805656050794,11172
0.587423577636815,34.2070821590909,11173
0.580793438130903,34.1900467247667,11174
0.580406378048556,34.190304343822,11175
0.586712915396949,34.2076426148745,11176
0.539139687447949,34.2207919291328,11177
0.539205298572341,34.2207292889094,11178
0.539802900560225,34.2203881101746,11179
0.550943438513124,34.2550991244283,11180
0.7386253,34.3573283,11181
0.7554759,34.366095,11182
0.7553958,34.3661345,11183
0.7554715,34.366167,11184
0.75201,34.3636833,11185
0.7515837,34.3620779,11186
0.7385899,34.3572985,11187
0.7556881,34.367049,11188
0.7508267,34.36223,11189
0.7077272,34.3738154,11190
0.6985628,34.3718629,11191
0.7070888,34.3739472,11192
0.7005841,34.3721828,11193
0.7006507,34.3720726,11194
0.6980284,34.3646304,11195
0.6979507,34.3646135,11196
0.695223,34.3668454,11197
0.6352502,34.3073683,11198
0.6250996,34.2895626,11199
0.6226297,34.2835277,11200
0.6269904,34.3061566,11201
0.6281873,34.3059974,11202
0.6226866,34.2837117,11203
0.635192,34.307317,11204
0.6246985,34.3079069,11205
0.6336938,34.2663939,11206
0.6217467,34.2811178,11207
0.628619,34.272386,11208
0.6352313,34.2652457,11209
0.6286879,34.2721037,11210
0.6352393,34.2652852,11211
0.6295698,34.2702814,11212
0.6220958,34.2826518,11213
0.6021156,34.3229781,11214
0.5842424,34.3684772,11215
0.6019743,34.3235493,11216
0.6011608,34.3259748,11217
0.585412,34.3667812,11218
0.601427,34.3263104,11219
0.6005175,34.3269192,11220
0.5136824,34.3543025,11221
0.5145374,34.355063,11222
0.5283278,34.3571446,11223
0.5290479,34.3561173,11224
0.5404609,34.3772815,11225
0.5395723,34.3778557,11226
0.5136998,34.3543568,11227
0.5396082,34.3778727,11228
0.7156068,34.4004144,11229
0.7181328,34.4129348,11230
0.7179663,34.4118291,11231
0.7101427,34.3882817,11232
0.7104601,34.3883568,11233
0.7155931,34.4004708,11234
0.7134412,34.3991426,11235
0.645002,34.2827928,11236
0.624341,34.2856359,11237
0.6453558,34.2811809,11238
0.645359,34.2810893,11239
0.6398058,34.2913083,11240
0.6291667,34.2761495,11241
0.5260663,34.3240973,11242
0.5267384,34.3240207,11243
0.4433245,34.2744823,11244
0.5479636,34.3282548,11245
0.5145823,34.3079041,11246
0.5267758,34.3239756,11247
0.5142607,34.3084858,11248
0.549252,34.3250555,11249
0.5876486,34.3647717,11250
0.5613606,34.3493672,11251
0.5635744,34.3634589,11252
0.561728,34.3636809,11253
0.5859477,34.3653859,11254
0.5620978,34.3470138,11255
0.5894269,34.3646821,11256
0.564422,34.363001,11257
0.5636978,34.3633284,11258
0.585668187196313,34.3915801458275,11259
0.547788501994431,34.3771623117695,11260
0.56212332097526,34.4219704862847,11261
0.560863550331706,34.4213694702087,11262
0.561401349721378,34.3879082454113,11263
0.585925610858457,34.3930436387272,11264
0.58619792398965,34.3927479479467,11265
0.4937288,34.3162875,11266
0.4773885,34.3145417,11267
0.475827,34.3158594,11268
0.4784155,34.3156322,11269
0.4347342,34.3348348,11270
0.4360918,34.3363131,11271
0.4338909,34.3363417,11272
0.478466,34.3155941,11273
0.4784687,34.3155944,11274
0.5980684000000001,34.4238368,11275
0.5947239,34.422448,11276
0.5946013,34.4225889,11277
0.602273,34.4287372,11278
0.5979182,34.4246298,11279
0.6023661,34.4287285,11280
0.6022265,34.4289501,11281
0.5877152,34.4194857,11282
0.598217,34.4238707,11283
0.474752742385833,34.4383457439094,11284
0.638287101107265,34.280544117159,11285
0.469982270990039,34.4379515107985,11286
0.467287626028422,34.4371714848561,11287
0.638393689035968,34.2805903972412,11288
0.474742458369025,34.4392565849744,11289
0.638330594285178,34.2805358799551,11290
0.470648650981933,34.4485809254422,11291
0.46885722788794,34.4477699169923,11292
0.469265717679267,34.4475475726996,11293
0.468814549680134,34.4476847758002,11294
0.6091022,34.4309202,11295
0.6365108,34.4255218,11296
0.6093928,34.4308521,11297
0.6362051,34.4264848,11298
0.6310783,34.4301526,11299
0.6317379,34.4325657,11300
0.6080588,34.4312783,11301
0.6364228,34.4266672,11302
0.6289601,34.432524,11303
0.4432407,34.2745267,11304
0.4579353,34.3603292,11305
0.4720203,34.3801968,11306
0.4729234,34.3810638,11307
0.4716493,34.3805155,11308
0.4433155,34.2745214,11309
0.4595405,34.3593139,11310
0.4579065,34.3604663,11311
0.585461753885245,34.3788632710953,11312
0.5972753432878,34.3992054571421,11313
0.638401159481903,34.2805292923523,11314
0.63080533806742,34.2888411430437,11315
0.584913343096117,34.3772700908888,11316
0.584910084508882,34.3772848451825,11317
0.638388208815978,34.2805527628932,11318
-0.0178982,35.2832944,11319
0.005005,35.2874717,11320
-0.0052067,35.2372434,11321
-0.0182364,35.2828474,11322
-0.0174603,35.2834024,11323
-0.0004164,35.2407157,11324
0.0049803,35.2875794,11325
-0.0003843,35.2406634,11326
-0.0053775,35.2364576,11327
0.0140482,35.3381957,11328
0.0024367,35.2855333,11329
0.0048736,35.2873378,11330
-0.0051212,35.2369068,11331
0.0331695,35.2050164,11332
0.0303062,35.2169178,11333
0.0580615,35.1999328,11334
0.0300995,35.2163151,11335
0.0395384,35.2171712,11336
0.0396094,35.2193133,11337
0.0395856,35.219327,11338
0.0332051,35.2052282,11339
0.0449346,35.2237643,11340
0.0447937,35.2239079,11341
0.0302658,35.2169034,11342
0.0311576,35.2064611,11343
0.0379967,35.2182702,11344
0.0081458,35.3554474,11345
0.0322179,35.3620585,11346
0.0334403,35.3513133,11347
0.0077122,35.3567141,11348
0.0077318,35.3567231,11349
0.028835,35.3401618,11350
0.0314376,35.3613046,11351
0.0107789,35.3433659,11352
0.0128148,35.3424805,11353
0.0266856,35.3420656,11354
0.032091,35.362147,11355
0.0682868170965163,34.7373043616538,11356
0.0589499857735533,34.7245476996015,11357
0.0581168771940244,34.7247624112706,11358
0.0636645845165218,34.7224506734751,11359
0.0581892422431798,34.7298771890439,11360
0.0547360049639485,34.7251015304671,11361
0.0683333972864595,34.7374755012516,11362
0.0574887115578129,34.7250003053998,11363
0.0662860819313146,34.6276453912775,11364
0.0614246,34.6269717,11365
0.0539975387671165,34.6201841114947,11366
0.0544595,34.6212733,11367
0.0572503876113533,34.6214480103252,11368
0.1097433,34.6569943,11369
0.10412930747109,34.6545360646257,11370
0.1305238,34.6353247,11371
0.1322339,34.6328718,11372
0.0331889986148369,34.6060669455758,11373
0.0336633843531967,34.6063658039654,11374
0.034774182676034,34.6053063861052,11375
0.0558805632594842,34.6148759124982,11376
0.0425192,34.6178767,11377
0.0843714,34.6662754,11378
0.084392,34.6661246,11379
0.0816626,34.6596662,11380
0.0820846,34.6626052,11381
0.0613009832874174,34.5815437476004,11382
0.0611814927061335,34.581522075287,11383
0.0718744,34.5758979,11384
0.0620736,34.5842909,11385
0.0996238,34.596846,11386
0.0970777,34.5979765,11387
0.0631355,34.583169,11388
0.0742913,34.6658438,11389
0.0654215,34.6468546,11390
0.0757992,34.6624973,11391
0.0764394,34.645094,11392
0.0655409,34.646807,11393
0.0765669,34.6451791,11394
0.0771335599368483,34.6631157861854,11395
0.0761606,34.6442662,11396
0.0745024,34.666966,11397
0.0654737,34.6470201,11398
0.0742248,34.6665503,11399
0.0733778923908519,34.6181109131361,11400
0.0670023700428198,34.6163406864674,11401
0.067278176768813,34.6187329206084,11402
0.0692153974973982,34.6160718407919,11403
0.0654955548102718,34.615528566165,11404
0.0816393758870262,34.6262664507818,11405
0.0669748369212758,34.6166125901454,11406
0.0347740313522233,34.6116684187304,11407
0.0224656846732889,34.6423819065839,11408
0.0280178580012808,34.6300146767917,11409
0.0373474643042997,34.589870170748,11410
0.0288655588893037,34.6281967670999,11411
0.0216733984331991,34.619189347064,11412
0.0248558484856507,34.58649160827,11413
0.0223029601567999,34.643190895806,11414
0.0333238192737882,34.5913196688565,11415
0.1189883,34.6274174,11416
0.1186153,34.6270568,11417
0.1173669,34.6263744,11418
0.1178288,34.6262034,11419
0.114908411679141,34.6339777216727,11420
0.0519209,34.6503498,11421
0.0537236864351987,34.6490746307119,11422
0.0494262,34.6406526,11423
0.0492471,34.6433488,11424
0.0521888,34.6333819,11425
0.0520011,34.6504457,11426
0.0534491821011014,34.63500078968,11427
0.052301,34.63339,11428
0.0510739288442875,34.6319446858005,11429
0.0507317,34.6385957,11430
0.0952615,34.6455432,11431
0.0950258,34.6428629,11432
0.116829276165116,34.6566020669275,11433
0.116831215323778,34.6566131297575,11434
0.0918712641153826,34.6406484429386,11435
0.0950004696585908,34.6408653738357,11436
0.0526441,34.6386023,11437
0.0700046,34.643475,11438
0.0722527,34.6427084,11439
0.0644801,34.6401337,11440
0.0648134268731943,34.63979474848,11441
0.0692443030121485,34.6414034495564,11442
0.0083080469041003,34.7043038424985,11443
0.0088429939247911,34.7024723805905,11444
-0.0081103294198916,34.6666693694006,11445
-0.0120036573487534,34.6703866065656,11446
-0.0118999383855299,34.6641864058776,11447
-0.0077817801821154,34.6745429744233,11448
-0.0117362629055828,34.6728798212185,11449
0.0371342430234475,34.7010697781367,11450
0.0457731442317943,34.7202143144607,11451
0.0463359603201724,34.7014850909052,11452
0.0308203,34.7005048,11453
0.044976167579462,34.701281678779,11454
0.0357373374089942,34.699483799008,11455
0.0356571283145757,34.7004882666539,11456
0.0360262,34.7000349,11457
0.0021109192469698,34.7156041390868,11458
0.006398392351002,34.7359375986155,11459
0.0117764784414999,34.742210430679,11460
0.0083064209454926,34.7402247125196,11461
0.0023162656425142,34.7156039599561,11462
0.0039054212393447,34.7411746515902,11463
0.0951021,34.6550968,11464
0.0938123,34.6684866,11465
0.0936014,34.6688412,11466
0.0957685,34.639827,11467
0.0940247,34.6569115,11468
0.6949531,34.7272092,11469
0.698025,34.7014439,11470
0.696118,34.7038601,11471
0.7000107,34.7010243,11472
0.6951565,34.7266607,11473
0.6980536,34.7014723,11474
0.696858,34.703697,11475
0.695555,34.7268882,11476
0.6968748,34.7037448,11477
0.6949499,34.7271713,11478
0.6341053,34.7358785,11479
0.6361919,34.7197825,11480
0.6339571,34.7373217,11481
0.6360205,34.721016,11482
0.636487,34.7237491,11483
0.6337564,34.7366371,11484
0.6366471,34.7234087,11485
0.6337685,34.7366052,11486
0.467311306966327,34.6610364059935,11487
0.4367629,34.7068822,11488
0.46858455324988,34.6617262842885,11489
0.466299507125606,34.6463040981861,11490
0.474337045907217,34.6496368448905,11491
0.467702565570714,34.6588512222031,11492
0.638614543772725,34.7587536686048,11493
0.63701154861257,34.7587609010619,11494
0.672497437134833,34.7528287996755,11495
0.674350805114173,34.7519693365251,11496
0.672253768803916,34.7661068713794,11497
0.67034407913899,34.7651113343204,11498
0.672235674387907,34.76607004044,11499
0.6434187,34.7448908,11500
0.6512856,34.7410806,11501
0.6499875,34.7395836,11502
0.6434099,34.7448816,11503
0.6499858,34.7395851,11504
0.6434187,34.7448911,11505
0.6459487,34.7364116,11506
0.6486679,34.7416376,11507
0.522036404471576,34.6532450630065,11508
0.52916331299624,34.706520870896,11509
0.530597212562618,34.7055700046894,11510
0.534201061945669,34.7028757227437,11511
0.523825406502321,34.6543677081026,11512
0.529724132326703,34.6973499171434,11513
0.572866301994459,34.7572531088327,11514
0.576814266474935,34.764889867606,11515
0.582976592941558,34.7574780029189,11516
0.578835146736445,34.7658695548371,11517
0.573465978263142,34.7655807121695,11518
0.575588468224867,34.765462954232,11519
0.578870697419729,34.7658573051647,11520
0.572871228125768,34.757261287533,11521
0.58455286584123,34.5356334398278,11522
0.571824993478082,34.7566625084741,11523
0.750125237585357,34.8178267183839,11524
0.743258796268887,34.8247585583352,11525
0.743251410207739,34.8247400280205,11526
0.757440127697488,34.8026474384175,11527
0.7571543,34.8016208,11528
0.7446678,34.8243693,11529
0.700930793817707,34.810953140064,11530
0.700932415093782,34.8088065685552,11531
0.7047296,34.7972265,11532
0.6849586,34.7848745,11533
0.6855587,34.7867805,11534
0.6849551,34.7849587,11535
0.703671231910802,34.7957066650471,11536
0.7047484,34.7971914,11537
0.656017987984806,34.7632037932354,11538
0.635721749360182,34.7613756877147,11539
0.653537399638286,34.7632942122895,11540
0.654511310672654,34.7626851712033,11541
0.5900265,34.7997411,11542
0.5923963,34.7928833,11543
0.4854627,34.6823659,11544
0.473017524294311,34.6569901367343,11545
0.4809775,34.6850279,11546
0.484481703660612,34.6652128749855,11547
0.473866037433586,34.6698059972198,11548
0.473733957613518,34.6695776867842,11549
0.482203134257316,34.6642084126613,11550
0.47188295049152,34.657698296634,11551
0.0891162674170698,34.2842068906199,11552
0.122970957235139,34.3124569059344,11553
0.113512527034297,34.2859428767531,11554
0.0891784410427368,34.2842983724816,11555
0.0988047685350663,34.2852418507049,11556
0.127617658281259,34.314285346558,11557
0.107399227282587,34.2887405935346,11558
0.10771302782112,34.2912649137134,11559
0.110282975427169,34.2888595492855,11560
0.098638871676037,34.2977965572983,11561
0.129370782165516,34.3143348926338,11562
0.114288128921177,34.2885038392552,11563
0.109499350568279,34.2872312567673,11564
0.0897971836074853,34.2961639441853,11565
0.106789397400365,34.2913699347731,11566
0.145864398871394,34.2786715495535,11567
0.126154239865874,34.2564696671968,11568
0.145337069301875,34.256698067889,11569
0.12510230150207,34.2566035632735,11570
0.146637194860844,34.277807863513,11571
0.0934781794645527,34.2611760369001,11572
0.111534513267199,34.2539701202753,11573
0.111990117954397,34.2552457556205,11574
0.0924702488744311,34.2580293461988,11575
0.0997019030636515,34.250371571171,11576
0.145420149084674,34.2779044414744,11577
0.100249528542965,34.2493588696974,11578
0.14577529443089,34.2585831437532,11579
0.050276,34.3781918,11580
0.0527197,34.3770076,11581
0.0476974,34.3928178,11582
0.0525901,34.3775019,11583
0.0428995752013291,34.3484925769287,11584
0.0637575140246846,34.3710644444698,11585
0.04154648182527,34.3489585980513,11586
0.0649619934095201,34.3700976107731,11587
-0.0468895983451673,34.2194257162308,11588
-0.0426071751397716,34.1958105988823,11589
-0.03660689890025,34.2175150101602,11590
-0.0539896010643304,34.1933412576935,11591
-0.0363777482230728,34.1887214484957,11592
-0.0456770791246471,34.2213791900808,11593
-0.0468808615458093,34.2196697650268,11594
-0.0337473909663621,34.2085046327335,11595
-0.0523889349646663,34.1921844694795,11596
-0.0537966478635262,34.2029420550945,11597
-0.0202538847147473,34.2077947936967,11598
-0.0537561447422213,34.1929655256556,11599
-0.0571242076538075,34.207278853312,11600
-0.0376523797135778,34.2093147189225,11601
-0.0486165880444607,34.2224056082942,11602
-0.0356941610705029,34.2173537474147,11603
-0.0529363737897324,34.2004735257128,11604
-0.116799319161494,34.2786140781522,11605
-0.0362538478459196,34.2178994450574,11606
-0.0357303341626722,34.2103277202247,11607
-0.0498585844433522,34.2093208149405,11608
-0.0241806719494964,34.1953327932774,11609
-0.0182381371920006,34.2087069534446,11610
-0.0370803478139172,34.2142710392357,11611
-0.0204493900591752,34.2078730310153,11612
-0.0424468324382327,34.2046644300091,11613
-0.0507030461028651,34.1957637357713,11614
-0.0478075137222485,34.2093169136022,11615
-0.0375458993966134,34.1853473423727,11616
-0.0867714915515633,34.2053162346081,11617
-0.0413232781686882,34.1951070630432,11618
-0.117254326755549,34.2770704533407,11619
-0.0482339899715832,34.2165339144821,11620
-0.037391349718219,34.1868456042933,11621
-0.0491855953037397,34.1957136190725,11622
-0.0867430930410265,34.2064907859207,11623
-0.0430749406414163,34.2020768407418,11624
-0.0470501790796301,34.2200723714823,11625
-0.116728392755069,34.2789645816781,11626
-0.0233895429677221,34.1983460099981,11627
-0.0583943663704886,34.2057507127774,11628
-0.0431990077280351,34.2023470435183,11629
-0.0466781729287773,34.2207180610834,11630
-0.0564156557697069,34.1987148921411,11631
-0.0228986244232215,34.1992589586603,11632
-0.0529671482622912,34.2046965784364,11633
-0.0466334943483671,34.2079137258597,11634
-0.0484392961629245,34.2229711808863,11635
-0.0300948135734435,34.2101003130296,11636
-0.0479760874628731,34.2066266712221,11637
-0.0400505263035932,34.1913099802389,11638
-0.0530662450919673,34.1927416461984,11639
-0.0500385963760275,34.1965573144541,11640
-0.0505983788712042,34.1963564521072,11641
0.0743238,34.5635656,11642
0.0384451,34.4481269,11643
0.0416853,34.4696892,11644
0.0397613,34.4594345,11645
0.0465657,34.451362,11646
0.040177,34.4604377,11647
0.0478821,34.4575167,11648
0.0384364,34.448168,11649
0.0472346,34.4575556,11650
0.0478394,34.4573706,11651
0.0463225,34.4521313,11652
0.0396835,34.4594705,11653
0.0377571,34.4483033,11654
0.0468528,34.4512142,11655
0.0399091,34.4689197,11656
0.0465356,34.4513353,11657
-0.0392158178265202,34.4911307484299,11658
-0.0369788933522404,34.4896119870315,11659
-0.0287324850677,34.4708179565979,11660
-0.0511257081441312,34.4967682493268,11661
-0.0371752386774287,34.4961811936652,11662
-0.0192065883108786,34.4788177196129,11663
-0.0571072146246037,34.4928448650451,11664
-0.0418407014028698,34.4881128043479,11665
-0.0155800725303817,34.450833084616,11666
-0.047989371341122,34.488892755649,11667
-0.0416478821461345,34.4880362019468,11668
-0.0478814437780537,34.488814822275,11669
-0.0351745524828806,34.5049683857298,11670
-0.0269874607795118,34.4731217442103,11671
-0.0463714350934599,34.4898758960644,11672
-0.0484844352819814,34.4885520600038,11673
-0.0468642501883559,34.4918998559786,11674
0.0572453,34.3918786,11675
0.0139238,34.3716842,11676
0.0505321,34.3893558,11677
0.0563014,34.4313481,11678
0.018228,34.3682663,11679
0.012167,34.3672248,11680
0.0148746,34.3742378,11681
0.056402,34.4308762,11682
0.0506721,34.3891283,11683
0.0154642,34.375186,11684
0.049066,34.3843182,11685
0.0162889,34.3742009,11686
0.0173971,34.3684597,11687
0.068255,34.4105751,11688
0.0572604,34.3918338,11689
0.0908457,34.5359662,11690
0.0587359847996457,34.3592590687222,11691
0.0374135363441747,34.360808189225,11692
0.0509696639322324,34.3560100470962,11693
0.0355308116326141,34.3542851860319,11694
0.0376939641740039,34.3602413706597,11695
0.0356817560317141,34.3509580382393,11696
0.0356200063308925,34.3534911005612,11697
-0.0357579,34.1301196,11698
-0.0636366,34.1067543,11699
-0.0698436,34.0724687,11700
-0.028809,34.1413163,11701
0.0819773,34.494988,11702
-0.0095965,34.1427458,11703
-0.0673897,34.0741931,11704
-0.0071235,34.1335199,11705
-0.0085299,34.1432009,11706
-0.0040732,34.1413793,11707
-0.0051811,34.1253185,11708
-0.0412582,34.1679979,11709
-0.0051434,34.1334557,11710
-0.0014177,34.1289165,11711
-0.0206518,34.1502567,11712
-0.0040911,34.1321179,11713
0.0821104,34.4950391,11714
-0.0640971,34.0669563,11715
-0.0014442,34.1289343,11716
-0.0357426,34.1300993,11717
-0.0050977,34.1254085,11718
-0.0040714,34.1414798,11719
-0.0053492,34.1329392,11720
-0.0412313,34.1261157,11721
-0.0351475,34.1269679,11722
-0.0633586,34.0660454,11723
-0.0108214,34.1360913,11724
-0.0200104,34.1503598,11725
-0.0698504,34.0724738,11726
-0.0552854,34.0806951,11727
-0.0552867,34.0794634,11728
-0.0629398,34.1081104,11729
-0.0636016,34.0753053,11730
-0.0085138,34.1431452,11731
-0.0038873,34.1321592,11732
-0.0639605,34.0670968,11733
-0.063607,34.1067457,11734
-0.0577187,34.0806862,11735
-0.030545,34.1420224,11736
-0.064953,34.075441,11737
-0.0406426,34.1633355,11738
-0.0129407,34.1364809,11739
-0.0399433,34.1687448,11740
-0.0021323,34.1295255,11741
-0.0345156,34.1275679,11742
-0.0374668,34.1306088,11743
-0.0577695,34.0806909,11744
-0.0344851,34.127582,11745
-0.0061625,34.1328471,11746
-0.010969,34.1362223,11747
-0.029803,34.1432054,11748
-0.0046995,34.1251755,11749
-0.0286586489351432,34.4425641795967,11750
-0.0256267088731728,34.4192813730872,11751
-0.0021042860867788,34.4598611402196,11752
-0.033334692183878,34.4346807893103,11753
-0.0271591953221273,34.4216430147847,11754
-0.031337899968451,34.4400655206976,11755
-0.0021501502769604,34.460097766058,11756
-0.02580547402179,34.4187623708954,11757
-0.0206095331062544,34.4160981140554,11758
-0.0255022237750656,34.4185264052821,11759
-0.0330861519383189,34.4347458865775,11760
-0.0215535605871475,34.4119898073849,11761
-0.0316909613863091,34.4396171012307,11762
-0.0215192372855534,34.4137718782936,11763
-0.025843806661348,34.4169344203484,11764
-0.0267756294908672,34.4223188255353,11765
-0.0235109930076919,34.4129301177616,11766
-0.0329661511198329,34.4338823090308,11767
0.0412125,34.4022281,11768
0.0410323,34.4017053,11769
0.0492038,34.412683,11770
0.0390527,34.3934586,11771
0.0434207,34.4005449,11772
0.0437191,34.4007129,11773
0.0346064,34.4124311,11774
0.0367595,34.3927756,11775
0.0353808,34.410465,11776
0.050085,34.4115868,11777
0.0195134741809162,34.4500046772774,11778
-0.018982960659153,34.4179415051982,11779
0.0244191491212489,34.4401872563056,11780
0.0193100295043571,34.4496134255351,11781
-0.0193197790094834,34.4179364550484,11782
-0.0209370934754925,34.4123942077769,11783
0.033819410664711,34.4372810597962,11784
0.0244388210999386,34.4401642235744,11785
-0.0201157638600679,34.4183120724011,11786
0.0127015181094147,34.4199678258534,11787
-0.0602727,34.4262371,11788
0.0337774341143617,34.4373347650254,11789
0.0197485337991589,34.448603297259,11790
0.0311500596964765,34.4382178633589,11791
0.0084708733672739,34.4218665577004,11792
-0.0281490430752011,34.4115741585258,11793
-0.0210420225632338,34.4130180579287,11794
-0.0282150225675649,34.4115882538882,11795
-0.0179718107145575,34.4119458993691,11796
0.004023787206671,34.4248323164941,11797
-0.02705,34.4397546,11798
0.0384712068799885,34.4238422071774,11799
0.0368116173800336,34.4291083929737,11800
0.0556284,34.4117725,11801
0.0204506533100963,34.4050338819643,11802
0.0083576692785359,34.4212252758627,11803
0.0406432,34.4143968,11804
0.0192102705691858,34.4061708075379,11805
0.045066,34.4155988,11806
0.0446628,34.4159033,11807
0.0497167705507006,34.4309203385809,11808
0.0538228,34.4134438,11809
0.050636,34.4296844,11810
0.0491289240766018,34.4316769065681,11811
0.0395713,34.4140765,11812
0.0410737,34.4363046,11813
0.0428831,34.4370321,11814
0.0192191609305628,34.4062482697083,11815
0.0092366464815674,34.4214527570892,11816
0.0091796994267074,34.4229216096549,11817
-0.777846451765521,34.3607911486418,11818
-0.9175156,34.4849129,11819
-0.938476198898475,34.4718322873295,11820
-0.942927928780258,34.5036824982018,11821
-0.9174429,34.4850664,11822
-0.932337167009929,34.4913027779748,11823
-0.9195393,34.4854779,11824
-0.938389219418718,34.4708732542075,11825
-0.894209394166178,34.5683692785928,11826
-0.880165486065513,34.5764356670752,11827
-0.907813647700688,34.5880401346254,11828
-0.893915942622924,34.5683433782604,11829
-0.907635051413305,34.5858258947992,11830
-0.877498146850189,34.5748399861502,11831
-0.87892690628091,34.5750437388526,11832
-0.893843223581028,34.5672300494959,11833
-0.941271626434277,34.3975702560414,11834
-0.952071208309896,34.395744797687,11835
-0.95440204797631,34.396964469513,11836
-0.955210447855225,34.3916953481523,11837
-0.92235147268323,34.3455619846255,11838
-0.927873039563352,34.3387494894159,11839
-0.927864506456636,34.3416890697504,11840
-0.942348956961155,34.3979905628619,11841
-0.9808034,34.5147814,11842
-0.9921116,34.5437679,11843
-0.9908621,34.5436643,11844
-0.9788207,34.5069227,11845
-0.9823956,34.5106534,11846
-0.9823761,34.5106409,11847
-0.9930301,34.543234,11848
-0.9540533,34.5236314,11849
-0.980478,34.5153292,11850
-0.9539609,34.5227377,11851
-0.9556518,34.5212935,11852
-0.873256500111092,34.5453376308932,11853
-0.872792252815183,34.5428369893131,11854
-0.844772712852423,34.5536237573053,11855
-0.844807659052275,34.5539225661172,11856
-0.873459581638151,34.5452707301453,11857
-0.843974518194086,34.5523964218298,11858
-0.99368380363035,34.608995185182,11859
-0.993756533303514,34.6089111487152,11860
-0.995876087924486,34.6076646766663,11861
-0.999123624790997,34.6188561996442,11862
-0.739345895464048,34.3096072357173,11863
-0.738095862436873,34.308026569896,11864
-0.775597906382725,34.3622789907647,11865
-0.766043717445733,34.3550025155305,11866
-0.775921426231139,34.3616596275995,11867
-0.762738102747382,34.3497489189894,11868
-0.77542734784533,34.3622441022072,11869
-0.739576112282657,34.3094560088826,11870
-1.03929735705381,34.589629577178,11871
-1.01126789312418,34.5750330246583,11872
-1.01762851755802,34.5780655314646,11873
-1.01127314703014,34.5768019473296,11874
-1.01736650377047,34.5789388831989,11875
-1.03663894554278,34.5895649508758,11876
-1.01649970344311,34.5798433844186,11877
-0.971609767064985,34.363262247151,11878
-0.975807294193119,34.3924816187073,11879
-0.971039784335146,34.3634991510755,11880
-0.976257268199275,34.3930080744949,11881
-0.972949114828836,34.3634392569468,11882
-0.971426064328752,34.3639730680747,11883
-0.963660749409645,34.3734757495796,11884
-0.8142744,34.368092,11885
-0.788752,34.3589104,11886
-0.7875397,34.358372,11887
-0.814692,34.3679573,11888
-0.9795173,34.5354101,11889
-1.0189369,34.5550195,11890
-1.0188494,34.5538981,11891
-1.0173035,34.5565195,11892
-1.0091286,34.5501318,11893
-1.0167442,34.5553759,11894
-1.0165632,34.5567445,11895
-1.0082196,34.5518502,11896
-1.018716,34.5539327,11897
-0.97962,34.5362978,11898
-0.93430538859522,34.5292740428719,11899
-0.934396603045167,34.5291599219898,11900
-0.934441257279602,34.529657058864,11901
-0.934409109528624,34.5295178090412,11902
-0.977528793383984,34.5454886099708,11903
-0.956163887093809,34.5576046895308,11904
-0.8859848,34.5521503,11905
-0.8841578,34.5500196,11906
-0.8895496,34.5519655,11907
-0.8896009,34.55189,11908
-0.8849522,34.549558,11909
-0.8886969,34.5508399,11910
-0.915808385719509,34.5574850173741,11911
-0.924122549333527,34.5596076708212,11912
-0.924803465846185,34.5606013555631,11913
-0.925795190075958,34.5635871743594,11914
-0.9549394,34.5795025,11915
-0.9253951,34.6053381,11916
-0.9252522,34.6056047,11917
-0.9528629,34.5778001,11918
-0.940267,34.5691169,11919
0.573205734336146,35.3988879289695,11920
0.535232519196242,35.4173281341256,11921
0.534591250798267,35.4146454953259,11922
0.575776547526724,34.9296067903081,11923
0.536958684513709,34.9952998629246,11924
0.578489571169956,34.9060957309799,11925
0.554578593757197,34.9490265796381,11926
0.57737040114793,34.9067998387716,11927
0.554981563773194,34.9496307674966,11928
0.51445507044922,34.9514689786118,11929
0.514550083529514,34.9514280597225,11930
0.508717296610434,34.9291294175388,11931
0.50868381186926,34.9293850962416,11932
0.526938722428649,35.4566090545267,11933
0.575482309098496,35.379956950856,11934
0.526941797491789,35.4566059128001,11935
0.573810724437192,35.398439416286,11936
0.533433457600511,35.4178231019281,11937
0.52833276541793,35.2772951670779,11938
0.52834830483153,35.276970574949,11939
0.528403629009474,35.2769625842758,11940
0.576449664261445,35.3796384520119,11941
0.527190542346605,35.4564461125132,11942
0.483191438448131,35.254976801324,11943
0.551279153908335,34.9808857192819,11944
0.538515439700218,34.9950362079918,11945
0.534913822245611,34.9569508264727,11946
0.53799210772179,35.0008625296171,11947
0.539971675122477,35.000416875652,11948
0.550674656045324,34.9817552662149,11949
0.560970052182938,34.9060883014673,11950
0.493982210753885,34.9652724669397,11951
0.563611659749653,34.8980505814828,11952
0.560746231521836,34.9066891857133,11953
0.553266208008374,35.2155886975731,11954
0.557584419688409,35.2262300868996,11955
0.554665583755902,35.216614065764,11956
0.545151376908853,35.2324736982003,11957
0.556650798247944,35.2264241440633,11958
0.543776019936855,35.2314517541857,11959
0.554566288978303,35.2162506495545,11960
0.528149556936594,35.2772784174592,11961
0.484379681850538,35.0075699443078,11962
0.528993383345232,35.04170719404,11963
0.483943008559961,35.0075862710147,11964
0.502380253386367,34.9681987493287,11965
0.494715949798286,34.9746006972965,11966
0.495022700946117,34.9746259321417,11967
0.48322197216007,35.2551356212072,11968
0.503175477240699,34.9685362609216,11969
0.467793381242661,34.9567176897245,11970
0.556500490250222,35.3774299136643,11971
0.556633563741218,35.3773169397706,11972
0.527699240190534,35.3699673152792,11973
0.521735420008498,35.3661652321717,11974
0.527093221257087,35.371087306039,11975
0.598000476566386,35.1994534438765,11976
0.592616487818105,35.2616525647489,11977
0.602092696536227,35.2241368550251,11978
0.59449271985823,35.2608644413315,11979
0.602174907492956,35.2196315052306,11980
0.603239619462335,35.2234658796764,11981
0.597687859317583,35.2306095042711,11982
0.624519746622338,35.2974173635972,11983
0.624782400985895,35.2975133535402,11984
0.625327903140074,35.2887403184414,11985
0.625323546993417,35.2887464047039,11986
0.569972896424327,34.9819901678905,11987
0.5699086145651,34.9819824235965,11988
0.568671234452441,34.9825849119813,11989
0.566303806593036,34.9943854437236,11990
0.532107508737468,35.0007064624169,11991
0.536720188068814,34.9952059830605,11992
-0.3143639,35.1903058,11993
-0.3143632,35.190888,11994
-0.309671,35.2042491,11995
-0.3096132,35.2042242,11996
-0.308102,35.2040004,11997
-0.481523987267227,35.055551526535,11998
-0.478800235292257,35.0533343069458,11999
-0.495206141820628,35.0506373805123,12000
-0.495821080273738,35.0502743707275,12001
-0.495431087525539,35.0501291881954,12002
-0.4586321,35.1149329,12003
-0.460122,35.1140083,12004
-0.455677696203244,35.1399301094532,12005
-0.45637277514358,35.1357432431724,12006
-0.423764572655383,35.097821286282,12007
-0.432816948439665,35.0979207956359,12008
-0.414898260601427,35.1175990112184,12009
-0.423456579515948,35.0978665711081,12010
-0.433333323535811,35.0922819628213,12011
-0.432529668257181,35.0922264643584,12012
-0.43274853877326,35.0986413300842,12013
-0.413782883120676,35.1189163746831,12014
-0.422073650717399,35.0978109607686,12015
-0.415031618196463,35.1190680840462,12016
-0.311247622721221,35.0736949696343,12017
-0.312228811304863,35.0729301037613,12018
-0.311553337954075,35.0737844989441,12019
-0.328804880290064,35.0332995728015,12020
-0.310867971761379,35.0736117923962,12021
-0.326992713838383,35.034402552245,12022
-0.32705041632151,35.0336550372491,12023
-0.5068865,35.1430366,12024
-0.511911,35.1407704,12025
-0.5101386,35.141305,12026
-0.5062522,35.1420437,12027
-0.8756261,34.8858407,12028
-0.8756841,34.8856555,12029
-0.875642,34.886692,12030
0.321621,34.2282813,12031
-0.9229169,34.6465898,12032
-0.9236651,34.6451271,12033
-0.9239625,34.6459171,12034
-0.811748,34.8438982,12035
-0.8120091,34.8436379,12036
-0.811785,34.8438598,12037
-0.9337965,34.8156533,12038
-0.929431,34.8186931,12039
-0.9290712,34.8181441,12040
-0.9349094,34.8140319,12041
-0.8048163,34.8294271,12042
-0.8048641,34.8294794,12043
-0.8125171,34.7879488,12044
-0.8093617,34.7887814,12045
-0.8132213,34.8383528,12046
-0.8138834,34.8384585,12047
-0.8545605,34.7890916,12048
-0.8569259,34.788834,12049
-0.8522691,34.7891377,12050
-0.8548639,34.7869894,12051
-0.9624208,34.6592775,12052
-0.9602504,34.6572772,12053
-0.9628562,34.6591708,12054
-0.9141567,34.6162857,12055
-0.9144939,34.6160962,12056
-0.9147137,34.6158468,12057
-0.8715669,34.6563108,12058
-0.8735256,34.6558235,12059
-0.8668253,34.6588272,12060
-0.8669362,34.659327,12061
-0.8031974,34.8676232,12062
-0.8031385,34.8676137,12063
-0.8020797,34.8654002,12064
-0.8027562,34.866116,12065
-0.9372115,34.6770633,12066
-0.9369032,34.6772577,12067
-0.9397331,34.694307,12068
-0.9402397,34.6936626,12069
-0.9364691,34.6773596,12070
-0.8916192,34.8467252,12071
-0.8916333,34.8521464,12072
-0.8586138,34.8382274,12073
-0.8612232,34.842892,12074
-0.8615207,34.8418568,12075
-0.8216255,34.7876731,12076
-0.8215523,34.7875558,12077
-0.8952727,34.8096821,12078
-0.8960958,34.8067037,12079
-0.8953331,34.8088265,12080
-0.8933416,34.8073738,12081
0.4254765,34.46618,12082
0.4346918,34.4590001,12083
0.4348097,34.462048,12084
0.4339665,34.4564314,12085
0.4333355,34.4560443,12086
0.4251443,34.4664242,12087
0.4252233,34.46641,12088
0.4353977,34.4573548,12089
0.5845942,34.5356313,12090
0.5844672,34.5356234,12091
0.5658884,34.5757857,12092
0.566054,34.5754667,12093
0.5693162,34.5790161,12094
0.5845348,34.5356555,12095
0.5693994,34.5790131,12096
0.5665014,34.5794785,12097
0.4220018,34.4596333,12098
0.4404587,34.4866828,12099
0.4225066,34.4580652,12100
0.4053268,34.4686669,12101
0.4404522,34.4866728,12102
0.4047508,34.4688262,12103
0.4407735,34.485611,12104
0.5271409,34.4501026,12105
0.5267028,34.4728682,12106
0.5150775,34.4734718,12107
0.5263447,34.4509945,12108
0.526318,34.4727855,12109
0.5146204,34.473361,12110
0.5251733,34.4761179,12111
0.5507041,34.6522595,12112
0.5510858,34.6501144,12113
0.555741,34.6458464,12114
0.5612369,34.6413021,12115
0.5521647,34.6455608,12116
0.5608371,34.6355503,12117
0.5507431,34.6522008,12118
0.5608332,34.6355151,12119
0.530309,34.5720586,12120
0.5287636,34.5672868,12121
0.528779,34.5673032,12122
0.5292969,34.5691687,12123
0.5294187,34.5702803,12124
0.5555796,34.621668,12125
0.5552618,34.6229483,12126
0.5705264,34.6189686,12127
0.5872707,34.6358653,12128
0.5563922,34.623197,12129
0.5705293,34.6189708,12130
0.5552619,34.622948,12131
0.5901026,34.6393271,12132
0.5714033,34.6174108,12133
0.5357678,34.6160095,12134
0.5278939,34.6242445,12135
0.584515,34.5355875,12136
0.5339594,34.6284943,12137
0.5477771,34.6513318,12138
0.5476901,34.6513851,12139
0.5360101,34.6158492,12140
0.5278963,34.6242479,12141
0.4993032,34.6542697,12142
0.5466563,34.6503234,12143
0.5277202,34.6232374,12144
0.4992709,34.654264,12145
0.4983277,34.6542325,12146
0.5468318,34.6507437,12147
0.4982518,34.6548935,12148
0.5324173,34.629093,12149
0.4179201,34.4764928,12150
0.3965755,34.4807848,12151
0.4149396,34.4757352,12152
0.4169262,34.4764855,12153
0.4178295,34.4806403,12154
0.4179304,34.4764739,12155
0.3993833,34.4792693,12156
0.3898803,34.4989731,12157
0.3857218,34.5037903,12158
0.3856718,34.5039289,12159
0.3857749,34.5037803,12160
0.3904876,34.4981108,12161
0.48941,34.6376872,12162
0.4899338,34.6352439,12163
0.4747349,34.618303,12164
0.4746488,34.6183595,12165
0.4898078,34.6407986,12166
0.491636,34.6387372,12167
0.4895575,34.6399638,12168
0.4740386,34.61791,12169
0.4899851,34.63514,12170
0.628459540092751,34.6225417995951,12171
0.5849202,34.6349259,12172
0.5854718,34.6346316,12173
0.6053256,34.6177035,12174
0.607138723711298,34.6153424587416,12175
0.6141363,34.6228798,12176
0.628674281303611,34.6224500302559,12177
0.6142927,34.6225622,12178
0.6138879,34.6226635,12179
0.5390662,34.4942827,12180
0.5605843,34.478708,12181
0.5387088,34.4935719,12182
0.5605852,34.4787422,12183
0.5400537,34.49408,12184
0.5401202,34.4940567,12185
0.5404216,34.4963654,12186
0.560658,34.4780963,12187
0.5403497,34.4962684,12188
0.358465593399064,34.3639965460475,12189
0.362275397609102,34.3687247771303,12190
0.364157021703005,34.3703736929678,12191
0.358267150461418,34.3633218076041,12192
0.387397469691692,34.3503910632538,12193
0.362491224119643,34.3695549912321,12194
0.3491222236686,34.4145422878249,12195
0.362098112661085,34.3673071131352,12196
0.363219406768062,34.3702815524801,12197
0.363229603967889,34.3718726107315,12198
0.358006581055209,34.3615932293148,12199
0.349305212507629,34.4149218930779,12200
0.323597103631809,34.2903501613879,12201
0.298534305987664,34.2918324213874,12202
0.297953929647814,34.2926827365594,12203
0.308139431024782,34.2921405077101,12204
0.318606386008226,34.2803639054492,12205
0.306722788201174,34.2865815937199,12206
0.320364194616568,34.2868957913245,12207
0.310440858050875,34.289306818629,12208
0.307301324951005,34.2911164124344,12209
0.320418734382497,34.2883120192304,12210
0.298519144181887,34.2918376410584,12211
0.308658101002989,34.2920869586753,12212
0.323593004947796,34.290348648161,12213
0.319217728766901,34.2745872120652,12214
0.334883144915167,34.2497230723776,12215
0.335067151135157,34.2497199409882,12216
0.339606319784904,34.217421850771,12217
0.3236931662708,34.2276597294169,12218
0.32327767722771,34.2274560225924,12219
0.340229398079112,34.2166035416868,12220
0.323455303076788,34.2266550951057,12221
0.350294577999256,34.2228333024855,12222
0.351068381444958,34.2229080491318,12223
0.33971051198801,34.2168497399295,12224
0.351180000488842,34.2227560214844,12225
0.350539055991917,34.2388431705962,12226
0.359161318174213,34.2544215723339,12227
0.358418193277688,34.2545404112717,12228
0.361066563694173,34.2400075168055,12229
0.361134860172346,34.2400492499149,12230
0.365865816408213,34.2277321057231,12231
0.376455500740826,34.244175035393,12232
0.366484641566387,34.2259725776215,12233
0.351663098950299,34.2389657649338,12234
0.376643559740573,34.243395707679,12235
0.354713674975918,34.2119534183108,12236
0.372106331721405,34.2642997992467,12237
0.37827942319145,34.2542233653518,12238
0.369083939399234,34.264950399017,12239
0.37249075477177,34.2640069868342,12240
0.378556710382655,34.2536300065008,12241
0.387113806230194,34.262122505996,12242
0.387564298197094,34.263133256501,12243
0.317239293583904,34.3596529775063,12244
0.302665564807816,34.3355330172012,12245
0.319182137620726,34.3580185977824,12246
0.318878447629491,34.3365713607147,12247
0.300955664747187,34.3360033362972,12248
0.321082807219138,34.3489010360191,12249
0.318311143543048,34.3478958644937,12250
0.318433111115156,34.3364181671963,12251
0.32855465936327,34.3376398568227,12252
0.30288882480514,34.333945718851,12253
0.321042491511397,34.3380070940626,12254
0.330381948463503,34.3370887762556,12255
0.318263213098127,34.3579850573621,12256
0.318310605364036,34.3478658654364,12257
0.320167117753025,34.3380692094901,12258
0.317146380352452,34.359859280832,12259
0.281068,34.0688631,12260
0.2483611,34.0809268,12261
0.2488993,34.0815012,12262
0.2816818,34.0687976,12263
0.2830096,34.0691827,12264
0.2538988,34.0629285,12265
0.2614234,34.0735541,12266
0.2539633,34.0629394,12267
0.2818119,34.06907,12268
0.2569613,34.0618517,12269
0.2574994,34.0619502,12270
0.358894554246515,34.3577077352469,12271
0.35841052554417,34.3584742376068,12272
0.3158583,34.2212388,12273
0.3216073,34.2310934,12274
0.3125435,34.2215066,12275
0.3124881,34.2221391,12276
0.3122216,34.2224894,12277
0.3128325,34.2062858,12278
0.3255766,34.2510592,12279
0.325125,34.2495155,12280
0.3185835,34.2192235,12281
0.3068855,34.2094753,12282
0.3253156,34.2509855,12283
0.3095197,34.2084755,12284
0.320579,34.2299936,12285
0.3208503,34.2300207,12286
0.2161819,34.0237264,12287
0.215153,34.023041,12288
0.2173503,34.0241203,12289
0.2077867,34.0249082,12290
0.1857863,34.0651298,12291
0.2150964,34.0237078,12292
0.1882739,34.0661069,12293
0.1829837,34.0444547,12294
0.1999163,34.0426151,12295
0.2087401,34.0238876,12296
0.1918794,34.0426869,12297
0.2071015,34.0225375,12298
0.1885898,34.0661784,12299
0.2210132,34.1125646,12300
0.2343025,34.0987821,12301
0.2288917,34.0905539,12302
0.2341496,34.099119,12303
0.2239003,34.086818,12304
0.2348211,34.0829184,12305
0.2252512,34.0839002,12306
0.2237037,34.0847872,12307
0.2292064,34.0896022,12308
0.2197112,34.0959615,12309
0.2291779,34.089544,12310
0.228562,34.0898051,12311
0.2191086,34.1008076,12312
0.2347897,34.0799146,12313
0.2178041,34.1002909,12314
0.2352609,34.0803322,12315
0.426335560349713,34.124483530641,12316
0.428039829158341,34.1304961212477,12317
0.433554643814761,34.1431777232224,12318
0.428022441446564,34.1304878600154,12319
0.426292268298492,34.1244857358798,12320
0.333563799939792,34.2390575392194,12321
0.333042690710984,34.2369745776143,12322
0.336174811550942,34.2489166041039,12323
0.33384032740702,34.2377143491053,12324
0.335114132020489,34.2501102242749,12325
0.360853410603052,34.2404505647975,12326
0.341610517366647,34.1237614428828,12327
0.3420269,34.1298,12328
0.3420832,34.1298809,12329
0.345853,34.1302142,12330
0.3442567,34.1345387,12331
0.341381477351114,34.1239525286862,12332
0.3406447,34.1242806,12333
0.3466472,34.131543,12334
0.3420576,34.1342752,12335
0.3452666,34.1355598,12336
0.3427478,34.1314682,12337
0.3463753,34.1311733,12338
0.3547413,34.1522282,12339
0.3532181,34.1358911,12340
0.3562112,34.1322593,12341
0.2788711,34.1199544,12342
0.3576051,34.1326658,12343
0.3600334,34.1382872,12344
0.3525704,34.1346048,12345
0.3596373,34.1377166,12346
0.2334657,34.0990378,12347
0.3458885,34.1446498,12348
0.3525868,34.1336967,12349
0.3590432,34.1384802,12350
0.3577757,34.1329458,12351
0.3563579,34.1318184,12352
0.367658912262979,34.2167682189925,12353
0.351999488901634,34.2111284796604,12354
0.370347569606822,34.2126563754169,12355
0.354660429408695,34.2059481853707,12356
0.349848720368083,34.208782272167,12357
0.351988324744176,34.2110943832678,12358
0.369070163403294,34.2174067470238,12359
0.354153691392913,34.2053138968337,12360
0.348146049622339,34.2096146113207,12361
0.37188307523527,34.2142481483855,12362
0.368186882375368,34.2176560378402,12363
0.2080889,34.0512746,12364
0.2107418,34.0610048,12365
0.2088759,34.0501402,12366
0.2113739,34.0757092,12367
0.2107824,34.0612134,12368
0.2165437,34.0605503,12369
0.2104448,34.0515947,12370
0.2094649,34.0495927,12371
0.2156167,34.0601636,12372
0.2113127,34.0517486,12373
0.2121262,34.0510232,12374
0.1884272,34.099583,12375
0.1941319,34.0875577,12376
0.1954809,34.089038,12377
0.1921175,34.0862149,12378
0.1877041,34.099509,12379
0.1877548,34.0996014,12380
0.1943806,34.0874374,12381
0.1993585,34.1098673,12382
0.391007818082254,34.2689693212232,12383
0.391006514606664,34.268972446538,12384
0.387862902905115,34.2657204149387,12385
0.2614998,34.0348705,12386
0.2334174,34.0992063,12387
0.2591373,34.0399483,12388
0.2567984,34.0350276,12389
0.2567271,34.0349492,12390
0.2643361,34.0456398,12391
0.2558885,34.0375487,12392
0.2608531,34.0352564,12393
0.2492073,34.3955062,12394
0.2280694,34.524407,12395
0.2460445,34.3924705,12396
0.2472725,34.3994832,12397
0.329521,34.4914442,12398
0.2355731,34.4100863,12399
0.2359365,34.3997252,12400
0.2280924,34.5244247,12401
0.2359265,34.3997299,12402
0.2360626,34.4099288,12403
0.2617478,34.4339784,12404
0.197003,34.5420428,12405
0.1839312,34.5180361,12406
0.1933709,34.5400711,12407
0.1770544,34.5167649,12408
0.1986717,34.5435373,12409
0.1927368,34.5414391,12410
0.1923681,34.5411027,12411
0.1839024,34.5182625,12412
0.1762009,34.5180694,12413
0.2014461,34.5461342,12414
0.1985721,34.5411791,12415
0.194554,34.5403934,12416
0.2014444,34.5461304,12417
0.2010421,34.545765,12418
0.1932638,34.538865,12419
0.1944973,34.5403723,12420
0.1768401,34.51721,12421
0.222811090709324,34.5400135164559,12422
0.220052135371797,34.5355634331054,12423
0.228203666308618,34.5337849155899,12424
0.346458215515848,34.495019650338,12425
0.222848610051017,34.5399476035687,12426
0.346526824284436,34.494970527198,12427
0.231714079798311,34.5328366982361,12428
0.3294112,34.5000381,12429
0.22837709944449,34.533786240148,12430
0.22852688252483,34.5345432139443,12431
0.346550812013413,34.4949940278393,12432
0.220593015199751,34.5409527140851,12433
0.3494406,34.4912619,12434
0.228914653587226,34.531420633162,12435
0.346511328037475,34.4949003454691,12436
0.286948400073121,34.4744880356254,12437
0.346494502622019,34.4949948060049,12438
0.309576330354032,34.4685326029795,12439
0.283562928141713,34.4675381034718,12440
0.270612009225498,34.4729031885738,12441
0.2456752,34.4853908,12442
0.286969609462041,34.475134117796,12443
0.284872032181653,34.4737293266769,12444
0.346482294117385,34.4950208795544,12445
0.280188167105254,34.4668445977003,12446
0.34645467574217,34.4949796952382,12447
0.278398551779861,34.4773087548521,12448
0.277977113964863,34.4505169673692,12449
0.270687130506243,34.4731450633079,12450
0.30982617813463,34.468444556445,12451
0.275937133822875,34.465046587394,12452
0.27469129261214,34.4665595620196,12453
0.284454252334261,34.4730957865988,12454
0.274745944520849,34.4665732938751,12455
0.280673534547111,34.4508087726883,12456
0.309356490987163,34.457837288751,12457
0.346533071470954,34.4949571937063,12458
0.305914789292528,34.4593714154811,12459
0.295650863237331,34.4670364540496,12460
0.27969245408267,34.4504829128497,12461
0.336886228321292,34.4997485149612,12462
0.346434129084922,34.4950130505667,12463
0.301125379197189,34.4641890547588,12464
0.339028634429116,34.5022289605928,12465
0.301236576674218,34.4641786009177,12466
0.299293389052053,34.4655856160222,12467
0.174637976044137,34.4639876070628,12468
0.1645023,34.4523893,12469
0.17697524183403,34.4594667661125,12470
0.1643997,34.4523891,12471
0.16393630368122,34.4503807818752,12472
0.177161399867734,34.4596042175861,12473
0.345659776768112,34.4983650338847,12474
0.171173746088721,34.4506776375554,12475
0.172069370604619,34.4515617114232,12476
0.346450325924449,34.4950600247582,12477
0.16469,34.4502021,12478
0.174830868237163,34.4640753164206,12479
0.095104,34.5356388,12480
0.16207761700885,34.4501463303726,12481
0.177995435125641,34.4603221845605,12482
0.2047568,34.4977763,12483
0.202549,34.4771074,12484
0.2064174,34.4976759,12485
0.2125331,34.4823343,12486
0.2210442,34.5301643,12487
0.2119339,34.4783966,12488
0.2142562,34.4774707,12489
0.2026742,34.4781813,12490
0.1998004,34.4793683,12491
0.2131431,34.4781417,12492
0.2160371,34.4874981,12493
0.2043006,34.4981582,12494
0.2119973,34.4827771,12495
0.2137484,34.4787642,12496
0.2220838,34.5722619,12497
0.1925446,34.5414058,12498
0.1983853,34.5559022,12499
0.2165454,34.5834553,12500
0.2153907,34.5830299,12501
0.2242674,34.572009,12502
0.2141835,34.5831279,12503
0.2056972,34.5487906,12504
0.2222359,34.5722846,12505
0.2171285,34.5829911,12506
0.2155219,34.5836025,12507
0.2171882,34.5690584,12508
0.2046468,34.549472,12509
0.222191,34.5730454,12510
0.2165248,34.5835446,12511
0.2150993,34.5706262,12512
0.2150977,34.5706922,12513
0.2530538,34.4080198,12514
0.2546028,34.4041373,12515
0.248435,34.4137131,12516
0.261703,34.4003197,12517
0.2484716,34.4137555,12518
0.2433252,34.4122223,12519
0.2526857,34.4054939,12520
0.2483116,34.410862,12521
0.2487909,34.4136886,12522
0.25654,34.4038238,12523
0.2527544,34.4066441,12524
0.2554578,34.4046739,12525
0.1994979,34.5181206,12526
0.1945565,34.5335851,12527
0.2054071,34.5291995,12528
0.1995287,34.518178,12529
0.1927514,34.5414578,12530
0.1952374,34.533798,12531
0.2034796,34.5362399,12532
0.1921409,34.5139152,12533
0.2019844,34.535581,12534
0.1926531,34.5414667,12535
0.1912677,34.5108794,12536
0.2054401,34.5297997,12537
0.1926155,34.5128159,12538
0.2016304,34.5348783,12539
0.2019607,34.5353924,12540
0.2028757,34.5341093,12541
0.228556,34.4183524,12542
0.2459287,34.4214882,12543
0.2447501,34.4205455,12544
0.2283369,34.4150996,12545
0.2449367,34.4205224,12546
0.2281766,34.4163468,12547
0.2344354,34.4132217,12548
0.2289743,34.4191869,12549
0.2285138,34.4144415,12550
0.2290429,34.4180107,12551
0.2283628,34.4150944,12552
0.2345519,34.4129083,12553
0.2450385,34.4191059,12554
0.2339818,34.4130467,12555
0.1682311,34.4678751,12556
0.346562170959803,34.4950376759114,12557
0.169612,34.4724621,12558
0.1700491,34.4722225,12559
0.1684606,34.4719712,12560
0.346491724909992,34.4949487856706,12561
0.34663815314877,34.4948911578054,12562
0.1681903,34.4679208,12563
0.1673453,34.4680003,12564
0.1699446,34.4705836,12565
0.162677495418001,34.4599205299229,12566
0.347415509596808,34.4963545551903,12567
0.3509615,34.4912875,12568
0.1623346,34.4609961,12569
0.171393,34.4695338,12570
0.1680661,34.5613551,12571
0.1784178,34.5483539,12572
0.1681679,34.5612915,12573
0.1756745,34.5289882,12574
0.1795826,34.5293714,12575
0.1790952,34.5305462,12576
0.1794263,34.5489022,12577
0.17962,34.5292583,12578
0.1926583,34.5415244,12579
0.1914866,34.545602,12580
0.1812535,34.5484873,12581
0.1794262,34.5489021,12582
0.175579,34.5296293,12583
0.168197,34.5603617,12584
0.25553799000163,34.4895264504697,12585
0.233672707503442,34.5053446148003,12586
0.229582242722878,34.5017768406334,12587
0.233306787365784,34.5064550985876,12588
0.346663844251521,34.4948237011986,12589
0.228485164481171,34.5016351380997,12590
0.346574945770203,34.494955222202,12591
0.340066038800435,34.497923518711,12592
0.248623337915358,34.4935189168528,12593
0.250565644256025,34.491408337081,12594
0.255554024445391,34.4895147896968,12595
0.255575036602154,34.4895406664499,12596
0.346440393436951,34.4949454749453,12597
0.2323809074838,34.5064209305724,12598
0.248626153316834,34.4934808778907,12599
0.242363456960019,34.5031055246428,12600
0.1823718,34.5744438,12601
0.1856544,34.5686159,12602
0.195909,34.566283,12603
0.1856986,34.5685115,12604
0.1860207,34.5628157,12605
0.1857383,34.5685082,12606
0.196166,34.56615,12607
0.1821093,34.5731429,12608
0.1858058,34.5610247,12609
0.1851571,34.5613818,12610
0.1822745,34.5681373,12611
1.17332429817159,35.1263263093398,12612
1.12495980082839,35.140081406622,12613
1.12724186825144,35.1391993960939,12614
1.14504901467553,35.1431315460858,12615
1.14540483331342,35.1414877432537,12616
1.13256370591168,35.1312112961697,12617
1.14535390204785,35.1411653562566,12618
1.14865174205852,35.138823820915,12619
1.16618422617546,35.1348529837883,12620
1.13869360007757,35.144806309318,12621
1.12721728283507,35.1291968202613,12622
1.1429429100914,35.1384870714926,12623
1.14915667755815,35.1296999006445,12624
1.14175695630549,35.1410335440795,12625
1.01706272033328,35.0363315217194,12626
1.127289814346,35.1291741189878,12627
1.13714612031807,35.1449374800451,12628
1.14402795702532,35.1380993655878,12629
1.14907850321117,35.1297831700048,12630
1.17397113983261,35.1263014736765,12631
1.13619494728765,35.1587274954423,12632
1.12475754900201,35.1338636059195,12633
1.13354451851271,35.1309343989117,12634
1.13354273343236,35.1309212392146,12635
1.12722760335552,35.1391254150255,12636
1.14104362263016,35.1332358073522,12637
1.14478734136125,35.143613250743,12638
1.13630377496959,35.1351374442885,12639
1.12970633849176,35.131355238997,12640
1.01598075850055,35.0751509244975,12641
1.02133628447514,35.0789042399432,12642
1.0330868198275,35.1933900058288,12643
1.01830970059023,35.0731715534842,12644
1.02264862147566,35.067480343544,12645
1.04727003090259,35.3010500210849,12646
1.01877295894786,35.2869143168877,12647
1.03906733582881,35.3122147613958,12648
1.03006996551858,35.301094197523,12649
1.03876724513217,35.3124855549553,12650
1.05118003191685,35.3007565707697,12651
1.01875961262319,35.2853057282078,12652
1.02975075352245,35.3011080053307,12653
1.01866048940726,35.2860349800147,12654
1.13051350890169,35.1614499831788,12655
1.12467081372459,35.1775985618166,12656
1.10696007395172,35.2034789054028,12657
1.12650315863243,35.1599799016975,12658
1.10574478442594,35.1995924862014,12659
1.10577342155862,35.2220555353641,12660
1.12251657198182,35.1767928658815,12661
1.10220615757625,35.2118071232642,12662
1.10735705370226,35.2231738763743,12663
1.10680964470194,35.2230011776368,12664
1.12253516472934,35.1769380636138,12665
1.12466969605871,35.1775876329539,12666
1.08922570908787,35.1252049970921,12667
1.08958601935063,35.1255245790805,12668
1.02877486412792,35.0199879885536,12669
1.0284394051303,35.0202029332179,12670
1.10620371565829,35.1273671053319,12671
1.10727215002757,35.1281738334136,12672
1.1046623249062,35.2562682452352,12673
1.02261071356357,34.9792395922164,12674
1.09512955103076,35.234127363731,12675
1.09276561520088,35.2338107224475,12676
1.02276140235562,34.9790307877144,12677
1.08190336069856,35.2014643897507,12678
1.08306000685794,35.2083836520361,12679
1.09874061673819,35.2317640468949,12680
1.10352099956143,35.2379390172924,12681
1.08256185178866,35.208692869338,12682
1.10593191364159,35.2284662823649,12683
1.1042665682081,35.2562974412911,12684
1.08104698598686,35.2089074724492,12685
1.10267349697072,35.2570004099612,12686
1.08358115003326,35.2015456714827,12687
1.10249873553148,35.25446712596,12688
1.10000954568032,35.2544552121588,12689
1.10293389573285,35.2372495678474,12690
1.02897083124928,35.0198175045466,12691
1.10677516559457,35.2279452394057,12692
1.10366593432303,35.236544893712,12693
1.10481282086476,35.2393269452281,12694
1.02257313080418,34.9795278723034,12695
1.05385634855191,35.1559480080359,12696
1.0511809433538,35.1367806818001,12697
1.05485505060451,35.1537284232277,12698
1.05422022695133,35.1535172517587,12699
1.055418396016,35.1393870679376,12700
0.982373275283306,35.1575172288514,12701
0.984614744362272,35.1767933631949,12702
0.982259495935959,35.1573106580524,12703
0.98441102046153,35.1762628903012,12704
0.981246696800245,35.1619819097018,12705
0.964000794305968,35.0854996726529,12706
0.984819865043663,35.0750002866366,12707
0.984769866247271,35.0750404158646,12708
0.965798760989065,35.0859927668588,12709
0.997313708816089,35.1532358849768,12710
0.998943650031608,35.1788764444919,12711
0.994153269433505,35.1667817106472,12712
0.994734703917291,35.1779586564891,12713
0.992078961876101,35.1805326435474,12714
0.992842521936635,35.1802530967028,12715
0.861613472269939,35.0925827937065,12716
0.741462854143149,35.0945082127028,12717
0.740836692491377,35.0954258427745,12718
0.996120713447391,35.0851192047389,12719
1.02443164144611,35.1047924177533,12720
0.995045655374592,35.0828194119243,12721
1.0246405833516,35.1040575690509,12722
1.04173578537558,35.1440187753499,12723
1.03151704939436,35.1239931452962,12724
1.03163245411796,35.1238529031951,12725
1.041410739918,35.1440658198926,12726
1.16480094960902,35.1121716187429,12727
1.09245035581397,35.1102602589665,12728
1.091294698183,35.108366764944,12729
1.14345232766289,35.1142737367248,12730
1.10393664634663,35.1075629042995,12731
1.18368166064133,35.1124109593575,12732
1.1283318204334,35.1260721649109,12733
1.09668523181327,35.1138698998102,12734
1.11398053840648,35.1102336160407,12735
1.12931558267431,35.1235936604917,12736
1.1265759077217,35.1266738359923,12737
1.12836658694664,35.126050986443,12738
1.13286864110327,35.1057696659008,12739
1.13023611637929,35.1246629715979,12740
1.11926392436105,35.1253012805243,12741
1.13528029610911,35.1060090207231,12742
1.11850798005161,35.1271696277691,12743
1.18367325392991,35.1121959200176,12744
1.02211057753976,34.9836890106457,12745
1.0949588565479,35.1114039733916,12746
1.13039642702281,35.1249725330472,12747
1.18989127510097,35.1193926023361,12748
1.09729851389203,35.1142172009004,12749
1.11453212976618,35.1101358924441,12750
1.14791640879672,35.1175642051146,12751
1.18972421428252,35.1196401225985,12752
1.18599622258889,35.1150932976983,12753
1.13630825228346,35.104779973043,12754
1.09203025250204,35.1087940961898,12755
1.14859243092185,35.1181498859168,12756
1.13746555470544,35.107427636118,12757
1.02611772097685,35.0228453596183,12758
1.01136638355471,35.3658009908347,12759
1.0261382309249,35.0228081049846,12760
0.983058148565458,35.2217624388295,12761
1.02876218773423,35.319954641325,12762
0.998072095813462,35.3609360324783,12763
0.904672144663944,35.0936009045438,12764
1.00045648639131,35.3626548698841,12765
0.6973431,34.5089632,12766
0.6952207,34.5091574,12767
0.6084047,34.4658544,12768
0.6144942,34.468963,12769
0.607888,34.4661527,12770
0.6823754,34.5781867,12771
0.632194259057236,34.476112703783,12772
0.634842578091768,34.4778300261793,12773
0.6071984,34.465364,12774
0.632206691555342,34.4760971101443,12775
0.6127742,34.4688367,12776
0.6591154,34.5661931,12777
0.654862,34.5654274,12778
0.6636179,34.5542169,12779
0.6580787,34.5660551,12780
0.6657327,34.5721345,12781
0.6580172,34.5660619,12782
0.6541309,34.567998,12783
0.6653643,34.572241,12784
0.6543864,34.5648855,12785
0.6640931,34.5575132,12786
0.5837571,34.5681433,12787
0.5873335,34.4696894,12788
0.6299831,34.5492357,12789
0.5839498,34.5673831,12790
0.5838769,34.5673581,12791
0.6328293,34.5482971,12792
0.6305208,34.5488745,12793
0.625407,34.5210087,12794
0.6383828,34.2806351,12795
0.6270977,34.5239979,12796
0.6269886,34.5239556,12797
0.6253914,34.5210272,12798
0.6235177,34.5203246,12799
0.6234172,34.5206776,12800
0.6233443,34.5206497,12801
0.6258472,34.5229132,12802
0.6017771,34.4934862,12803
0.5972805,34.4961281,12804
0.60198,34.4934319,12805
0.5973377,34.4960812,12806
0.6030534,34.494045,12807
0.6103929,34.4919257,12808
0.6094471,34.4888047,12809
0.609414,34.4885485,12810
0.6108714,34.4906664,12811
0.5966668,34.4961915,12812
0.6818068,34.5226909,12813
0.6818155,34.5227549,12814
0.6827531,34.5274351,12815
0.5873042,34.4696763,12816
0.5873771,34.4696808,12817
0.6810645,34.5282231,12818
0.6827468,34.5274595,12819
0.682653,34.5228707,12820
0.5873954,34.4696673,12821
0.5905006,34.4356697,12822
0.5896237,34.434666,12823
0.5882786,34.4532866,12824
0.5911738,34.4360349,12825
0.5909848,34.4360745,12826
0.5907107,34.4357784,12827
0.5985053,34.4696807,12828
0.5894687,34.4343539,12829
0.5995484,34.4679759,12830
0.5996344,34.4697798,12831
0.5883638,34.4344119,12832
0.5991048,34.4682499,12833
0.5885603,34.4537357,12834
0.6631015,34.5135033,12835
0.6644781,34.5140033,12836
0.6857351,34.5180078,12837
0.65553,34.5092465,12838
0.6646077,34.5136328,12839
0.6628021,34.5133672,12840
0.6570145,34.5106729,12841
0.6857042,34.5180152,12842
0.6854944,34.5167869,12843
0.657459,34.5119979,12844
0.6724982,34.4960302,12845
0.6760851,34.4979162,12846
0.6686598,34.4993828,12847
0.6712682,34.4974959,12848
0.6694962,34.4995644,12849
0.6694925,34.4995484,12850
0.6733426,34.4967673,12851
0.6754647,34.4979059,12852
0.6761034,34.4979385,12853
0.6723872,34.5042768,12854
0.6733903,34.5055419,12855
0.6621037,34.5280733,12856
0.6568725,34.5208812,12857
0.6565387,34.5192003,12858
0.6624817,34.5308574,12859
0.6578761,34.5198791,12860
0.6563943,34.5218912,12861
0.6624083,34.5308,12862
0.6558919,34.5256392,12863
0.6573721,34.5197389,12864
0.6355715,34.2810632,12865
0.6583895,34.5206921,12866
0.6364745,34.2810415,12867
0.6622442,34.5305573,12868
0.657017826729197,34.4447781139918,12869
0.6479167,34.4583207,12870
0.658858413947061,34.4474798321028,12871
0.6479472,34.4578622,12872
0.6476897,34.4583402,12873
0.67069630014098,34.449467196112,12874
0.665904671881241,34.454554397991,12875
0.658835402391909,34.4481135809985,12876
0.5609548,34.4793177,12877
0.5810562,34.4666094,12878
0.5845703,34.4647378,12879
0.5672055,34.4614587,12880
0.5713126,34.4600514,12881
0.5606836,34.4792262,12882
0.5712892,34.4614505,12883
0.560187,34.4789146,12884
0.5799612,34.4659282,12885
0.5612953,34.4776718,12886
0.5819344,34.4895698,12887
0.5928254,34.4906906,12888
0.5804224,34.4906189,12889
0.5803333,34.4905488,12890
0.5904002,34.4885909,12891
0.585387,34.4855691,12892
0.5838565,34.4853329,12893
0.5927612,34.4906675,12894
0.7053986,34.586647,12895
0.708672,34.5753208,12896
0.7053748,34.5866622,12897
0.6825572,34.5770906,12898
0.6824136,34.5778761,12899
0.6836921,34.575366,12900
0.7061964,34.5743834,12901
0.632942,34.5901641,12902
0.6345454,34.5896836,12903
0.6044823,34.5778933,12904
0.6081826,34.5872829,12905
0.6058228,34.5780138,12906
0.6082611,34.5867469,12907
0.6061169,34.5784017,12908
0.6056497,34.5313703,12909
0.5690701,34.5081398,12910
0.6056386,34.5310744,12911
0.6054309,34.5309762,12912
0.5902469,34.507522,12913
0.582936022754994,34.5050610164042,12914
0.583017403325951,34.5050595783243,12915
0.5852458,34.5061511,12916
0.582224000069312,34.5055412369937,12917
0.5717723,34.5092265,12918
0.6688136,34.4390161,12919
0.6651344,34.4374641,12920
0.6651847,34.4385652,12921
0.6668247,34.4388674,12922
0.6664331,34.4417209,12923
0.6648615,34.4355773,12924
0.6650771,34.4357259,12925
0.7063203,34.5679392,12926
0.7062693,34.56803,12927
0.6955602,34.5646539,12928
0.69731,34.5691433,12929
0.6972784,34.5691747,12930
0.7115661,34.5567562,12931
0.710671,34.5572368,12932
0.7102308,34.5678632,12933
0.7103701,34.5685032,12934
0.5761169,34.5354357,12935
0.5863981,34.5331055,12936
0.5860317,34.5324066,12937
0.5757876,34.5352547,12938
0.5761889,34.5350258,12939
0.5822423,34.5352413,12940
0.659104749502157,34.4426187706806,12941
0.660298874483542,34.4435822702876,12942
0.660268617344269,34.4435178419172,12943
0.660268500475957,34.4435800517533,12944
0.66367969124006,34.4454483086269,12945
0.654487524066011,34.4307657926546,12946
0.0780395,34.5806028,12947
0.0779824,34.5806937,12948
0.1002825,34.5714304,12949
0.0873964,34.5766924,12950
0.0823503,34.5710769,12951
0.083028,34.5710257,12952
0.0825096,34.5709004,12953
0.0828547,34.5710185,12954
0.0874424,34.5768385,12955
0.1775679,34.5903319,12956
0.1090045,34.5565668,12957
0.1728819,34.5757423,12958
0.1689776,34.5912748,12959
0.1791876,34.5897245,12960
0.1695347,34.5909871,12961
0.1726863,34.5759009,12962
0.1691116,34.5905384,12963
0.1727431,34.5757795,12964
0.1672001,34.5783556,12965
0.1693881,34.5765318,12966
0.1477548,34.4974071,12967
0.1094916,34.5564588,12968
0.163995,34.4951469,12969
0.1505964,34.4993922,12970
0.1645552,34.4950507,12971
0.1645748,34.4930326,12972
0.1573505,34.5059745,12973
0.1642627,34.4928805,12974
0.1558979,34.4993425,12975
0.1597348,34.4969465,12976
0.1648571,34.492162,12977
0.149347,34.4981495,12978
0.1504923,34.5023174,12979
0.1643958,34.4949129,12980
0.1090705,34.5567273,12981
0.076796,34.567897,12982
0.0766301,34.5688434,12983
0.1091947,34.5566042,12984
0.0631805,34.5595895,12985
0.0732855,34.5632273,12986
0.1090377,34.5564869,12987
0.1142012,34.5940295,12988
0.1179208,34.5943154,12989
0.1148668,34.5941177,12990
0.1158803,34.5939095,12991
0.1598937,34.5658288,12992
0.5674915,34.5633466,12993
0.1616164,34.5814255,12994
0.1594114,34.5787129,12995
0.5673858,34.5633061,12996
0.1589006,34.5762069,12997
0.1517001,34.574936,12998
0.1617838,34.5827057,12999
0.161723,34.5702372,13000
0.1508374,34.5744369,13001
0.1616655,34.5711908,13002
0.1510769,34.5788578,13003
0.1489004,34.5790431,13004
0.1109526,34.618749,13005
0.1090592,34.6111011,13006
0.1109518,34.6187526,13007
0.1109165,34.6190674,13008
0.1111426,34.617175,13009
0.1105644,34.6181108,13010
0.1098993,34.6098777,13011
0.1123984,34.6174853,13012
-0.0235953,34.496355,13013
-0.0055889,34.5009489,13014
-0.0145944,34.4998057,13015
-0.0258238,34.5061236,13016
-0.0273072,34.5073161,13017
-0.0074073,34.4951202,13018
-0.0063567,34.4884681,13019
-0.0070196,34.4957824,13020
-0.0060378,34.5010438,13021
-0.0158426,34.499185,13022
-0.0066907,34.5022842,13023
0.0094708,34.4915727,13024
-0.0289975,34.5133174,13025
0.1443383,34.5085652,13026
0.1570191,34.5146857,13027
0.1418772,34.508556,13028
0.1511708,34.5089376,13029
0.1514709,34.5088673,13030
0.1522231,34.5057251,13031
0.1570346,34.5143141,13032
0.1503836,34.5098315,13033
0.1520773,34.5046845,13034
0.2277407,34.5246455,13035
0.144359,34.5085839,13036
0.1423332,34.5060139,13037
0.0649013,34.588135,13038
0.0400049,34.5726721,13039
0.0363947,34.5682318,13040
0.0416606,34.5727528,13041
0.1091322,34.5562983,13042
0.0502931,34.5818486,13043
0.0676745,34.5351742,13044
0.1092099,34.5564035,13045
0.067781,34.534886,13046
0.0670727,34.5352435,13047
0.1090219,34.5563422,13048
0.0707708,34.5317195,13049
0.0683489,34.5331837,13050
0.0949229,34.5361148,13051
0.1141838,34.4424113,13052
0.1318192,34.4475704,13053
0.1134708,34.4538031,13054
0.1122296,34.4539942,13055
0.113975,34.4535629,13056
0.1399798,34.4276844,13057
0.1363703,34.4393485,13058
0.1115175,34.4541901,13059
0.1374458,34.4411439,13060
0.1411965,34.427709,13061
0.125265,34.4442322,13062
0.1246854,34.4459058,13063
0.1146791,34.4426921,13064
0.1192033,34.4358494,13065
0.1128559,34.4549878,13066
0.1094118,34.4505736,13067
0.1191471,34.4500944,13068
0.137807,34.4271736,13069
0.1133136,34.4562684,13070
0.0979576,34.4658327,13071
0.0960692,34.4654914,13072
0.1133785,34.4571963,13073
0.1022542,34.4624126,13074
0.1024349,34.4546067,13075
0.0967694,34.4472247,13076
0.1103201,34.4637186,13077
0.1008429,34.4644833,13078
0.1011379,34.464237,13079
0.0970272,34.4495185,13080
0.1085453,34.458579,13081
0.1131278,34.4570564,13082
0.1086411,34.4584175,13083
0.1009581,34.4604138,13084
0.102095,34.4652011,13085
0.101905,34.463099,13086
0.0671591,34.5493793,13087
0.0788263,34.5798921,13088
0.0685128,34.5470724,13089
0.0363401,34.5365024,13090
0.0749469,34.5539321,13091
0.0323132,34.5370978,13092
0.0684047,34.5499303,13093
0.0703067,34.5593572,13094
0.0689185,34.5565397,13095
0.0703098,34.5593579,13096
-0.0295434,34.490895,13097
-0.0101937,34.5186729,13098
-0.0154117,34.490134,13099
-0.0041748,34.470973,13100
-0.0241565,34.4882652,13101
-0.0254779,34.4864827,13102
-0.0333467,34.4938957,13103
-0.0323795,34.4861609,13104
-0.0274115,34.4928176,13105
-0.0177845,34.4827255,13106
-0.0056985,34.4718764,13107
-0.0292877,34.4912953,13108
-0.0030678,34.4635345,13109
-0.0015733,34.4773609,13110
-0.025443,34.4860673,13111
0.0090174,34.4598018,13112
-0.0064231,34.4682407,13113
-0.0161474,34.4895997,13114
-0.0035271,34.4789745,13115
-0.7657603,34.7380691,13116
-0.7514675,34.743545,13117
-0.7503809,34.7447536,13118
-0.8038932,34.749406,13119
-0.8042441,34.7498352,13120
-0.7504778,34.7443969,13121
-0.8044494,34.7485648,13122
-0.7778602,34.7059944,13123
-0.7768107,34.7048767,13124
-0.7726272,34.699476,13125
-0.7725609,34.6994902,13126
-0.776312,34.704397,13127
-0.7017527,34.7500235,13128
-0.7023545,34.7502555,13129
-0.7038627,34.75931,13130
-0.7022053,34.7628256,13131
-0.7757639,34.7823332,13132
-0.7745395,34.7826439,13133
-0.7731671,34.7810173,13134
-0.6977118,34.7929387,13135
-0.6979248,34.7917727,13136
-0.6882844,34.7906134,13137
0.0443387,34.8097222,13138
0.0443293,34.8097264,13139
0.0459973,34.8361432,13140
0.0282244,34.8255192,13141
0.1401732,34.8071611,13142
0.2851473,34.7606433,13143
0.1367646,34.8218583,13144
0.1384137,34.8202952,13145
0.1207697,34.8222649,13146
0.1183105,34.8192575,13147
0.1356977,34.8205119,13148
0.135773581193933,34.821051685767,13149
0.1254529,34.8055848,13150
0.1382788,34.8208885,13151
0.0709938,34.8952561,13152
0.0747942292919769,34.9002153073115,13153
0.0711355362298759,34.8955598555561,13154
0.0710437,34.8953257,13155
0.0747449412030321,34.9002805647974,13156
0.051794,34.827323,13157
0.053502,34.8263357,13158
0.0171065,34.8160942,13159
0.1201177,34.7357741,13160
0.0531062,34.8283737,13161
0.0442996,34.7936193,13162
0.0440786,34.8103354,13163
0.0477639,34.8365972,13164
0.0538540427649173,34.826369385477,13165
0.0498701,34.8324917,13166
0.0498173,34.8324753,13167
0.0509451223138241,34.8318664760418,13168
0.0521196,34.8270137,13169
0.1201501,34.7359337,13170
0.0556348,34.8236098,13171
0.0517855,34.8273234,13172
0.1200757,34.7358589,13173
0.0537577222611214,34.8264099792582,13174
0.214169,34.7689951,13175
0.1084975,34.7523907,13176
0.0264274,34.8327167,13177
0.133681,34.791914,13178
0.1336105,34.7919593,13179
0.1252964,34.8061638,13180
0.1347874,34.8038554,13181
0.1385578,34.8043175,13182
0.334746011789011,34.81327261213,13183
0.1320511,34.8053008,13184
0.132378,34.7981461,13185
0.131899,34.8055338,13186
0.132345632596953,34.7981146860072,13187
0.1344471,34.8073426,13188
0.132445448240351,34.7978988079131,13189
0.1323417201702,34.7981479727017,13190
0.1399534,34.8071837,13191
0.1344505,34.8073411,13192
0.129137630467495,34.7960189483433,13193
0.0759969,34.90069,13194
0.162065274643927,34.8240844373396,13195
0.0845443,34.8803887,13196
0.0895430740280687,34.8708973751037,13197
0.146791,34.8289868,13198
0.1331386,34.829025,13199
0.1391564,34.8436152,13200
0.1328474,34.8303838,13201
0.1467353,34.830222,13202
0.1393321,34.8442825,13203
0.1477507,34.8298927,13204
0.138199,34.8348946,13205
0.1339368,34.8289458,13206
0.1383103,34.8348631,13207
0.1085852,34.7519683,13208
0.0304658,34.815227,13209
0.1097761,34.7490408,13210
0.0134098,34.8091628,13211
0.1086599,34.7522323,13212
0.0140442,34.8079683,13213
0.019984,34.8091143,13214
0.017044,34.7999937,13215
0.0272051,34.817398,13216
0.0303653,34.8152523,13217
0.0302645579023171,34.8110588999811,13218
0.0161805,34.8002026,13219
0.015479,34.7999188,13220
0.0281608842750261,34.8046946277127,13221
0.0243237,34.7986645,13222
0.1098105,34.7489296,13223
0.0239768,34.8197662,13224
0.0307835,34.809504,13225
0.0134091928934478,34.8091320979581,13226
0.0136849,34.808663,13227
0.0303715,34.8152555,13228
0.0191857,34.8087144,13229
0.0140756,34.8079004,13230
0.0137346604889405,34.8084490476367,13231
0.081136,34.8181588,13232
0.0848819,34.8304414,13233
0.0835148,34.8149735,13234
0.084957,34.8308053,13235
0.1947468,34.7668952,13236
0.1942691,34.7655943,13237
0.1153926,34.7305669,13238
0.0872995,34.854321,13239
0.1001054,34.8559151,13240
0.104592,34.8514097,13241
0.1086434,34.849377,13242
0.148444496548992,34.8961567466636,13243
0.1483261,34.8969379,13244
0.125809610499136,34.8068040677142,13245
0.3944816966596,34.9212479281661,13246
0.1474452,34.8969719,13247
0.528204677223223,35.2771476141526,13248
0.444469628010153,35.3031776022808,13249
0.517790464466499,35.2734336158337,13250
0.515984960986397,35.2758623085374,13251
0.5182618019341,35.2748324131648,13252
0.528708054310913,35.2780127712428,13253
0.397469,35.1747886,13254
0.3946006,35.1837431,13255
0.3984454,35.174377,13256
0.364354913204999,35.3163350398306,13257
0.465808382299576,35.1282111760514,13258
0.527881835848275,35.277459387067,13259
0.51415168715965,35.1117668873922,13260
0.528110343587546,35.2773897207008,13261
0.528294727705157,35.2769295943239,13262
0.385715356892868,35.3071927289871,13263
0.397925024620774,35.3372393016868,13264
0.516584765990714,35.1083779768522,13265
0.515850037449594,35.1079915850525,13266
0.366488799167855,35.3740136097111,13267
0.365605295350837,35.3739257598529,13268
0.35488607312677,35.3727303715228,13269
0.356477913364824,35.3681539968304,13270
0.330948985489232,35.3695094034785,13271
0.354831909758173,35.3730548466418,13272
0.343351959970546,35.3695449345244,13273
0.354894257643651,35.3727340446404,13274
0.283667896259771,35.4062864789224,13275
0.313599734032407,35.4032161410136,13276
0.313408590948833,35.4033933152672,13277
0.388551556385621,35.3334804302597,13278
0.516712463488311,35.2773170295689,13279
0.280582830244582,35.4083632245174,13280
0.528330033981812,35.2773756502683,13281
0.357857277953026,35.3545523512046,13282
0.280828799186853,35.4076981684787,13283
0.304911876830956,35.3965280713145,13284
0.200328811586027,35.0897558848618,13285
0.439326757106452,35.1259260055204,13286
0.439538542714189,35.1246593538711,13287
0.432398627053783,35.1168172003282,13288
0.306939450458001,35.4535575146883,13289
0.445213074338279,35.3159856801024,13290
0.440656756737486,35.3008135955268,13291
0.4454987229848,35.3166329669967,13292
0.214143501215709,35.0965464855526,13293
0.192830888518812,35.0996992098831,13294
0.201442151492826,35.0941830233196,13295
0.194367904906487,35.1012791176935,13296
0.203580846125191,35.0972811486198,13297
0.321477464276529,35.3936099282727,13298
0.331490730239567,35.3875287234614,13299
0.33069243417678,35.3890875323869,13300
0.275718281873841,35.0082655311733,13301
0.231327758020952,35.0192660370147,13302
0.276734562768902,35.0086585702766,13303
0.198063751811117,35.087015810215,13304
0.295370467652894,35.1938639651274,13305
0.2934962,35.1914072,13306
0.283646289649352,35.1931814559844,13307
0.295916065102286,35.1942575353225,13308
0.294058,35.1930221,13309
0.286011212019816,35.1928574952111,13310
0.282340185962685,35.1940908657179,13311
0.282135116646335,35.1942386238772,13312
0.298726673372695,35.1892938500111,13313
0.209637760523963,35.2824793302158,13314
0.211603871115118,35.2835148222999,13315
0.1975013,35.272011,13316
0.213925712285691,35.2811097758338,13317
0.185675398368182,35.2726665363308,13318
0.193843480523162,35.260415091652,13319
0.21293182364805,35.2838842380373,13320
0.19988091345197,35.2571421688129,13321
0.213115965591736,35.2833610794416,13322
0.20267406345421,35.114649137488,13323
0.201191057785508,35.2560639381099,13324
0.201910515035442,35.1195554887153,13325
0.197244217488708,35.2698992643028,13326
0.1991376,35.2881403,13327
0.301619392486009,35.1802093978133,13328
0.306177277665265,35.2193218641556,13329
0.307660105972324,35.2157398094842,13330
0.302032257503857,35.1800337613786,13331
0.18817963596704,35.2559768577861,13332
0.305658988724314,35.2203684896157,13333
0.201370716189512,35.096311257385,13334
0.492645160642914,35.2280485458232,13335
0.482727855633093,35.2372729235817,13336
0.492332237881721,35.2281887685863,13337
0.492239494059842,35.2283309539608,13338
0.324234903819222,35.4494745216662,13339
0.32205576510033,35.448926451477,13340
0.335429078494387,35.4519971728157,13341
0.328589707922171,35.4403055715786,13342
0.334087766193396,34.996508654008,13343
0.339353159476584,34.9984340321903,13344
0.339302507989198,34.9984644092887,13345
0.335324330198292,35.0022622748906,13346
0.334025697787879,34.9964590959821,13347
0.163276660928408,35.2686507728197,13348
0.175103817383279,35.2931019690829,13349
0.173580293542052,35.2840600507836,13350
0.164254694651756,35.2485910754588,13351
0.164534214805941,35.2673826093523,13352
0.164253528937864,35.2488741557568,13353
0.172870262339785,35.2860734500993,13354
0.163171731387632,35.2652279504963,13355
0.163428470612399,35.2658596464232,13356
0.161779039354568,35.268223687081,13357
0.158603277995046,35.2519772463114,13358
0.174685737445926,35.2931883235389,13359
0.412881898145308,35.1479169767782,13360
0.415552879644399,35.1398589906319,13361
0.415777844679201,35.1391222913879,13362
0.397040874559813,35.1517760446486,13363
0.385490299504747,35.148519321234,13364
0.416124428331294,35.1391685800945,13365
0.41670741301481,35.1454808998445,13366
0.39758934411128,35.1527868098321,13367
0.323423948657422,35.4169670964905,13368
0.483190634870779,35.2549609487936,13369
0.311182571493672,35.4538102217604,13370
0.324310572306043,35.4153228407429,13371
0.323443788762608,35.4171077628282,13372
0.307008235890031,35.4533385228629,13373
0.3099835871845,35.45360758396,13374
-0.4019279,34.9183183,13375
-0.3926841,34.928727,13376
-0.4008437,34.9199782,13377
-0.3908228,34.9312385,13378
-0.3927912,34.928613,13379
-0.3880086,34.920686,13380
-0.4019659,34.9184444,13381
-0.3867638,34.9197607,13382
-0.424906,34.9558656,13383
-0.4437598,34.9590176,13384
-0.4245791,34.9554527,13385
-0.4446425,34.9588508,13386
-0.443257122977297,34.9630589493673,13387
-0.4453699,34.9589192,13388
-0.442557152904579,34.9638296485172,13389
-0.4400262,34.960721,13390
-0.4685966,34.9159745,13391
-0.4699155,34.9112837,13392
-0.4699311,34.9096394,13393
-0.4719908,34.9109938,13394
-0.4658574,34.9173207,13395
-0.4671684,34.9172167,13396
-0.4699486,34.9096298,13397
-0.4684482,34.9163031,13398
-0.4691999,34.9082868,13399
-0.4291313,34.8359385,13400
-0.4624205,34.9175988,13401
-0.4633479,34.9387761,13402
-0.4619332,34.9041786,13403
-0.4615253,34.9097421,13404
-0.4699375,34.9338555,13405
-0.4601661,34.93812,13406
-0.415769,35.0028145,13407
-0.4124489,35.005363,13408
-0.4113507,35.0051626,13409
-0.4203549,34.9805403,13410
-0.4082991,35.0145192,13411
-0.4157351,35.0028134,13412
-0.4113395,35.0050826,13413
-0.4071334,35.0129979,13414
-0.4206331,34.9801359,13415
-0.4155469,35.0025521,13416
-0.4084013,35.0143668,13417
-0.4238724,34.8163025,13418
-0.4078956,34.8323332,13419
-0.4216036,34.8173877,13420
-0.4242598,34.8164425,13421
-0.4080838,34.8310112,13422
-0.420587,34.8178177,13423
-0.4210147,34.8178611,13424
-0.4091452,34.8317506,13425
-0.4268708,34.8280795,13426
-0.4270183,34.8275508,13427
-0.4269444,34.8484266,13428
-0.4259867,34.8495595,13429
-0.4292868,34.8349427,13430
-0.365159493266625,34.968340119883,13431
-0.36133198026526,34.9769111360734,13432
-0.362703722167132,34.9734796707988,13433
-0.365504999703871,34.9849062411663,13434
-0.355201815038661,34.9758075045393,13435
-0.365846197937433,34.9679742866608,13436
-0.363278260458868,34.9855354465502,13437
-0.4224083,34.9281331,13438
-0.4198689,34.9287282,13439
-0.4256744,34.9272883,13440
-0.4199226,34.9287459,13441
-0.4454104,34.9413727,13442
-0.4257664,34.9273688,13443
-0.4447417,34.9403951,13444
-0.4190888,34.9299235,13445
-0.4270714,34.9285807,13446
-0.42251,34.9287508,13447
-0.41770916472532,34.9131731480243,13448
-0.423455004861012,34.9092200564121,13449
-0.428304427693296,34.9096809592604,13450
-0.421582588544583,34.9078083948124,13451
-0.411853221621856,34.9254466495923,13452
-0.427626585757953,34.9065832524039,13453
-0.412617077268077,34.9250725603855,13454
-0.412503021466298,34.9251166322797,13455
-0.4224840928042,34.9087576180399,13456
-0.417466984511838,34.9129686338488,13457
-0.41750660252373,34.9136903096946,13458
-0.4300207,34.9941416,13459
-0.431682846580445,34.9794517387389,13460
-0.430500857421943,34.9832711350791,13461
-0.4301798,34.9954581,13462
-0.4211183,34.9768331,13463
-0.4296173,34.9949117,13464
-0.355829738593003,34.9692063576861,13465
-0.355983187488107,34.9692021590548,13466
-0.343412766891968,34.9872923253926,13467
-0.342615754786546,34.9853998229438,13468
-0.357473335484334,34.9714642395572,13469
-0.4524174,34.9365619,13470
-0.4572579,34.9455827,13471
-0.4479294,34.9430909,13472
-0.4618516,34.9471771,13473
-0.4600857,34.948101,13474
-0.452533,34.9430819,13475
-0.4445012,34.9457995,13476
-0.4605497,34.9465684,13477
-0.4514309,34.9370746,13478
0.349103253317206,34.8306010149957,13479
0.348070271026684,34.82876205083,13480
0.349364972557558,34.8297474557597,13481
0.352653008208749,34.8259681195772,13482
0.287608683035362,34.7556641681398,13483
0.28763856562847,34.7556927241132,13484
0.287607993399364,34.755673830581,13485
0.26895963122037,34.7675470417826,13486
0.287610896975991,34.7557531503,13487
0.2866963,34.7547597,13488
0.2686963,34.7569879,13489
0.334787873612772,34.8135336787995,13490
0.268775822652513,34.767695554758,13491
0.287664460834685,34.7557480866779,13492
0.375477069200466,34.8153714643154,13493
0.3754248878117,34.8155257552222,13494
0.363530538935785,34.8121129250215,13495
0.37548969273553,34.8153839315485,13496
0.411066164768185,34.9229303254427,13497
0.287543687285067,34.7557058648401,13498
0.287525527773085,34.7558191728715,13499
0.268889965565824,34.7673747962685,13500
0.447483390893615,34.8548217857164,13501
0.287506948009793,34.7557631088292,13502
0.268941094153694,34.7681274272409,13503
0.268856268590557,34.7675710943511,13504
0.411070638856856,34.9238551655767,13505
0.132111310554382,34.8057440860113,13506
0.132071376603192,34.8059492474683,13507
0.376461535780411,34.853353624296,13508
0.37638174256951,34.8533387886383,13509
0.376346950985017,34.8534479228045,13510
0.376396702904143,34.8534136885966,13511
0.368792171991647,34.8509864332617,13512
0.376411368034871,34.8533592243966,13513
0.376392658931969,34.8534067632425,13514
0.356365076457432,34.8219510836499,13515
0.268880328601041,34.767688476801,13516
0.2076354,34.7716517,13517
0.207974917407235,34.7712459966449,13518
0.207977250489944,34.7713207395442,13519
0.207881818494774,34.7712616778796,13520
0.260373792942589,34.7788556685281,13521
0.268782739657837,34.7676639892467,13522
0.262518054344038,34.7769299799713,13523
0.275157098645662,34.7882584820929,13524
0.268861551509883,34.7676100270256,13525
0.375746712405041,34.8154218539919,13526
0.275280288788211,34.7881750802476,13527
0.276121326357684,34.778868994559,13528
0.405644858839875,34.938226376996,13529
0.35675869284813,34.821798665377,13530
0.402120013402396,34.9049595697815,13531
0.405661588191536,34.9382524649268,13532
0.447569315395396,34.854845244215,13533
0.405687192896413,34.9382715174224,13534
0.405636543381367,34.9382895659377,13535
0.402205692734127,34.9048528385831,13536
0.402160727854506,34.9049902276943,13537
0.369437540411144,34.8542303965522,13538
0.369611325910047,34.8540957613621,13539
0.334865308372692,34.8137505406094,13540
0.385513114627118,34.9141237082293,13541
0.369424201084518,34.8542989375208,13542
0.369421873617,34.8541793887623,13543
0.369434376798119,34.8542146566238,13544
0.287582277483456,34.7557310352335,13545
0.334477830733171,34.8131967857669,13546
0.334805777487717,34.8134434319248,13547
0.268917750728285,34.7676418860862,13548
0.285099525931252,34.7604956833201,13549
0.347521216649663,34.8265146312097,13550
0.285489648816874,34.7570661431704,13551
0.265811822378156,34.7706791583092,13552
0.28516825894931,34.7605936098262,13553
0.287610169674899,34.7557340094133,13554
0.375165901092816,34.8539878127471,13555
0.375134120481409,34.8540188521117,13556
0.37513314394609,34.8540233974558,13557
0.334874210708366,34.8134611441421,13558
0.364862567603499,34.8235019818712,13559
0.356818469371636,34.8217302640336,13560
0.375143103932704,34.8539506024347,13561
0.287607533628516,34.7557832972149,13562
0.375172442379801,34.8540364038416,13563
0.149973713482043,34.8813751661827,13564
0.1464301,34.8868516,13565
0.1473059,34.8813697,13566
0.14997760359134,34.8813930010178,13567
0.146950858290902,34.8864869263287,13568
0.247521888723015,34.795132047972,13569
0.270763989330065,34.7568019183423,13570
0.268700355491149,34.76616682005,13571
0.246914656876772,34.795490474018,13572
0.270728724211174,34.7567157405204,13573
0.241479118936389,34.7981145702146,13574
0.27076555469366,34.7581293179706,13575
0.268779557364332,34.7676754316098,13576
0.2308492,34.6890797,13577
0.2325557,34.6877902,13578
0.1096089,34.7347617,13579
0.0963475,34.6858663,13580
0.0965805,34.685608,13581
0.1064307,34.698033,13582
0.0658258,34.7196739,13583
0.0860065,34.7696138,13584
0.2320477,34.8147391,13585
0.2345782,34.8616942,13586
0.234728,34.8616854,13587
0.2251523,34.8152818,13588
0.2250106,34.8154901,13589
0.2319697,34.8143517,13590
0.2347737,34.8621392,13591
0.1650761,34.6704836,13592
0.234859,34.7764815,13593
0.1383325,34.7598651,13594
0.1448803,34.7673572,13595
0.1390114,34.7634087,13596
0.1377482,34.7612987,13597
0.1891242,34.7587361,13598
0.1444598,34.7682222,13599
0.1390105,34.7626812,13600
0.1362602,34.7795844,13601
0.3052057,34.7749286,13602
0.1352896,34.7727009,13603
0.293298,34.7673467,13604
0.1348099,34.7720939,13605
0.1360927,34.7794701,13606
0.1347531,34.7719132,13607
0.2988556,34.7673467,13608
0.5947652,34.5593441,13609
0.2858356,34.7491744,13610
0.1142271,34.6735608,13611
0.1154953,34.6831094,13612
0.1140116,34.6749643,13613
0.0984685,34.6904723,13614
0.1197443,34.7026402,13615
0.1112631,34.7266488,13616
0.1232632,34.6929923,13617
0.1197428,34.7027652,13618
0.1234689,34.6925055,13619
0.1155608,34.6832467,13620
0.0985971,34.6903318,13621
0.1223062,34.7003903,13622
0.0984734,34.6909018,13623
0.0873655,34.7662031,13624
0.0874405,34.7738643,13625
0.0873767,34.7663731,13626
0.0828234,34.7728033,13627
0.0895635,34.7641373,13628
0.0876742,34.7666949,13629
0.0992392,34.7750208,13630
0.0888161,34.7675637,13631
0.0986761,34.7726727,13632
0.0983315,34.7460095,13633
0.1027756,34.7538114,13634
0.1303367,34.690819,13635
0.1315696,34.6917276,13636
0.1356906,34.6831144,13637
0.1299483,34.69066,13638
0.1353688,34.6834913,13639
0.1341767,34.6917161,13640
0.2354293,34.7762925,13641
0.0692657,34.7580468,13642
0.0687469,34.7576801,13643
0.0833108,34.7620174,13644
0.11079,34.7479767,13645
0.1096322,34.7500033,13646
0.191569,34.7497389,13647
0.1782834,34.751377,13648
0.1911488,34.7503107,13649
0.1815494,34.7371512,13650
0.1866447,34.7474198,13651
0.1818737,34.7375092,13652
0.1860127,34.7479091,13653
0.1822036,34.7366605,13654
0.1858319,34.7483199,13655
0.1787549,34.7522464,13656
0.2320484,34.8397699,13657
0.2358657,34.8400809,13658
0.2275974,34.8211237,13659
0.2474557,34.8251591,13660
0.2351688,34.8198366,13661
0.2472021,34.8241773,13662
0.2131495,34.8238009,13663
0.2131535,34.8236658,13664
0.2358862,34.8192812,13665
0.2474911,34.8247838,13666
0.2352894,34.8194882,13667
0.1864537,34.698902,13668
0.1867897,34.6991504,13669
0.1862548,34.6980811,13670
0.1877924,34.7076363,13671
0.1885215,34.7063538,13672
0.0079353,34.6751997,13673
0.0083394,34.6747242,13674
0.0117824,34.6693143,13675
-0.0010702,34.6737206,13676
0.1261554,34.6699595,13677
0.1268034,34.6655893,13678
0.1302123,34.667175,13679
0.1482233,34.6544426,13680
0.1451297,34.6547691,13681
0.1496088,34.6551157,13682
0.1268336,34.6654583,13683
0.1254999,34.6690015,13684
0.125693,34.6698617,13685
0.1480669,34.6542714,13686
0.0872907,34.734447,13687
0.0833071,34.7223145,13688
0.0854989,34.7286883,13689
0.0879707,34.7340846,13690
0.0912161,34.7221765,13691
0.090768,34.7233094,13692
0.0914183,34.7221517,13693
0.2225481,34.7385395,13694
0.218294,34.7453483,13695
0.2145548,34.7229804,13696
0.214733,34.7234353,13697
0.2207662,34.7384411,13698
0.219397,34.7456376,13699
0.1638944,34.6697752,13700
0.2136337,34.7504146,13701
0.2144584,34.7230852,13702
0.2228537,34.7389817,13703
0.2210854,34.7388035,13704
0.1983376,34.7486714,13705
0.0947092,34.7081055,13706
0.1200509,34.7043952,13707
0.095758,34.7077665,13708
0.0947067,34.7081761,13709
0.1200744,34.7039723,13710
0.1205104,34.7021336,13711
0.1651639,34.6702309,13712
0.1900527,34.691316,13713
0.1912981,34.6915727,13714
0.1914543,34.6903599,13715
0.191748,34.6905751,13716
0.193504,34.6931142,13717
0.1932019,34.6927486,13718
0.1913102,34.6903204,13719
0.1638839,34.67116,13720
0.2403323,34.7645037,13721
0.2487519,34.7792749,13722
0.235429,34.7773081,13723
0.2924871,34.7344003,13724
0.2356183,34.7766381,13725
0.2405771,34.764481,13726
0.284949,34.7603729,13727
0.2448427,34.7611799,13728
0.2447799,34.7606726,13729
0.2449355,34.7611936,13730
0.1027774,34.7286425,13731
0.1117613,34.711372,13732
0.104503,34.7325147,13733
0.1019671,34.7330763,13734
0.1131349,34.7255585,13735
0.1043915,34.7323909,13736
0.1124936,34.7155702,13737
0.1004199,34.7378198,13738
0.1951721,34.6462291,13739
0.2010339,34.6532861,13740
0.2092536,34.6606023,13741
0.2091998,34.6605955,13742
0.2095709,34.6606105,13743
0.1999985,34.652523,13744
0.1963944,34.6463604,13745
0.2013978,34.6531582,13746
0.193888,34.6468781,13747
0.166593,34.6338328,13748
0.1762357,34.6384884,13749
0.1761545,34.6378684,13750
0.156416,34.6354465,13751
0.1732523,34.6542376,13752
0.1736733,34.6563896,13753
0.1761403,34.6383647,13754
0.1668901,34.6333052,13755
0.1569578,34.6342997,13756
0.1661987,34.6338524,13757
0.1618255,34.6358388,13758
0.287618047109992,34.7558885586605,13759
0.287745591662717,34.7558182661548,13760
0.287715715019859,34.7558899742732,13761
0.287687283925962,34.7559570525282,13762
0.1228625,34.7194015,13763
0.1212445,34.7154436,13764
0.1241944,34.7194904,13765
0.1377781,34.7324602,13766
0.1208204,34.715418,13767
0.1378387,34.7310353,13768
0.1227535,34.7194962,13769
0.1215152,34.7152065,13770
0.1420002,34.7215266,13771
0.2316023,34.7217475,13772
0.2852178,34.7606868,13773
0.2322378,34.6880611,13774
0.2186569,34.6968526,13775
0.2851983,34.7606025,13776
0.2335478,34.7215092,13777
0.2320867,34.7219887,13778
0.2331878,34.7217389,13779
0.2211083,34.6963558,13780
0.2059503,34.7005205,13781
0.2049286,34.7005939,13782
0.1964632,34.7158209,13783
0.2072912,34.705103,13784
0.2009924,34.7150898,13785
0.2074405,34.7054179,13786
0.205211,34.7006206,13787
0.1308345,34.7334833,13788
0.2849576,34.7605377,13789
0.130413,34.7332107,13790
0.2851531,34.7604695,13791
0.1295659,34.7297488,13792
0.1308165,34.7334685,13793
0.1303208,34.7306251,13794
0.2848139,34.7606293,13795
0.2851609,34.7483428,13796
0.5948814,34.559151,13797
0.1169584,34.688635,13798
0.1166006,34.6888245,13799
0.1156938,34.6874651,13800
0.098737,34.6862168,13801
0.0983345,34.687055,13802
0.2853222,34.7606275,13803
0.19297646861664,35.2114928406512,13804
0.195047700886385,35.1952729238985,13805
0.193343081423345,35.2124514685303,13806
0.195082756831705,35.1955320038753,13807
0.195599436213476,35.1963876927311,13808
0.17880012294011,35.1891434351535,13809
0.207524467523752,34.9651662181062,13810
0.195369522933821,34.9752301846513,13811
0.206159985370644,34.9655656446416,13812
0.158862834294644,34.980851948662,13813
0.171874086022425,34.9742736099441,13814
0.207988920940332,34.965352420827,13815
0.195854818486598,34.9901243391994,13816
0.018586705557108,35.0725805164963,13817
0.0311013064706108,35.073681943621,13818
0.0293053151182063,35.0747924656998,13819
0.195689835598274,34.9901972281405,13820
0.159624099980599,35.0656731072422,13821
0.169361602190338,35.0638974801222,13822
0.161325843877143,35.0684051437895,13823
0.218062395533614,35.1848341929103,13824
0.180365194201056,35.1898035443453,13825
0.216842523217345,35.1829322434187,13826
0.214033222342246,35.1803082988285,13827
0.216533883271321,35.1832566045868,13828
0.216553662263055,35.1832678624834,13829
0.217761220282179,35.1848901530297,13830
0.19861477737318,35.1629099967911,13831
0.0297745830938675,35.0445504632246,13832
0.0156912247379533,35.0050614989578,13833
0.0001266193109878,35.0064922644112,13834
0.0029169840344731,35.0079102660132,13835
0.0017286892804806,35.008871432654,13836
0.174923508503346,35.0671212565514,13837
0.174848759991513,35.0785304779687,13838
0.176236292379878,35.0856759144552,13839
0.163887056855855,35.0718121288781,13840
0.202496362140525,35.0602788117522,13841
0.203595650776422,35.0602553524908,13842
0.160069651056853,34.9903180569776,13843
0.174869046459169,34.9894407517908,13844
0.175676438318727,34.9899354718044,13845
0.173480016815174,34.9980253754453,13846
0.165289691525141,34.988727037794,13847
0.175019108983064,35.0629087614019,13848
0.203605118065326,34.9603178263434,13849
0.201094906037072,34.9803415157907,13850
0.202785385944529,34.9752158561383,13851
0.202273499442321,34.9808427909691,13852
0.204743766327464,34.9589483132948,13853
0.205227292596694,34.9593964630103,13854
0.169131276949243,34.9911537456562,13855
0.202512080423412,35.0078915717474,13856
0.211071108312868,34.9984736297232,13857
0.212620285185531,35.0054053043041,13858
0.212055199262785,35.0054226762688,13859
0.211463309531116,34.9987307589166,13860
0.197051584396992,35.005136471321,13861
0.203644871874157,35.0079253695195,13862
0.0419247339776182,35.0633706877486,13863
0.0220209033898032,35.0466153829154,13864
0.0229679613139047,35.0461876998777,13865
0.0121262621439429,35.0776384001,13866
0.0514740710827497,35.0267062086272,13867
0.0297030705803256,35.0180778293068,13868
0.0503131410871598,35.0230192951957,13869
0.0252863340929375,35.01943876629,13870
0.0275839540938844,35.0152020970062,13871
0.0291442018300808,35.017614943801,13872
0.799034131408524,34.6740895213877,13873
0.803132743519503,34.6896518069518,13874
0.800612932638183,34.6881810315824,13875
0.798537100085182,34.673221823477,13876
0.7302123,34.6801965,13877
0.7369907,34.6627039,13878
0.7381956,34.6639727,13879
0.7526464,34.7071571,13880
0.7458969,34.646728,13881
0.7307062,34.6791614,13882
0.7399221,34.6682651,13883
0.7261462,34.661322,13884
0.7379363,34.6680736,13885
0.7271428,34.6660041,13886
0.7408359,34.6694281,13887
0.7501253,34.7086864,13888
0.7458951,34.6467143,13889
0.795094716003892,34.7805777341244,13890
0.5818199,34.5595535,13891
0.786284498360069,34.7852243604758,13892
0.794073877798601,34.7769177702973,13893
0.793012581665546,34.8316650617463,13894
0.5776891,34.5583036,13895
0.786259808697642,34.7853062952877,13896
0.795059541654274,34.7806485891063,13897
0.797582718292007,34.7786975522399,13898
0.78977427322328,34.7891296521425,13899
0.794029095028145,34.7824707825322,13900
0.7478066,34.6859738,13901
0.7425077,34.6930661,13902
0.7433589,34.6939973,13903
0.7592789,34.6710974,13904
0.7491449,34.6863507,13905
0.7566343,34.6707344,13906
0.77795268059146,34.663369774576,13907
0.777579076735602,34.6625896741379,13908
0.7555928,34.670726,13909
0.782446744991014,34.6411571820039,13910
0.782706770411799,34.6400781268631,13911
0.782812272860664,34.6403221884678,13912
0.7795548,34.7536652,13913
0.7955697,34.7539687,13914
0.7974678,34.7590701,13915
0.7989684,34.7545305,13916
0.7983154,34.758826,13917
0.5863098,34.5549184,13918
0.807134117527555,34.7871851925258,13919
0.801019433051996,34.7905207072932,13920
0.811191282734182,34.7869144861527,13921
0.795001004796213,34.7979105316332,13922
0.810190249330157,34.7877923382499,13923
0.810792453036947,34.7903745350782,13924
0.810762806737987,34.7904013797236,13925
0.7768243,34.620087,13926
0.7992812,34.7391981,13927
0.7994343,34.7391705,13928
0.7768286,34.6201125,13929
0.799402,34.7391577,13930
0.776475,34.6240266,13931
0.776124,34.6197074,13932
0.835680372563862,34.7666485460008,13933
0.834916344755145,34.763121073629,13934
0.834609889718425,34.7671302630391,13935
0.845950957156113,34.7522683621792,13936
0.816443667686333,34.7603146260457,13937
0.844512802070673,34.7508552459554,13938
0.842482770132939,34.7502329197716,13939
0.842238142438872,34.7502801739435,13940
0.837842451452527,34.7595680337148,13941
0.849006013489744,34.750593067192,13942
0.820805233596368,34.7582548592634,13943
0.8066247,34.6535552,13944
0.7943717,34.6561906,13945
0.7949213,34.6488498,13946
0.7981032,34.6471283,13947
0.7954683,34.6562421,13948
0.8060511,34.6541443,13949
0.8060579,34.6541494,13950
0.823281205418097,34.7578845945813,13951
0.8237258,34.7586436,13952
0.77810179791254,34.7881619240996,13953
0.8251446,34.7582999,13954
0.823576466717419,34.7582479192768,13955
0.8301089,34.76285,13956
0.7174076,34.6386113,13957
0.7496365,34.6075714,13958
0.7163555,34.6394315,13959
0.7166416,34.6395771,13960
0.5864974,34.5548406,13961
0.7158755,34.6133293,13962
0.59158,34.5534531,13963
0.7486948,34.6123228,13964
0.7487094,34.6123252,13965
0.5914695,34.5533701,13966
0.7171228,34.6133333,13967
0.5865024,34.5548526,13968
0.7205379,34.5679407,13969
0.7250873,34.5570461,13970
0.7379906,34.5681995,13971
0.7461521,34.5617564,13972
0.7288296,34.5590532,13973
0.737622,34.566831,13974
0.7251017,34.5570353,13975
0.7178824,34.567326,13976
0.7378862,34.5676764,13977
0.7262337,34.5595933,13978
0.7180477,34.5673663,13979
0.7443453,34.5629438,13980
0.7466801,34.5622663,13981
0.775765942778681,34.7500533216638,13982
0.766494701390993,34.753866633115,13983
0.784690429080131,34.744960907684,13984
0.758286131320228,34.7710251012079,13985
0.7791639,34.7432336,13986
0.771065618807069,34.7520279848901,13987
0.7798328,34.7427976,13988
0.771286172962112,34.7516038669963,13989
0.775540617669469,34.7499621731905,13990
0.758270191144501,34.7709519015304,13991
0.775028096321007,34.7499508680202,13992
0.759559720936479,34.7708100432083,13993
0.769986839519783,34.7642856604178,13994
-0.186304337367794,35.5980501087621,13995
-0.186284578634253,35.59806777317,13996
-0.245128241405326,35.3453321881099,13997
-0.257473,35.4772465,13998
-0.245149976606883,35.3452927119204,13999
-0.10813339914749,35.5419669861025,14000
-0.141887915088794,35.59779304099,14001
-0.131275795526812,35.5963387709918,14002
-0.135740411830995,35.5982668755825,14003
-0.189964211714269,35.5853497215034,14004
-0.148725394152268,35.5917648449134,14005
-0.186973855711929,35.5964823713862,14006
-0.146415668800739,35.5930988090086,14007
0.520226185920849,35.2744930962148,14008
-0.165292795359953,35.6207153767569,14009
-0.189958159819907,35.585294319578,14010
-0.186655171922694,35.5956980079332,14011
-0.145660192302815,35.5915832839946,14012
-0.1370863,35.5966804,14013
-0.159249475429283,35.6463250261387,14014
-0.18664930681549,35.5955916332286,14015
-0.158926900729454,35.5874243517155,14016
-0.1385209692412,35.5952878396127,14017
-0.168673197524414,35.6051437176128,14018
-0.146954029467341,35.5924842211713,14019
-0.165925418460806,35.608505279109,14020
-0.169394049269046,35.6150972538248,14021
0.530332298018211,35.2780313754974,14022
-0.165822288386548,35.6083755626935,14023
-0.1419332,35.6025443,14024
-0.177039269197907,35.5741144059283,14025
-0.18633677713242,35.5984372229046,14026
-0.147627669271403,35.5902732589264,14027
-0.147008336305628,35.5910174152207,14028
-0.144704062419289,35.5922943284533,14029
0.544092689463879,35.2829987165012,14030
-0.148345603667883,35.5910556993575,14031
-0.144835265612453,35.5956868902492,14032
-0.146443756068174,35.5929936495852,14033
-0.148561653381849,35.5918214585205,14034
-0.129470774251189,35.6123623700309,14035
-0.137125311192658,35.5968571697252,14036
0.541964724677778,35.2822748266583,14037
-0.177050575688002,35.5741422106281,14038
-0.163892575024592,35.5883138560629,14039
0.520290016621016,35.2744126952002,14040
-0.158975201144768,35.5884302880981,14041
-0.1764442,35.6175375,14042
-0.167799568455282,35.6010605189494,14043
-0.1384446,35.5383658,14044
-0.1652962,35.5378896,14045
-0.1500181,35.5384604,14046
-0.1403266,35.5436,14047
-0.1370826,35.5421085,14048
-0.161358,35.5267029,14049
-0.1659225,35.5428114,14050
-0.1435398,35.5509828,14051
-0.1613799,35.5265754,14052
-0.1558228,35.5478248,14053
-0.1494441,35.5258301,14054
-0.1649485,35.5456016,14055
-0.1585536,35.5196971,14056
-0.1572373,35.5202527,14057
-0.1722551,35.5291728,14058
-0.1582609,35.520214,14059
-0.1619298,35.5258363,14060
-0.143606,35.5509903,14061
-0.1722301,35.5291046,14062
-0.1489537,35.5262622,14063
-0.1728875,35.5303433,14064
-0.1379774,35.536251,14065
-0.1571381,35.5362983,14066
-0.1390108,35.5386227,14067
-0.1700015,35.5426196,14068
-0.1619896,35.5258649,14069
-0.1686373,35.5423177,14070
-0.1373169,35.5400483,14071
-0.1580907,35.5502625,14072
-0.1673897,35.5414368,14073
-0.1601298,35.5261131,14074
-0.1690612,35.5433371,14075
-0.1580939,35.5505949,14076
-0.1650129,35.5457711,14077
-0.1564205,35.5354793,14078
-0.1576518,35.5193146,14079
-0.1438825,35.5509645,14080
-0.183992004641639,35.4275494010477,14081
-0.17870372357001,35.4342341997541,14082
-0.205074524337587,35.34222953509,14083
-0.177315801142699,35.4363447053037,14084
-0.184576458184698,35.426804192597,14085
-0.1216706,35.5418808,14086
-0.1227313,35.5269586,14087
-0.1053664,35.5275525,14088
-0.1246296,35.5283221,14089
-0.1225084,35.5270163,14090
-0.1100229,35.5313325,14091
-0.1132389,35.5207345,14092
-0.1218879,35.531242,14093
-0.1025025,35.5289707,14094
-0.1019726,35.5284355,14095
-0.1152363,35.5166825,14096
-0.1053771,35.5274636,14097
-0.1105016,35.5340264,14098
-0.1033242,35.5256157,14099
-0.1019246,35.5269384,14100
-0.1218515,35.5277346,14101
-0.1224806,35.5269589,14102
-0.1038026,35.5208716,14103
-0.1086839,35.5102166,14104
-0.1024836,35.5287365,14105
-0.1157914,35.5237813,14106
-0.1022725,35.5351939,14107
-0.1025352,35.5289956,14108
-0.1064871,35.5182872,14109
-0.1154574,35.5234142,14110
-0.1221137,35.5313614,14111
-0.1068566,35.5152026,14112
-0.1017363,35.5288391,14113
-0.1039744,35.5166668,14114
-0.1025571,35.527153,14115
-0.1064152,35.5156298,14116
-0.1126576,35.5208805,14117
-0.1023164,35.5350594,14118
-0.124563,35.5281789,14119
-0.1040694,35.5201673,14120
-0.1042511,35.5256545,14121
-0.1072518,35.5152029,14122
-0.1224859,35.5270048,14123
-0.1073969,35.5182411,14124
-0.1100445,35.5312598,14125
-0.1179625,35.5191102,14126
-0.1017995,35.5287837,14127
-0.1018538,35.5269674,14128
-0.1157311,35.5237414,14129
-0.1043711,35.5197805,14130
-0.1156426,35.5176964,14131
-0.1174215,35.5189611,14132
-0.1030748,35.522362,14133
-0.1164865,35.5194005,14134
-0.1036112,35.5204636,14135
-0.1219658,35.5312242,14136
-0.1105332,35.5338624,14137
-0.1152529,35.5166697,14138
-0.1038492,35.5086003,14139
-0.1053735,35.5274732,14140
-0.10163,35.5285692,14141
-0.1157467,35.5238246,14142
-0.1022987,35.5352279,14143
-0.1143241,35.5223971,14144
-0.1095675,35.5316647,14145
-0.1023375,35.5289289,14146
-0.148207750599444,35.4776422087219,14147
-0.138743308456605,35.4860055599112,14148
-0.164061998700976,35.5884233581392,14149
-0.139568439689207,35.4800846559605,14150
-0.1496107,35.4939401,14151
-0.147959193170491,35.4762617215534,14152
-0.149573,35.4940121,14153
0.528216728755102,35.2771564091934,14154
-0.216261133542602,35.3672086912289,14155
-0.211822636190471,35.3467734248123,14156
-0.218385444922127,35.3654583098087,14157
-0.239693269801136,35.3599372555002,14158
-0.241441699000012,35.3593284078246,14159
0.528377188679697,35.2777271451117,14160
-0.208958051475772,35.3475450417073,14161
-0.107747606770017,35.5474422022804,14162
-0.12457053473991,35.5740787621663,14163
-0.119389969347919,35.5584228439849,14164
-0.114749468141276,35.5582459989204,14165
-0.112340903211874,35.5637029744443,14166
-0.108232687483566,35.5618977858126,14167
-0.107361861403138,35.5364725291509,14168
-0.113350033866816,35.5535636411072,14169
-0.120853714043407,35.5562509873245,14170
-0.1765252,35.6175447,14171
-0.121938698069511,35.5594073367196,14172
-0.117847886679827,35.5525619781291,14173
-0.1766044,35.6175899,14174
-0.107912002368477,35.5473565885218,14175
-0.121640860363999,35.557012805567,14176
-0.108133974060681,35.5413426612093,14177
-0.106127905112531,35.5430759040227,14178
-0.106530438260852,35.5427877748963,14179
-0.108038008344349,35.5410113715047,14180
-0.164050677545809,35.5883704019437,14181
-0.106030986961983,35.5382162467058,14182
-0.117676308680419,35.557168253866,14183
-0.6060386,34.874511,14184
-0.586906,34.8728258,14185
-0.5850297,34.8715512,14186
-0.6049497,34.8744443,14187
-0.616742,34.7647999,14188
-0.6165295,34.7660413,14189
-0.6037701,34.7731653,14190
-0.631143867107977,34.7691424020496,14191
-0.634571539637081,34.7895083388215,14192
-0.633484112157021,34.7885728496981,14193
-0.631910051349108,34.7694505924823,14194
-0.630744479375326,34.7701344111493,14195
-0.644004812257786,34.8208824288701,14196
-0.640341761924637,34.8245095716996,14197
-0.556962593927645,34.7847815280622,14198
-0.543391099041415,34.7785288599416,14199
-0.556624037575745,34.7835653021576,14200
-0.543890368167094,34.7806032933638,14201
-0.544584079759384,34.7817315116726,14202
-0.545577031614771,34.7823042366154,14203
-0.544301018986781,34.781406229859,14204
-0.544230886179062,34.7813979716312,14205
-0.576617021286387,34.8166222540254,14206
-0.571597844122888,34.8138318990756,14207
-0.571911423822288,34.8139589604236,14208
-0.577415833450514,34.8131132185702,14209
-0.5656067,34.8351946,14210
-0.5799459,34.8309698,14211
-0.5811172,34.8317555,14212
-0.5804314,34.8309988,14213
-0.5811623,34.831757,14214
-0.5709768,34.8334903,14215
-0.5671147,34.8364524,14216
-0.5718037,34.8335384,14217
-0.5656308,34.8351082,14218
-0.59934062881631,34.856650986632,14219
-0.598900963146673,34.8601608103408,14220
-0.599969195421661,34.8602571009385,14221
-0.601107739280275,34.8589022773921,14222
-0.545600181840258,34.8326794807182,14223
-0.558509526224339,34.8185905637143,14224
-0.560652180850062,34.8228152119619,14225
-0.544465108651905,34.8322297727385,14226
-0.554369977140142,34.818586168519,14227
-0.560969260357412,34.8228039238621,14228
-0.555101219614008,34.8190323522809,14229
-0.560065268385976,34.8188255569784,14230
-0.545522432966947,34.8321628736316,14231
-0.539621528271016,34.7962445882777,14232
-0.556696066274863,34.7951247393121,14233
-0.540828031927332,34.7946204997521,14234
-0.556147859469605,34.7940606420169,14235
-0.539578846532022,34.7956234643029,14236
-0.529394745664348,34.7840906973225,14237
-0.533352271424456,34.79229586637,14238
-0.529085939232359,34.7843515292299,14239
-0.575948115090438,34.737584833617,14240
-0.573186162738558,34.7459599141983,14241
-0.572243646207747,34.7388638347486,14242
-0.573478924614486,34.7461724573142,14243
-0.575929215257699,34.7375528693431,14244
-0.573430900731854,34.7370260276162,14245
-0.57250901695917,34.7459272873391,14246
-0.5994738,34.8231122,14247
-0.5997203,34.8208125,14248
-0.6160884,34.804867,14249
-0.6062011,34.8241669,14250
-0.6081103,34.8235109,14251
-0.6110929,34.8085006,14252
-0.6071903,34.8246431,14253
-0.6152396,34.8039892,14254
0.796818528677245,34.9776549690519,14255
0.785864207904099,34.9894701921068,14256
0.784367378381295,35.0072441441207,14257
0.818451141264235,34.9896579144069,14258
0.842126399900192,34.9917015632612,14259
0.785790435107372,34.9893038590071,14260
0.820877987491416,34.9926099254941,14261
0.786673814303243,34.988334976827,14262
0.7704705,35.0902149,14263
0.7876292,35.0840679,14264
0.7767485,35.0755226,14265
0.7615697,35.0891798,14266
0.7693713,35.090584,14267
0.7708227,35.0907174,14268
0.7805741,35.0712411,14269
0.7868297,35.0845921,14270
0.7763937,35.073913,14271
0.776737,35.0739806,14272
0.7868163,35.0844848,14273
0.7615958,35.089066,14274
0.7771203,35.0754544,14275
0.7805793,35.0712528,14276
0.7399908,34.9989127,14277
0.7379605,34.9811673,14278
0.758117394088903,34.9149646984294,14279
0.7358497,34.9966521,14280
0.7399882,34.9989097,14281
0.7306001,34.9929051,14282
0.7307775,34.9928695,14283
0.730771,34.9928681,14284
0.7217337,35.0004253,14285
0.7250535,34.9907765,14286
0.725825191931395,34.9898283803396,14287
0.776632209821879,34.9640982663897,14288
0.754748545942847,34.8807840974306,14289
0.901891791179699,35.0884374382217,14290
0.696200811692124,35.120112078499,14291
0.697157094261416,34.7351814520714,14292
0.811568028770654,35.01247504671,14293
0.8167602,35.0267646,14294
0.69717972538691,34.7351868470517,14295
0.715706235019047,34.7556451708736,14296
0.696652009839454,34.7270435453887,14297
0.697184539901874,34.7352232814667,14298
0.80562878926812,35.0318833476038,14299
0.811704427868937,35.012269864479,14300
0.805676075676773,35.0318470049617,14301
0.805623177001155,35.0314917514043,14302
0.818831185420215,35.0264998781019,14303
0.8169242,35.0257377,14304
0.857346931464708,35.0839165311148,14305
0.858060200935682,35.0852380964066,14306
0.878350293338703,35.0911082887264,14307
0.86128093620658,35.0924017032419,14308
0.861309667141777,35.0922412535457,14309
0.85792145122515,35.0847711322009,14310
0.871705185249917,35.0879657431622,14311
0.882736633997305,35.0805356552599,14312
0.877477128194334,35.0904864808348,14313
0.88274552722111,35.0805400111531,14314
0.854014306263266,35.0814139084861,14315
0.745654746397932,35.0935353711149,14316
0.746609263066194,35.1445293395179,14317
0.732859956687804,35.088533874392,14318
0.740311225424945,35.0928665784543,14319
0.740216057147536,35.0927645727817,14320
0.745845812377396,35.1141655206031,14321
0.705242619126298,35.1044383866989,14322
0.756604383511838,35.0997153735277,14323
0.756513120634455,35.099383792246,14324
0.705395614151543,35.1039415244551,14325
0.745736967062,35.1146408460815,14326
0.763378166566745,35.0998279880455,14327
0.8648745,35.0187275,14328
0.8908394,34.9324223,14329
0.8909259,34.9324234,14330
0.8908755,34.9323727,14331
0.71036743294572,34.9773440873164,14332
0.7251686,34.9900607,14333
0.713227664866336,34.9873507770613,14334
0.7292325,34.9710075,14335
0.71326040896723,34.9873616532222,14336
0.763679737621807,35.0990778077584,14337
0.769169052302726,35.0971491731773,14338
0.7124884,34.9874396,14339
0.7247222,34.9777438,14340
0.7292369,34.9710192,14341
0.709312382604619,34.9793923356643,14342
0.7230575,34.9639968,14343
0.716778361043495,34.9751336651478,14344
0.740199963019224,35.0630734220576,14345
0.750709004770387,35.0573052529573,14346
0.747186591375333,35.0716306433294,14347
0.751369412436157,35.0695390726568,14348
0.757385772097243,35.0673425393732,14349
0.740315235918383,35.0630726504011,14350
0.740187672745219,35.0631150268607,14351
0.753133212996057,35.0575961547191,14352
0.749959088305125,35.0690050356319,14353
0.751349365359095,35.069382496735,14354
0.749565284922975,35.0683053640273,14355
0.748395823771105,35.0709787475563,14356
0.749845256249896,35.0682489671247,14357
0.743904692351431,35.0623829248006,14358
0.749447462675158,35.0689590655337,14359
0.7688174,34.945222,14360
0.774815953796803,34.9693754076822,14361
0.766846711308528,34.9677411320803,14362
0.778826983603899,34.9691698067701,14363
0.778724017093211,34.9689532551955,14364
0.7798812,34.9690353,14365
0.776864611239703,34.9690321058976,14366
0.781850904323789,34.9652831804044,14367
0.7798847,34.9690258,14368
0.767208133478884,34.9676456783321,14369
0.78185275023709,34.9653343866451,14370
0.775025783344268,34.9691998139575,14371
0.781776538239706,34.9790510874396,14372
0.8259598,35.0526158,14373
0.8306567,35.0713128,14374
0.8175902,35.0573304,14375
0.8225322,35.0703172,14376
0.8227922,35.0597869,14377
0.8207939,35.0696237,14378
0.8250519,35.0554288,14379
0.824961,35.0554695,14380
0.8146547,35.0651847,14381
0.82499,35.0554611,14382
0.8306081,35.0713275,14383
0.8296685,35.0735977,14384
0.8146627,35.0651839,14385
0.8227041,35.0596759,14386
0.8177366,35.0573106,14387
0.2844406,34.5880179,14388
0.2875368,34.5877465,14389
-0.774277297686857,34.9362851590526,14390
-0.7753629116065,34.9347730811467,14391
-0.774540934197612,34.9360188246419,14392
-0.716330910739789,34.8792185823152,14393
-0.725686258488384,34.8835143988489,14394
-0.6636704,34.7481194,14395
-0.726095110566696,34.8837125331144,14396
-0.715951133365101,34.8717929167694,14397
-0.716142208596881,34.8716662710091,14398
-0.731398792627666,34.9204596607796,14399
-0.72858711255744,34.9206754906694,14400
-0.729202804849077,34.9205229926067,14401
-0.728645963328974,34.9205237631696,14402
-0.77345317189304,34.9493007991842,14403
-0.764774615510702,34.9280869833462,14404
-0.764907427070245,34.9283561851159,14405
-0.772857342228353,34.9498738279623,14406
-0.764917105365635,34.9275047352809,14407
-0.776135838360568,34.8442263923302,14408
-0.77570255079123,34.8458565763841,14409
-0.775611047526539,34.8459489462652,14410
-0.735536569670029,34.9443585065418,14411
-0.736389053905819,34.945221695603,14412
-0.800541355403544,34.8694191046074,14413
-0.799972160259522,34.8675202440624,14414
-0.800179316376381,34.8675166959846,14415
-0.719639737306587,34.932004562846,14416
-0.727264093203746,34.9239070292712,14417
-0.720315615374254,34.9326705058127,14418
-0.727255205940427,34.9240185598538,14419
-0.726609751244682,35.0560635960057,14420
-0.728621289272034,35.0552749780651,14421
-0.728639486225114,35.0552636744871,14422
-0.727100434159025,35.0555211973645,14423
-0.752191305995364,35.0206322515368,14424
-0.72739437733705,34.8996176575265,14425
-0.727344677802855,34.8996331458038,14426
-0.729881263716691,34.9805911463383,14427
-0.733603217042129,34.9851967994724,14428
-0.750459691190271,34.9200054477809,14429
-0.750877187606484,34.9194867331269,14430
-0.750340686721839,34.9206146680709,14431
-0.787927017323645,34.9858091446252,14432
-0.797210350670081,35.0007441747684,14433
-0.797181995439625,35.0006744801783,14434
-0.787884035877776,34.9858135695159,14435
-0.789879730363885,34.9855795688202,14436
-0.692880438486314,34.8063382108531,14437
-0.693141303800869,34.8037285609962,14438
-0.700633364777135,34.7998306562548,14439
-0.6635707,34.7480762,14440
-0.692761366398332,34.8038119939475,14441
-0.6635552,34.7481442,14442
-0.70040913965334,34.8004380588968,14443
-0.692900607071606,34.8063527939138,14444
-0.699004847344735,34.986475191275,14445
-0.692402043646459,34.9903198690084,14446
-0.685567457815429,34.9948377712343,14447
-0.68540032334019,35.007562530785,14448
-0.686358250353732,35.006758404442,14449
-0.749850971928676,34.8466546493663,14450
-0.751953920918555,34.8502184842049,14451
-0.744354414281599,34.8594056534159,14452
-0.751940506967751,34.8502112726342,14453
0.5005396,34.8039068,14454
0.5022722,34.8001509,14455
0.4824325,34.8066073,14456
0.5005118,34.8034982,14457
0.4835366,34.8041249,14458
0.5010362,34.8027588,14459
0.4825401,34.8046298,14460
0.4836222,34.8066193,14461
0.5020475,34.8022042,14462
0.4471776,34.8537178,14463
0.5008931,34.8035989,14464
0.6100655,34.9077228,14465
0.6099764,34.9074258,14466
0.6064577,34.8981509,14467
0.6104587,34.9046945,14468
0.6484189,34.8786776,14469
0.6077361,34.9040044,14470
0.6073383,34.9051429,14471
0.486547,34.8830418,14472
0.4745455,34.9026448,14473
0.475095,34.9030466,14474
0.4668466,34.8750066,14475
0.4855608,34.9005518,14476
0.4672207,34.8746363,14477
0.4713953,34.8998871,14478
0.4851936,34.8837416,14479
0.4751686,34.9024563,14480
0.4726276,34.8995669,14481
0.4865034,34.9013933,14482
0.5417886,34.7769259,14483
0.5392128,34.7840611,14484
0.5388185,34.7877147,14485
0.5386527,34.7841811,14486
0.5413924,34.7759268,14487
0.5392695,34.7841479,14488
0.5393181,34.7866516,14489
0.5962669,34.8209316,14490
0.596768009534765,34.8200991272975,14491
0.57834293571505,34.8312680844723,14492
0.578009014825117,34.8312803597703,14493
0.595995607825948,34.8258252315761,14494
0.5776179,34.8283594,14495
0.5776916,34.8281838,14496
0.596701,34.8225294,14497
0.5808132,34.8542756,14498
0.5793703,34.8473344,14499
0.5789704,34.847641,14500
0.5883563,34.8423105,14501
0.5821618,34.8470768,14502
0.5883705,34.8415928,14503
0.579108835052544,34.8549076509467,14504
0.579945409558146,34.8539771943829,14505
0.586215756389493,34.8666207049638,14506
0.585800428528591,34.8667131454275,14507
0.4832802,34.7660108,14508
0.473207,34.770679,14509
0.4657702,34.7772971,14510
0.4604459,34.8072815,14511
0.4831808,34.7659181,14512
0.4580612,34.8084291,14513
0.4728291,34.772148,14514
0.4650726,34.7766721,14515
0.4826326,34.765778,14516
0.4597097,34.8084218,14517
0.6150244,34.9533302,14518
0.6135605,34.9111478,14519
0.6152267,34.9532199,14520
0.6091772,34.9249159,14521
0.6070287,34.9252737,14522
0.613834,34.9115153,14523
0.60692,34.9258338,14524
0.61739,34.9526098,14525
0.4551439,34.9043359,14526
0.4560174,34.8968051,14527
0.4700378,34.8816202,14528
0.4670351,34.8977903,14529
0.4554017,34.9027982,14530
0.4550757,34.8930997,14531
0.4465916,34.8788452,14532
0.469002,34.8814513,14533
0.4477726,34.8785322,14534
0.6506816,34.8587176,14535
0.6394264,34.8663796,14536
0.6508704,34.8588736,14537
0.6425731,34.8719739,14538
0.6390861,34.8548887,14539
0.6499451,34.8582378,14540
0.6390744,34.8549178,14541
0.6173484,34.8860001,14542
0.5203103,34.7616094,14543
0.519429,34.7613062,14544
0.5254518,34.7557671,14545
0.5248426,34.7550927,14546
0.5331904,34.7454345,14547
0.5340812,34.7447215,14548
0.5336719,34.7447264,14549
0.5255677,34.7559678,14550
0.5123343,34.7729738,14551
0.5083911,34.7860589,14552
0.5081369,34.7847283,14553
0.5287551,34.7805251,14554
0.5096238,34.7775664,14555
0.5048132,34.775405,14556
0.4673896,34.9000883,14557
0.508115,34.785233,14558
0.5046552,34.7762239,14559
0.5270625,34.7783598,14560
0.5158605,34.7778382,14561
0.5041201,34.7759836,14562
0.446661,34.8540813,14563
0.5272377,34.7793847,14564
0.5114929,34.7717173,14565
0.5233982,34.7739638,14566
0.4849031,34.7486127,14567
0.4976944,34.7587005,14568
0.5103309,34.7585206,14569
0.484663,34.7635734,14570
0.4858342,34.7097379,14571
0.485552,34.7627065,14572
0.5077656,34.7655471,14573
0.4850661,34.7476794,14574
0.5092104,34.7655646,14575
0.5108918,34.766949,14576
0.5116126,34.7658116,14577
0.4849116,34.7634418,14578
0.4872275,34.7630246,14579
0.5077656,34.7606613,14580
-1.02958683963925,34.5468477035012,14581
-1.00461658324686,34.542845081745,14582
-1.0259452932341,34.5208173231663,14583
-1.02978684118668,34.5482392425922,14584
-1.03070228862609,34.5476236541909,14585
-1.00468946578541,34.5430086621805,14586
-1.00374680823226,34.5439552663452,14587
-1.0341822918867,34.5309926983796,14588
-1.03454515926715,34.5310731546562,14589
-0.9926747,34.4031643,14590
-1.0236736,34.4402345,14591
-0.9917299,34.4024272,14592
-1.0191804,34.4354275,14593
-1.0245385,34.4404645,14594
-1.018789,34.4270655,14595
-1.0187905,34.4270553,14596
-1.0034067,34.3977183,14597
-1.0298987,34.4411018,14598
-1.0211398,34.4390547,14599
-1.0000623,34.4010744,14600
-1.0175753,34.428079,14601
-1.0190919,34.4354648,14602
-1.0168408,34.4358891,14603
-0.991427,34.4039484,14604
-1.0204992,34.4271412,14605
-1.0028591,34.3969685,14606
-1.0058073,34.3968199,14607
-1.018053,34.4368756,14608
-0.9979469,34.3985647,14609
-0.994643167157439,34.5067229770677,14610
-1.00080078838592,34.5221854782364,14611
-0.995682588608858,34.5300581073215,14612
-0.994552230501191,34.5065442352247,14613
-0.991557155172887,34.5319537752895,14614
-0.993266329068873,34.531210555018,14615
-1.00654373649162,34.527532119603,14616
-1.00677332342922,34.5273065521635,14617
-1.03465325309856,34.5325874927668,14618
-0.99087824724787,34.52147904663,14619
-1.0020441931646,34.521220433475,14620
-0.995367646677507,34.5057391278867,14621
-1.01073787436303,34.5288738986608,14622
-1.04685722509827,34.5087212052393,14623
-1.04185312337433,34.5243090194766,14624
-1.04702534529662,34.5087047078212,14625
-1.04258955532004,34.5236577584886,14626
-1.04296607403636,34.5246453394796,14627
-1.03197930598022,34.5116118005768,14628
-1.04701538110038,34.5088746141376,14629
-1.02905494985391,34.5100963236017,14630
-1.02880974941086,34.5098774242722,14631
-1.04629833580682,34.507932557251,14632
-1.02955002535297,34.5096748155294,14633
-0.9225281,34.3177735,14634
-0.962296173687727,34.2835260116026,14635
-0.94189769912472,34.2903617563401,14636
-0.9372736,34.3007732,14637
-0.9855211,34.4418279,14638
-0.9222739,34.3192994,14639
-0.9853944,34.4425624,14640
-0.9863611,34.4445553,14641
-0.9738506,34.2924634,14642
-0.9635316601768,34.2833963354387,14643
-0.9778327,34.2949189,14644
-0.663548814016299,34.7482619565092,14645
-0.9745718,34.2954902,14646
-0.922666,34.3186306,14647
-0.9225241,34.3178059,14648
-0.9773856,34.2988138,14649
-0.9766887,34.2970324,14650
-0.9756297,34.2956801,14651
-0.940835762074275,34.2994341529766,14652
-0.9756463,34.2937731,14653
-0.9419692,34.2990042,14654
-0.937972,34.2992392,14655
-0.934643750228901,34.295335509987,14656
-0.9778279,34.2948537,14657
-0.94116639845924,34.2984460019901,14658
-0.931879726692047,34.2943387389072,14659
-0.9752944,34.2956919,14660
-1.03142264861931,34.4889546893158,14661
-1.03958904066828,34.4832522554795,14662
-1.02725767658099,34.5027905933212,14663
-1.04065955939411,34.4842998417863,14664
-1.03941766507389,34.4731419685566,14665
-1.03662924569861,34.4851664006124,14666
-1.03957115278167,34.4728568718851,14667
-1.03707667675884,34.4856808420941,14668
-1.03929780205553,34.4740964857623,14669
-1.03077158504194,34.4897068775714,14670
-1.02701589675595,34.5026081142573,14671
-1.02961168052984,34.4890597725166,14672
-1.04047165606228,34.4832480424975,14673
-1.02644592738329,34.5026826620682,14674
-1.04336059449573,34.4615480736031,14675
-1.04974841075878,34.4525856656209,14676
-1.0434317735222,34.4614191617714,14677
-1.0211023164823,34.4553387813343,14678
-1.0214567660931,34.4547909321291,14679
-1.01756235681916,34.452900836175,14680
-1.05164603174258,34.4521120782716,14681
-1.04377848833834,34.450856609216,14682
-1.00972438198602,34.4602297168935,14683
-1.02061515288897,34.4555442931903,14684
-1.01414912089122,34.4721618001791,14685
-1.01395140659057,34.4717577813206,14686
-1.00980093348418,34.4604178352997,14687
-1.01412666155268,34.4714305371541,14688
-1.04270773498748,34.460714144656,14689
-1.01875710730104,34.4546328866887,14690
-1.00981217415507,34.4617798724496,14691
-1.0200661,34.3870611,14692
-1.0465482,34.3874962,14693
-1.0188689,34.3878056,14694
-1.0464149,34.3880631,14695
-1.0499399,34.3865789,14696
-1.0485707,34.3890165,14697
-1.0219872,34.3868146,14698
-1.0466785,34.3862658,14699
-0.9979514,34.3149765,14700
-0.985725,34.3146801,14701
-0.9884624,34.3132494,14702
-0.995327,34.3129139,14703
-0.9849848,34.3150542,14704
-0.9846941,34.3168095,14705
-0.9851833,34.3154114,14706
-0.9980549,34.3161639,14707
-0.9851335,34.3154629,14708
-1.0280215,34.3590388,14709
-1.0341276,34.3598783,14710
-1.0427148,34.3597372,14711
-1.0427235,34.3597147,14712
-1.0304776,34.358928,14713
-1.0239286,34.3564745,14714
-1.0424758,34.3603564,14715
-1.0341852,34.3598733,14716
-1.0399464,34.3573665,14717
-1.0405687,34.3568947,14718
-1.0278445,34.4191888,14719
-1.0188765,34.4079789,14720
-1.0162216,34.4040124,14721
-1.007592,34.3982278,14722
-1.0165317,34.4040324,14723
-1.03363806575881,34.4370391502745,14724
-1.0184468,34.4107056,14725
-1.0347406,34.4362301,14726
-1.0252673,34.4212279,14727
-1.0341229,34.4362039,14728
-1.0337666,34.4374957,14729
-1.0179583,34.4022881,14730
-1.0065613,34.3984341,14731
-1.0181078,34.4100935,14732
-1.0182524,34.4104192,14733
-1.0269746,34.4199959,14734
-1.0189161,34.4028344,14735
-1.0069435,34.3983534,14736
-1.0066387,34.3985037,14737
-0.9966512,34.3723214,14738
-1.0030385,34.3788699,14739
-1.0053371,34.3609207,14740
-1.0060128,34.362202,14741
-1.0042108,34.3713313,14742
-1.0063234,34.3588351,14743
-0.9967466,34.372285,14744
-0.9955256,34.3739194,14745
-1.0112633,34.3304673,14746
-1.0103653,34.3302932,14747
-1.0351648,34.3311194,14748
-1.044999,34.3490226,14749
-1.0420652,34.3490765,14750
-1.0360742,34.3320586,14751
-1.07513592759578,34.5385643837721,14752
-1.0860404,34.5269776,14753
-1.07267501810593,34.5148372840721,14754
-1.0869004,34.5279041,14755
-1.0860817,34.5270927,14756
-1.0755110979237,34.5376048130558,14757
-1.0705371,34.5198189,14758
-1.0668543,34.543674,14759
-1.0695977,34.5207581,14760
-1.0675911,34.5435893,14761
-1.07267543646669,34.514847259928,14762
-1.07507742594577,34.5376370676552,14763
-1.066875,34.5453003,14764
-1.07927182867873,34.5151382301505,14765
-1.07910843846974,34.5147553437485,14766
-1.07610272222176,34.5039453522059,14767
-1.07926626701321,34.5151289897537,14768
-1.0883277,34.5275802,14769
-1.0886621,34.5291611,14770
-1.07310949742932,34.504260843748,14771
-1.07367139835213,34.5040883068021,14772
-1.0690334,34.4949157,14773
-0.980879,34.342316,14774
-0.9403709,34.320584,14775
-0.9808646,34.3425931,14776
-0.9645572,34.3126511,14777
-0.9648322,34.3141361,14778
-0.9811369,34.3422991,14779
-0.9375013,34.320471,14780
-0.9807852,34.3420731,14781
0.304229306057096,34.5064559485763,14782
0.313036548905075,34.4922026898712,14783
0.312919411808252,34.5113402511925,14784
0.314969290047884,34.5133537519723,14785
0.316157089546323,34.5058945287019,14786
0.31464537139982,34.5137741044164,14787
0.302569479681552,34.4999516755342,14788
0.313755967654288,34.5073124952614,14789
0.3782777,34.5808053,14790
0.371368,34.5827621,14791
0.3711043,34.5826163,14792
0.312402416020632,34.5449840370566,14793
0.312884291633964,34.5414382405579,14794
0.31224915292114,34.5449341647327,14795
0.299004069529474,34.5306654833257,14796
0.311725535430014,34.5447767525911,14797
0.298741422593594,34.5312954671681,14798
0.299023641273379,34.529839027673,14799
0.302369864657521,34.5421740878373,14800
0.310211135074496,34.5316491834819,14801
0.283677969127894,34.5296912547201,14802
0.297100287862122,34.5251444913447,14803
0.2698205,34.5818271,14804
0.2817989,34.6080838,14805
0.2700402,34.5811934,14806
0.2858477,34.5970608,14807
0.2904814,34.5944785,14808
0.2706399,34.5816483,14809
0.290447,34.5910911,14810
0.2818124,34.6080759,14811
0.290834060870111,34.5889399107546,14812
0.2820472,34.607914,14813
0.2849848,34.5962059,14814
0.394003470428288,34.7248585056514,14815
0.3990659,34.7263376,14816
0.4005978,34.7294574,14817
0.395828043110669,34.7255370207131,14818
0.399168524891138,34.7213811893016,14819
0.3977251,34.7304613,14820
0.3986088,34.7254141,14821
0.3978036,34.7246219,14822
0.3994583,34.7304809,14823
0.343835391104221,34.5559293776751,14824
0.342981945723295,34.5512749906629,14825
0.349639356136322,34.5768879912794,14826
0.329918,34.4909919,14827
0.3152897,34.5622112,14828
0.2824629,34.5471276,14829
0.280284681357443,34.52924977988,14830
0.3155573,34.5629423,14831
0.287368856370449,34.5476679224521,14832
0.3803482,34.7336996,14833
0.384534,34.721299,14834
0.380149,34.732257,14835
0.3838619,34.7366847,14836
0.3799685,34.7322645,14837
0.3807522,34.737019,14838
0.379340504296124,34.7108389344066,14839
0.3871465,34.7343737,14840
0.3782103,34.7090427,14841
0.3790288,34.7104028,14842
0.2936459,34.5437601,14843
0.3871248,34.5596092,14844
0.3754516,34.5903578,14845
0.3792906,34.5911263,14846
0.3860278,34.5593199,14847
0.375363,34.5904081,14848
0.3868547,34.5596684,14849
0.3853972,34.5579354,14850
0.3724287,34.5972983,14851
0.3787551,34.5916663,14852
0.298284650780261,34.5416586007923,14853
0.296068894676864,34.5421262271702,14854
0.298280878923833,34.5416619535536,14855
0.2836906,34.5987617,14856
0.338505422696471,34.573535984382,14857
0.2938611,34.5432508,14858
0.353122036904097,34.567740065977,14859
0.3429151,34.5510209,14860
0.342393242754042,34.5739120803773,14861
0.341767072677612,34.5737601164728,14862
0.343694281764328,34.5568454358727,14863
0.354925906285644,34.568059919402,14864
0.343964849598706,34.5503545738757,14865
0.4505572,34.3056556,14866
0.311695612035692,34.5541840977967,14867
0.2932015,34.5428335,14868
0.408613117356137,34.3458012536959,14869
0.277075502090156,34.5409403555095,14870
0.408609150468731,34.345806665977,14871
0.277027641423047,34.5409219991416,14872
0.278108362108469,34.540058998391,14873
0.478485640091184,34.1647924688839,14874
0.4483274,34.2508647,14875
0.477499995361131,34.1318459517992,14876
0.476074295045141,34.1314570079301,14877
0.470006547252292,34.1077471867826,14878
0.479676454096114,34.1237273212172,14879
0.479053268136145,34.1232434307249,14880
0.470224169500925,34.1075938100852,14881
0.427896402263568,34.2258150420162,14882
0.438689894966398,34.2326116547962,14883
0.428545235699435,34.2267054449734,14884
0.433821251199269,34.2294450057872,14885
0.432970646031433,34.227913970182,14886
0.428474911879537,34.2260175934673,14887
0.3870409,34.3700395,14888
0.3690775,34.3880376,14889
0.3664732,34.3787396,14890
0.3698634,34.3878723,14891
0.3678994,34.3783772,14892
0.3766645,34.383256,14893
0.4062742,34.3490909,14894
0.396718,34.3633421,14895
0.3545476,34.3162065,14896
0.359168,34.3034179,14897
0.3557281,34.3166527,14898
0.3538615,34.3235399,14899
0.3583806,34.3101518,14900
0.3302479,34.3077699,14901
0.3596458,34.3133998,14902
0.3618242,34.2949112,14903
0.3619977,34.2940276,14904
0.3594554,34.3039693,14905
0.3549196,34.3166947,14906
0.3545989,34.3236916,14907
0.3639494,34.2996664,14908
0.3857879,34.3489036,14909
0.3309366,34.3081027,14910
0.385788,34.3489036,14911
0.3816688,34.3533457,14912
0.330908,34.3079867,14913
0.3875239,34.3600163,14914
0.3613253,34.3996784,14915
0.4026378,34.3259314,14916
0.3306057,34.308178,14917
0.449313803107704,34.110609898009,14918
0.449265765009894,34.1106656744562,14919
0.455176933805931,34.1206484579623,14920
0.45017266983425,34.115169693579,14921
0.450145977518013,34.1151653646436,14922
0.3916567,34.3241036,14923
0.3740006,34.3205647,14924
0.3852848,34.3233598,14925
0.3880685,34.3182245,14926
0.3882924,34.322436,14927
0.3919067,34.3250095,14928
0.3308353,34.3081294,14929
0.3887975,34.3159396,14930
0.3841435,34.3192164,14931
0.3911843,34.3247087,14932
0.3727521,34.3216858,14933
0.3731522,34.3214645,14934
0.3852798,34.3233577,14935
0.3840116,34.3195486,14936
0.38731,34.3219443,14937
0.45520126952951,34.1207345860091,14938
0.462425352507318,34.2240281449112,14939
0.453080676384012,34.2215258677833,14940
0.451768782049664,34.2426542991598,14941
0.452886944128601,34.2215802971641,14942
0.46273704680862,34.2220874090036,14943
0.3307557,34.3079338,14944
0.4148575,34.3353757,14945
0.4082352,34.3359706,14946
0.3308877,34.3080511,14947
0.4148626,34.3353774,14948
0.3306287,34.3079349,14949
0.3309247,34.3080603,14950
0.4075624,34.3306969,14951
0.4092806,34.3360806,14952
0.3308873,34.3080526,14953
0.4092712,34.3360814,14954
0.3308386,34.3080628,14955
0.3309006,34.3080734,14956
0.330881,34.3080543,14957
0.455139232947161,34.1206451651949,14958
0.438137389037419,34.2852683456494,14959
0.455135350401507,34.1205529015262,14960
0.458788375497842,34.2863355483814,14961
0.457278213951848,34.1635958216852,14962
0.436617622991413,34.2850497137913,14963
0.446306686509346,34.3042156057484,14964
0.447521287311727,34.3028577370591,14965
0.462803859064568,34.2890126849913,14966
0.438015989095833,34.2851830735674,14967
0.454080101269645,34.2965978329812,14968
0.4558883,34.1209352,14969
0.4146414,34.2825357,14970
0.4126211,34.2797226,14971
0.4559395,34.1220709,14972
0.42042706168897,34.2511986066485,14973
0.419086162762487,34.2498009937281,14974
0.419556569183631,34.2508086498868,14975
0.4564307,34.1217231,14976
0.4297198,34.2563411,14977
0.4280471,34.2567612,14978
0.4239585,34.2615945,14979
0.4234958,34.2607215,14980
0.4224903,34.2647577,14981
0.421036,34.2777364,14982
0.4224188,34.2791388,14983
0.4217584,34.2649245,14984
0.455192857873744,34.120680381717,14985
0.455219003644733,34.1206114366512,14986
0.455186269321901,34.1208253641445,14987
0.455127617504369,34.1207697594458,14988
0.455107473491383,34.1206032758902,14989
0.450406553354754,34.1153737015159,14990
0.450350194173652,34.1154188900862,14991
0.386941446392153,34.2560726897462,14992
0.393894820694159,34.251849045707,14993
0.406426516506901,34.2678268273037,14994
0.406019940700646,34.2460182202797,14995
0.481893481983702,34.2692618127205,14996
0.482404279547549,34.2681383869276,14997
0.474638952194103,34.2561236944075,14998
0.487108069426739,34.2543946926296,14999
0.455272586303058,34.1207406703053,15000
0.473606109605608,34.259933536996,15001
0.4002363,34.3016727,15002
0.4010999,34.2985128,15003
0.398191,34.3167077,15004
0.4267317,34.2946643,15005
0.3990484,34.3133999,15006
0.4177343,34.294686,15007
0.420361,34.3103185,15008
0.3975898,34.2827204,15009
0.4177099,34.2953826,15010
0.4205834,34.3190593,15011
0.419393,34.2960645,15012
0.4013132,34.2989449,15013
0.4197696,34.3110113,15014
0.4180008,34.3176157,15015
0.4262201,34.2918321,15016
0.4197904,34.3124018,15017
0.4200979,34.311091,15018
0.3975936,34.2827172,15019
0.4344548,34.3123931,15020
0.3309009,34.3079853,15021
0.4262416,34.316391,15022
0.4444922,34.3080762,15023
0.4474823,34.3070989,15024
0.4352511,34.3130002,15025
0.4260428,34.3166242,15026
0.4213848,34.3181364,15027
0.434331837350366,34.2491397887758,15028
0.419775193481966,34.2365479872143,15029
0.455058537254659,34.1206335080569,15030
0.418143742776464,34.2357822934097,15031
0.418147906907181,34.2358156592298,15032
0.436080299657181,34.2380962622125,15033
0.3987355,34.359922,15034
0.393351,34.3655897,15035
0.3308074,34.3080436,15036
0.3914448,34.3696148,15037
0.3308455,34.3080589,15038
0.3849672,34.3719337,15039
0.401853,34.360954,15040
0.3815193,34.3667268,15041
0.3308362,34.3080943,15042
0.392423,34.3639879,15043
0.3850895,34.3736168,15044
0.3308316,34.308049,15045
0.4003608,34.360344,15046
0.492373957554733,34.2392652003636,15047
0.478915356316121,34.2058355248553,15048
0.477796213424553,34.2074459842687,15049
0.493831030527702,34.237353145444,15050
0.492602046100235,34.2395105384692,15051
0.455195429552427,34.1206705924038,15052
0.453147664142995,34.2099172896516,15053
0.453886918419587,34.2099401762921,15054
0.500025092542263,34.249744372809,15055
0.484436847550246,34.2318013779347,15056
0.479119494256045,34.2060418495545,15057
0.8203256,34.9341263,15058
0.8512926,34.9393269,15059
0.8191766,34.9349017,15060
0.8509896,34.9403242,15061
0.8121587,34.9383197,15062
0.8290999,34.9295406,15063
0.8331102,34.945342,15064
0.8330709,34.9453057,15065
0.8509571,34.9403063,15066
0.8331226,34.930191,15067
0.819398,34.9349298,15068
0.8377231,34.9404373,15069
0.8328058,34.9465617,15070
0.8736908,34.8906526,15071
0.9819412,34.9062786,15072
0.9831582,34.9058079,15073
0.9820176,34.9045359,15074
0.9832228,34.905708,15075
0.982129,34.906567,15076
0.982174,34.9064507,15077
0.9991078,34.9271583,15078
0.9820018,34.9046052,15079
1.0379565,34.8469018,15080
1.0180305,34.826709,15081
1.0185718,34.8262805,15082
1.0184709,34.8208517,15083
1.0482106,34.8202527,15084
1.0957495,34.7939152,15085
1.0952693,34.7894487,15086
1.0462552,34.8131512,15087
1.0443972,34.8093874,15088
1.0100166,34.8515347,15089
1.0194922,34.8434511,15090
1.01865,34.842846,15091
1.0191304,34.8425851,15092
1.0190383,34.843724,15093
1.0914123,34.7632533,15094
1.0930929,34.7559774,15095
1.0893775,34.7634668,15096
1.0926611,34.7555165,15097
0.9808754,34.8888928,15098
0.9805857,34.8893328,15099
0.8910299,34.9323506,15100
0.9925243,34.8970149,15101
0.9922865,34.8969507,15102
0.8910031,34.9323488,15103
0.9807624,34.8888793,15104
0.9783179,34.8630289,15105
0.9783302,34.894663,15106
0.9924789,34.8969827,15107
0.9783219,34.8630058,15108
1.1323634,34.7903867,15109
1.1314863,34.7903988,15110
0.890808,34.9325021,15111
0.9800661,34.9066457,15112
0.9974815,34.9277823,15113
0.9684633,34.9322882,15114
0.9684929,34.9324186,15115
0.9821662,34.9063635,15116
0.9722404,34.9336104,15117
0.950043,34.9420057,15118
0.9356645,34.9353981,15119
0.9496863,34.9416439,15120
0.8845701,34.9134648,15121
0.9497916,34.9395597,15122
0.9501855,34.9401111,15123
0.9500641,34.9400678,15124
0.9497799,34.9416641,15125
0.8911177,34.9324993,15126
0.9371442,34.9430295,15127
0.7878903,34.8939396,15128
0.7933302,34.9028745,15129
0.7880156,34.8943363,15130
0.7841268,34.8998099,15131
0.804198,34.8945985,15132
0.7864343,34.8945222,15133
0.8040528,34.8945141,15134
0.7864474,34.8945799,15135
0.7872299,34.8945924,15136
0.8040585,34.894498,15137
0.7841267,34.9000575,15138
0.804175,34.8946102,15139
0.7812442,34.9025972,15140
0.7933131,34.9028726,15141
1.0724344,34.9652169,15142
1.0749978,34.9630932,15143
1.0721451,34.9655061,15144
1.0724267,34.9654052,15145
1.0753701,34.9632426,15146
1.0760842,34.9640486,15147
1.0739614,34.9662098,15148
1.0664094,34.9793561,15149
1.0757572,34.9618172,15150
1.0761124,34.9640931,15151
1.0742445,34.9689079,15152
0.8876272,34.890555,15153
0.8861564,34.8875217,15154
0.8638462,34.8714746,15155
0.8819239,34.8898208,15156
0.8876628,34.8885855,15157
0.8863178,34.8928463,15158
0.8861268,34.8875393,15159
0.9393562,34.948069,15160
0.8967477,34.9795619,15161
0.8943232,34.9737655,15162
0.8909677,34.9324059,15163
0.8968821,34.9795544,15164
0.8963732,34.9724935,15165
0.8965789,34.9722792,15166
0.8843583,34.9559536,15167
0.8943252,34.9737954,15168
0.8841779,34.9559108,15169
1.1183213,34.8083289,15170
1.1230568,34.8024967,15171
1.1181759,34.8083209,15172
1.1117063,34.7990004,15173
1.1224809,34.8014346,15174
1.1133627,34.7983349,15175
1.1121248,34.7992785,15176
1.1224753,34.801436,15177
1.1224792,34.8014359,15178
1.1183197,34.8083259,15179
1.1117738,34.7990278,15180
0.8924378,34.8940446,15181
0.8870107,34.9075628,15182
0.8892515,34.8983614,15183
0.8870809,34.9071541,15184
0.8348766,34.8612271,15185
0.8836015,34.9135534,15186
0.8913569,34.8926927,15187
0.8913142,34.8927164,15188
0.8828021,34.9144553,15189
0.8879142,34.8917238,15190
0.8763853,34.8956508,15191
0.8880738,34.9009879,15192
0.9113665,34.8816034,15193
0.887948,34.9009175,15194
0.9303064,34.9262906,15195
0.9276251,34.9161347,15196
0.9242437,34.9436533,15197
0.9342812,34.9257277,15198
0.9311442,34.9249555,15199
0.9276724,34.9081461,15200
0.9276643,34.9081833,15201
0.9342958,34.9257058,15202
0.950104,34.9534024,15203
0.9283456,34.9188641,15204
0.9310903,34.9255254,15205
0.927847,34.9161335,15206
0.8289392,34.8894723,15207
0.8153951,34.9102487,15208
0.8284044,34.8930659,15209
0.8140202,34.9105991,15210
0.8139331,34.9105525,15211
0.8892945,34.8983288,15212
0.8284794,34.8931405,15213
0.8334809,34.9105725,15214
0.8142899,34.9101089,15215
0.8153965,34.9102392,15216
0.8320391,34.9116953,15217
0.8323766,34.9124169,15218
0.8320594,34.9116962,15219
0.8183473,34.9102412,15220
0.8303009,35.0180783,15221
0.8217836,35.0060932,15222
0.8238327,35.0039884,15223
0.8231842,34.995237,15224
0.824259,35.0120926,15225
0.8080565,34.9932942,15226
0.8259991,34.9919402,15227
0.8216843,35.006112,15228
0.8080578,34.9932934,15229
0.8265069,34.9902427,15230
0.8252251,35.0135507,15231
0.824072,35.0032984,15232
0.8253813,35.0134689,15233
0.8231859,34.9952355,15234
0.9878543,34.9634478,15235
0.9942998,34.9535994,15236
0.9962977,34.9547524,15237
1.0146459,34.9846233,15238
0.9764165,34.9039918,15239
0.9747014,34.8935493,15240
0.9770548,34.9026103,15241
0.8908353,34.93235,15242
0.9512182,34.8720186,15243
0.9522738,34.8720319,15244
0.8888177,34.933389,15245
0.9249897,35.0206951,15246
0.9265528,35.0193578,15247
0.926304,35.0185818,15248
0.8911684,34.9326551,15249
0.9273926,35.018136,15250
0.922451,35.0212794,15251
0.9120222,35.0201815,15252
0.9124297,35.0201193,15253
0.911108,35.0198251,15254
1.1130072,34.8104509,15255
0.9018833,35.0478402,15256
0.9020084,35.0478753,15257
0.9018982,35.0478591,15258
0.9359908,35.0386407,15259
0.9366663,35.0385907,15260
-0.5839693,34.9853337,15261
-0.5694236,34.9793543,15262
-0.570589,34.9780567,15263
-0.5844371,34.9854504,15264
-0.5410414,34.9997308,15265
-0.5539493,35.0211444,15266
-0.5533046,35.0232972,15267
-0.5409737,34.9996574,15268
-0.5540136,35.0268569,15269
-0.5541606,35.0264407,15270
-0.4992056,35.0324661,15271
-0.4982856,35.0327029,15272
-0.498662,35.0327874,15273
-0.493852,35.004071,15274
-0.4932917,35.0095711,15275
-0.4957642,35.0199815,15276
-0.4964383,35.0195994,15277
-0.4897553,35.003493,15278
-0.4765058,34.9703363,15279
-0.479602,34.9713901,15280
-0.4762097,34.9703974,15281
-0.4758173,34.9722112,15282
-0.4800617,34.9716355,15283
-0.4740188,34.9799273,15284
-0.4745787,34.9784503,15285
-0.5878527,34.9465618,15286
-0.5724181,34.9480395,15287
-0.5829473,34.9415328,15288
-0.5835926,34.9410241,15289
-0.5731213,34.9476349,15290
-0.5877834,34.9465271,15291
-0.5740655,34.9482511,15292
-0.585396,34.9392136,15293
-0.5388485,35.0260943,15294
-0.538342,35.0260634,15295
-0.5372891,35.0259617,15296
-0.5386598,35.0330264,15297
-0.518933,35.0232557,15298
-0.518716,35.02285,15299
-0.5417764,35.0309409,15300
-0.5658908,34.994976,15301
-0.5474935,34.989912,15302
-0.5654929,34.9962559,15303
-0.5484742,34.9904768,15304
-0.65895,34.8743325,15305
-0.6581344,34.8745511,15306
-0.492674,35.0308844,15307
-0.493659,35.0329707,15308
-0.3767506,35.0279875,15309
-0.3772308,35.028247,15310
-0.3727713,35.0299533,15311
-0.4939045,35.0321213,15312
-0.3720393,35.0296443,15313
-0.3754712,35.0288252,15314
-0.5932306,34.9271929,15315
-0.5868348,34.9251387,15316
-0.6702431,35.0520895,15317
-0.6704919,35.052254,15318
-0.6905341,35.0740518,15319
-0.6823673,35.0367967,15320
-0.6906513,35.0740078,15321
-0.6906023,35.0738938,15322
-0.6891465,35.0383906,15323
-0.6890666,35.0384334,15324
-0.510921,34.9347016,15325
-0.5057477,34.9396355,15326
-0.5127037,34.9373167,15327
-0.5181748,34.9432548,15328
-0.5203916,34.9464652,15329
-0.5045681,34.9397752,15330
-0.5115198,34.9348324,15331
-0.512241,34.9400311,15332
-0.510644,34.9442535,15333
-0.5200714,34.9489814,15334
-0.5062557,34.945636,15335
-0.5178526,34.942691,15336
-0.505251,34.9447795,15337
-0.5771355,35.0326751,15338
-0.5725716,35.0240288,15339
-0.5774652,35.0322824,15340
-0.5727115,35.0239829,15341
-0.5764842,35.0292937,15342
-0.6694227,34.913883,15343
-0.5013557,34.941908,15344
-0.4853477,34.9431015,15345
-0.6637464,34.7483978,15346
-0.4848897,34.9433831,15347
-0.4913478,34.958727,15348
-0.4995174,34.9416389,15349
-0.4846613,34.9436793,15350
-0.4843599,34.9435012,15351
-0.484122,34.9619766,15352
-0.4796905,34.9747615,15353
-0.4836413,34.9774392,15354
-0.488088,34.9905414,15355
-0.4833957,34.9670587,15356
-0.4849485,34.9774635,15357
-0.4831198,34.9622652,15358
-0.4832201,34.9678982,15359
-0.5655804,34.9514373,15360
-0.5587848,34.95461,15361
-0.5587447,34.9547613,15362
-0.5659358,34.9511103,15363
-0.5624522,34.9600024,15364
-0.5582624,34.9635975,15365
-0.5397404,34.956601,15366
-0.558964,34.9626093,15367
-0.5475082,34.9636253,15368
-0.5585772,34.9625747,15369
-0.55684,34.9580606,15370
-0.556309,34.9585048,15371
-0.5615026,34.9600103,15372
-0.6339325,35.0010008,15373
-0.6342986,35.0011577,15374
-0.6114961,34.9715154,15375
-0.6346525,35.0020427,15376
-0.611263,34.9714681,15377
-0.6021961,34.9797886,15378
-0.6039346,34.9810766,15379
-0.6686623,34.9363946,15380
-0.669728,34.9365696,15381
-0.6676095,34.9372904,15382
-0.2991274,35.0281585,15383
-0.2924023,35.0337838,15384
-0.2923721,35.0339162,15385
-0.3079551,35.0266235,15386
-0.385065921848023,34.9139533619253,15387
-0.372295213022397,34.9044028391434,15388
-0.384476663417043,34.9132647923678,15389
-0.382804779261545,34.8976155682033,15390
-0.375473367033945,34.9084903968157,15391
-0.383147858815663,34.8961073834847,15392
-0.384651514481783,34.8976890365044,15393
-0.383543747825621,34.8962660230811,15394
-0.2585587,34.9667688,15395
-0.258569,34.96832,15396
-0.3191238,34.8571395,15397
-0.3242384,34.8637329,15398
-0.325137,34.8634007,15399
-0.316440716118071,34.9200106121652,15400
-0.316691254211205,34.9200587000464,15401
-0.316788786142057,34.9204991148409,15402
-0.317940016119918,34.9212904353936,15403
-1.0000697,34.4005984,15404
-0.4009404,34.7287153,15405
-0.3648794,34.7100258,15406
-0.4003221,34.7268397,15407
-0.3822069,34.6946259,15408
-0.3614266,34.7073573,15409
-0.3686691,34.7394175,15410
-0.3847104,34.6989975,15411
-0.3728873,34.7398577,15412
-0.4006829,34.7271626,15413
-0.3699063,34.7401129,15414
-0.3588133,34.710649,15415
-0.5031476,34.7256722,15416
-0.495895,34.7306351,15417
-0.492988,34.7304591,15418
-0.5055424,34.716071,15419
-0.4761724,34.7271444,15420
-0.4955091,34.7393625,15421
-0.4957919,34.7393452,15422
-0.4963159,34.7292745,15423
-0.5057495,34.7156205,15424
-0.5025216,34.7251778,15425
-0.5051377,34.716024,15426
-0.4733917,34.7297076,15427
-0.4063322,34.7758329,15428
-0.545257214821362,34.7417678700835,15429
-0.543870891442457,34.741281037431,15430
-0.550610127627561,34.7552859014129,15431
-0.552143155263322,34.7294852806659,15432
-0.566912231213295,34.727990360053,15433
-0.560479325674574,34.7353092095348,15434
-0.566560182985752,34.7291084094977,15435
-0.552581322782341,34.7302770798947,15436
-0.560564840055453,34.7399357342368,15437
-0.536625786837952,34.7490897003743,15438
-0.552957425938752,34.7570841250374,15439
-0.566522737476078,34.7329083624668,15440
-0.534061912381811,34.7290828431897,15441
-0.536744916296242,34.7297444719018,15442
-0.541684845499263,34.7299194934835,15443
-0.554138816250206,34.738509017834,15444
-0.531471422520099,34.7242980125878,15445
-0.531391923248544,34.7246571738385,15446
-0.451212533400524,34.7323086820515,15447
-0.434335370119342,34.7277287096205,15448
-0.45218340257804,34.7308183484624,15449
-0.464458479158371,34.7245431227222,15450
-0.425015776729204,34.7323857159311,15451
-0.424706181359733,34.7327757658179,15452
-0.452166356318003,34.7308648226471,15453
-0.442608629305214,34.7034780254258,15454
-0.467346954641946,34.7232746866657,15455
-0.459312446234757,34.7298939425133,15456
-0.445268994117912,34.707987792992,15457
-0.6847336,34.7759606,15458
-0.433545400218181,34.728516171858,15459
-0.441553143526625,34.7012203204483,15460
-0.442850084406259,34.6999523836353,15461
-0.446060143380221,34.7025524900658,15462
-0.44592640607459,34.7028099460571,15463
-0.442382086469046,34.7046817932348,15464
-0.451366979303229,34.7066174259845,15465
-0.383725,34.7837463,15466
-0.3730161,34.7802855,15467
-0.3616689,34.7529129,15468
-0.511980285747138,34.734441418348,15469
-0.532834283020756,34.7532931398961,15470
-0.533792554424131,34.7525576110541,15471
-0.514964939790029,34.7603871939583,15472
-0.532005973595412,34.7539099630388,15473
-0.536055227952827,34.7492452510655,15474
-0.535835358774579,34.7491810962311,15475
-0.4359402,34.8028551,15476
-0.4361138,34.8025272,15477
-0.4364325,34.8031213,15478
-0.4381893,34.8018533,15479
-0.4382797,34.8019897,15480
-0.4350167,34.8029473,15481
-0.4358386,34.8028476,15482
-0.4263359,34.7956174,15483
-0.4355296,34.8027045,15484
-0.424854,34.7952589,15485
-0.495145,34.7385306,15486
-0.4036329,34.7672335,15487
-0.4125809,34.7475104,15488
-0.4080377,34.7726223,15489
-0.404303,34.7668702,15490
-0.4021998,34.7678269,15491
-0.4124398,34.7732339,15492
-0.4117201,34.7448422,15493
-0.4130978,34.7732667,15494
-0.742580388138953,34.3988525827032,15495
-0.740895558894798,34.3976478212939,15496
-0.742491136138515,34.3986299293603,15497
-0.741565437949632,34.4012804902795,15498
-0.699254365806929,34.3808044953493,15499
-0.695870790500131,34.3769958891069,15500
-0.69389618065988,34.3771796277819,15501
-0.738560502794491,34.6088575767676,15502
-0.74002744248932,34.6079828519805,15503
-0.732682967842181,34.6018383475809,15504
-0.732260381230992,34.6031047925121,15505
-0.739369466975202,34.6074595385027,15506
-0.732579959668129,34.6027134625446,15507
-0.60025445342707,34.4835092032742,15508
-0.625706038338423,34.4968064655252,15509
-0.587585331891021,34.4882212009701,15510
-0.609448328851344,34.4853255787,15511
-0.598119631484157,34.4870063268558,15512
-0.606053929823946,34.4929055714882,15513
-0.606154773706332,34.4932417746961,15514
-0.606052461618584,34.4931828071405,15515
-0.62505392204254,34.4968484176616,15516
-0.584920475481235,34.4867030951041,15517
-0.628756065009314,34.4971802898949,15518
-0.588291097914067,34.4893343109135,15519
-0.633821,34.5769695,15520
-0.6718262,34.589674,15521
-0.6636635,34.7482575,15522
-0.6718026,34.5896482,15523
-0.666002,34.5898063,15524
-0.634476,34.5776651,15525
-0.6348337,34.5775894,15526
-0.6338281,34.5769412,15527
-0.7566077,34.6022131,15528
-0.7538082,34.5492792,15529
-0.73892,34.5614688,15530
-0.7554447,34.54629,15531
-0.7388541,34.5614725,15532
-0.7537942,34.5491672,15533
-0.7396116,34.5602706,15534
-0.7555282,34.5467954,15535
-0.680331459989623,34.4785888778126,15536
-0.672605694195252,34.4991644567903,15537
-0.682388733146022,34.4837052652743,15538
-0.672709733485778,34.5001108331404,15539
-0.685728568099763,34.4892638334134,15540
-0.67298983220362,34.4991288257619,15541
-0.68496344008765,34.4893632865389,15542
-0.680685791092167,34.4785939322211,15543
-0.737960835764132,34.5191374455494,15544
-0.738167413751126,34.5192336151203,15545
-0.743813204069351,34.5150910590204,15546
-0.742266497251562,34.5129756850688,15547
-0.738583243903754,34.5196152217767,15548
-0.742535453164119,34.5157298704678,15549
-0.73217156147145,34.5195815108616,15550
-0.743750680061891,34.5148693696898,15551
-0.73329929217453,34.5196171724693,15552
-0.711843159169952,34.3390474804552,15553
-0.714785006230085,34.3387790905173,15554
-0.715158568910367,34.3387784662033,15555
-0.773669554205775,34.4426521825276,15556
-0.77647873653449,34.4416380297435,15557
-0.77486629067181,34.4420998670774,15558
-0.776631274853862,34.441590269232,15559
-0.769035809909933,34.4788022826799,15560
-0.777049896707033,34.4417708671559,15561
-0.775942812596971,34.4450609279141,15562
-0.763312328968899,34.4791750745528,15563
-0.76886425121977,34.4783969216468,15564
-0.637256408495618,34.4932771991716,15565
-0.556554369689961,34.4908075309751,15566
-0.626628852971662,34.4806265174621,15567
-0.63650694629765,34.492603877176,15568
-0.60523237527063,34.515020626264,15569
-0.626414240820138,34.4798179823023,15570
-0.618638958684647,34.5047664890638,15571
-0.621632685867934,34.5089905936709,15572
-0.635283794837097,34.4896922304732,15573
-0.598191958453975,34.5172691592596,15574
-0.637469964502599,34.4935370132131,15575
-0.555155749779226,34.4908921797147,15576
-0.619660485251938,34.5074055068576,15577
-0.6995452,34.518013,15578
-0.6928836,34.5159911,15579
-0.7155736,34.4975886,15580
-0.6966578,34.5158965,15581
-0.6995406,34.5179273,15582
-0.7164864,34.5036404,15583
-0.7164353,34.4969082,15584
-0.6960468,34.5157599,15585
-0.7163194,34.5030701,15586
-0.7201613,34.4967264,15587
-0.7075124,34.5301327,15588
-0.691898,34.5533186,15589
-0.707477,34.5302124,15590
-0.6926202,34.5536734,15591
-0.6926094,34.5535901,15592
-0.7066308,34.5328725,15593
-0.7070247,34.5310021,15594
-0.6852245,34.6012999,15595
-0.6745229,34.6338541,15596
-0.6849529,34.6000159,15597
-0.6852606,34.5989957,15598
-0.6958241,34.6325678,15599
-0.6852599,34.599955,15600
-0.6745871,34.633851,15601
-0.6738404,34.6333851,15602
-0.6851364,34.6013889,15603
-0.6962791,34.6372269,15604
-0.6854259,34.5993748,15605
-0.7433618,34.6264931,15606
-0.7300685,34.5635858,15607
-0.7306846,34.563218,15608
-0.7307627,34.5634026,15609
-0.7372416,34.6003681,15610
-0.7431088,34.6261336,15611
-0.7390374,34.5980645,15612
-0.7794128,34.3007462,15613
-0.7643392,34.2870637,15614
-0.7619653,34.2886648,15615
-0.7612922,34.2888283,15616
-0.777265857182262,34.3022069018769,15617
-0.777595733050425,34.3013842718373,15618
-0.7792841,34.301044,15619
-0.7791504,34.300433,15620
-0.7643649,34.287174,15621
-0.777836922630095,34.3031792494897,15622
0.847925898329409,34.8169639644913,15623
1.02213148677968,34.9808487178565,15624
0.833339079693093,34.8246528149434,15625
0.847952471981978,34.8047382215221,15626
0.848259706876932,34.8175624835745,15627
0.851858599186634,34.8040062022105,15628
0.853697611481757,34.7987458261439,15629
1.02234410537797,34.980697682732,15630
0.867241470132452,34.8264960812777,15631
0.876480483915954,34.8555997155015,15632
1.02217292360486,34.9811958036714,15633
0.867581115176187,34.8479274690792,15634
1.02213375563514,34.9813055165238,15635
0.866711524640531,34.8289953473549,15636
0.868955524847614,34.8232526530246,15637
0.917536664944599,34.8464028048369,15638
0.852544222173959,34.7868567774152,15639
0.849050204347164,34.7871045489574,15640
0.837820725774705,34.7927727170091,15641
0.870254429746063,34.7899050565135,15642
0.87180122595471,34.7924199730238,15643
0.822213455013522,34.856683653259,15644
0.871285833524133,34.792558225994,15645
0.853499733449023,34.784718771956,15646
0.880265502688121,34.7883778161453,15647
1.02210650529246,34.9809282140223,15648
0.879558169161468,34.790192493238,15649
1.02206824884623,34.9809372020664,15650
0.880798057408851,34.7883902079587,15651
0.879645412233277,34.789545578009,15652
1.02211917982326,34.9809453426174,15653
0.7066736771822,34.8693672299527,15654
0.706640235639742,34.8693672925754,15655
0.687417960529967,34.8738531463553,15656
0.706197208156625,34.8696825903145,15657
0.68736923556671,34.8738200775877,15658
0.694868195576178,34.8537848071934,15659
0.703488900976714,34.8755391377258,15660
0.707583923123593,34.8707635965451,15661
0.706201393784504,34.8696724957159,15662
0.802130380515812,34.8652927197042,15663
0.787314943442093,34.8487836019879,15664
0.808981980050492,34.856514680505,15665
0.803007034942978,34.8536658698183,15666
0.891188477139225,34.919722341162,15667
0.797315951607646,34.8431601867098,15668
0.802035083927771,34.865207706528,15669
0.832395236511808,34.8696168585855,15670
0.787349291440265,34.8487183905264,15671
0.763393419614445,34.8412245589559,15672
0.75831223980981,34.8401099692508,15673
0.765933963854523,34.8341915765303,15674
0.766197153061754,34.8344142490344,15675
1.0221301170039,34.9809160480852,15676
0.758304317302883,34.8401616092645,15677
1.0221502722788,34.9810158803238,15678
0.981925401041775,34.9745300005632,15679
1.02220040761301,34.9809112103581,15680
1.02201879324485,34.9808974392533,15681
1.02213873778629,34.9808975031675,15682
0.74391368956092,34.907039730215,15683
0.713099157788645,34.88461937535,15684
0.740132167449239,34.8974279409896,15685
0.711456575623766,34.8806933345159,15686
1.0221159420842,34.9807815176981,15687
0.705457076394159,34.8893516889311,15688
0.706134026959008,34.8892218827732,15689
0.726306845947519,34.8890524129758,15690
0.720634425296772,34.8821046945285,15691
0.750316655008198,34.8963271854445,15692
0.746888582094951,34.936272169451,15693
0.75606529289835,34.8992450199504,15694
0.741080458346831,34.9198716956396,15695
1.02213236051044,34.9808774591121,15696
0.741567549039264,34.922243419183,15697
0.744688339317469,34.912316936601,15698
0.741903953361736,34.9227876980393,15699
0.741567552018317,34.922364841551,15700
0.742263529267669,34.9227836431346,15701
0.828919929868037,34.8419915801204,15702
0.842039844910632,34.8673125307439,15703
0.821495193670294,34.8564778474786,15704
0.8301557169372,34.8414225362178,15705
0.830139197585521,34.8414562481583,15706
0.763427229896888,34.8412284314487,15707
0.869760900902821,34.8830563833082,15708
0.788671131159622,34.8233200766851,15709
0.826145407046157,34.8589947896642,15710
0.753668387234982,34.8960101824195,15711
0.746499479595132,34.9033386525147,15712
0.746243243919248,34.9032249506376,15713
0.744502666614567,34.909178054392,15714
0.732675450011634,34.9106468700125,15715
0.773217903166748,34.8827808882681,15716
0.745987253781976,34.9087279027728,15717
0.739162755433211,34.9114879618627,15718
1.01869294545107,34.9874767396252,15719
0.746511230613422,34.9033613683567,15720
0.722163707914165,34.8761488379714,15721
0.73292102092544,34.9103852963996,15722
0.739255224218333,34.9105499136328,15723
1.02209059722656,34.9810034067311,15724
0.736019000081328,34.8969591130909,15725
0.743895385500564,34.9072117736217,15726
0.741372880649029,34.8997819367071,15727
1.02213036342205,34.9807370355858,15728
0.840377277499796,34.8308528229389,15729
0.840324294017469,34.8307293574185,15730
0.841422856645435,34.8502730441443,15731
0.839124933833394,34.8524451036975,15732
0.838882855199359,34.8443864402414,15733
0.839654743491465,34.8495500012752,15734
0.839022650973262,34.8326494299084,15735
0.838975422909088,34.8460855940453,15736
0.6896857,34.5235317,15737
0.6893973,34.5231487,15738
0.6898778,34.5241392,15739
0.6898702,34.5241873,15740
0.6896692,34.5235988,15741
0.807195,34.4635618,15742
0.8034144,34.4864786,15743
0.8043156,34.4863299,15744
0.807181,34.4635986,15745
0.8058524,34.485184,15746
0.8057665,34.4847313,15747
0.8082031,34.4728335,15748
0.8084615,34.503749,15749
0.8084578,34.5037473,15750
0.8061417,34.4844041,15751
0.8041379,34.4862682,15752
0.8019941,34.4861506,15753
0.837549338389667,34.4504985560788,15754
0.850916708033579,34.4534967371566,15755
0.838500549707265,34.4496341514826,15756
0.845753711367501,34.4535650508887,15757
0.851625469282516,34.4537891585823,15758
0.846296339843815,34.4528452208287,15759
0.846506259467076,34.4522012347849,15760
0.846249949622713,34.4530836176931,15761
0.7818202,34.5506538,15762
0.7819122,34.5506396,15763
0.8067037,34.5469885,15764
0.7818542,34.5506928,15765
0.7818561,34.5506801,15766
0.8065229,34.5465419,15767
0.7817733,34.5506841,15768
0.7818196,34.5507219,15769
0.8067623,34.5470723,15770
0.7689817,34.561193,15771
0.7759628,34.5601075,15772
0.7760298,34.5601841,15773
0.7754934,34.5599026,15774
0.7690161,34.5611313,15775
0.7759041,34.5602476,15776
0.769003,34.5611712,15777
0.78178,34.5567688,15778
0.7840241,34.5725722,15779
0.7841105,34.5724366,15780
0.7992521,34.5619178,15781
0.7992249,34.5618645,15782
0.7954695,34.5624004,15783
0.7992399,34.5618558,15784
0.7817987,34.5568025,15785
0.7838651,34.5725555,15786
0.5668531,34.5639471,15787
0.7139396,34.5375051,15788
0.5668247,34.5640881,15789
0.718613,34.5567922,15790
0.7120225,34.5550184,15791
0.719025,34.5584579,15792
0.7190169,34.5584896,15793
0.719655,34.5585821,15794
0.711912,34.5549939,15795
0.7178243,34.5618218,15796
0.767304,34.4935466,15797
0.7190506,34.4832205,15798
0.7492176,34.489898,15799
0.7190867,34.4832316,15800
0.7190844,34.4832312,15801
0.719027,34.483207,15802
0.7498287,34.4903865,15803
0.721734,34.4817099,15804
0.7672975,34.4935461,15805
0.7498846,34.4903722,15806
0.7190665,34.4832597,15807
0.7190687,34.4832096,15808
0.7673005,34.4935428,15809
0.7217083,34.4816757,15810
0.613970446322155,34.2651830029244,15811
0.613824291925619,34.2654166589056,15812
0.76810911163562,34.3567129048927,15813
0.772326973017309,34.3559975237322,15814
0.759181849583633,34.3800893093626,15815
0.613864275635398,34.2652433499668,15816
0.613784692658873,34.2652533604386,15817
0.633230538223067,34.2676681941781,15818
0.772506614819023,34.3819848857606,15819
0.771666721913405,34.3569119182777,15820
0.613886118707776,34.2652219722143,15821
0.759409752010378,34.3795628108667,15822
0.768099401444154,34.3567884760814,15823
0.7687223,34.382328,15824
0.793875123765967,34.4106487657,15825
0.793834334387739,34.4106551115468,15826
0.61352267315174,34.2651123362653,15827
0.792494321411878,34.4110981787423,15828
0.613463852181835,34.2651084342931,15829
0.613485479443845,34.2652080074404,15830
0.797206652670476,34.4113731385746,15831
0.804225289842722,34.4090729832774,15832
0.797643485094621,34.4124212817694,15833
0.7778396,34.5131561,15834
0.7971707,34.5090571,15835
0.7775267,34.5132015,15836
0.7731466,34.4938744,15837
0.7778832,34.5131172,15838
0.7731071,34.4939531,15839
0.7776034,34.513148,15840
0.8044129,34.5688305,15841
0.8110399,34.6831633,15842
0.8044822,34.5687399,15843
0.8052155,34.5697791,15844
0.808982,34.5811116,15845
0.8089734,34.5811448,15846
0.8089774,34.5811034,15847
0.7993155,34.5618748,15848
0.7755176,34.5438544,15849
0.7762315,34.5468703,15850
0.7758807,34.5435836,15851
0.7753917,34.5445572,15852
0.77554,34.5436993,15853
0.7762663,34.5466984,15854
0.7760711,34.5435424,15855
0.7673039,34.4935483,15856
0.7983822,34.4927866,15857
0.8096212,34.5013524,15858
0.8095509,34.5013732,15859
0.79751,34.4929226,15860
0.808436,34.5037655,15861
0.8084215,34.5037764,15862
0.7524107,34.5238681,15863
0.7497693,34.5435906,15864
0.7498013,34.5433128,15865
0.763151,34.5478107,15866
0.7524267,34.5237623,15867
0.7496524,34.5432636,15868
0.750654,34.5391861,15869
0.7523661,34.5238763,15870
0.827315207558362,34.4315421935294,15871
0.827496321433168,34.432217356032,15872
0.828088602571233,34.4195814739679,15873
0.827601367295431,34.4320856072444,15874
0.613868342771964,34.2654602820032,15875
0.825666390785762,34.4143284981762,15876
0.825483469326649,34.4141373481765,15877
0.613703273556614,34.2652272478454,15878
0.824591603966989,34.4158491435554,15879
0.819623053463754,34.4270048852099,15880
0.825449611314273,34.4143300553077,15881
0.7655557,34.4930819,15882
0.7876695,34.4860311,15883
0.7656837,34.4932901,15884
0.7552165,34.4815505,15885
0.7551773,34.481567,15886
0.7876767,34.4860009,15887
0.5668388,34.5639891,15888
0.7533226,34.4743768,15889
0.7540399,34.4738502,15890
0.7508371,34.4928234,15891
0.7139718,34.5374837,15892
0.7538757,34.4739436,15893
0.7139399,34.5374717,15894
0.7531586,34.4744753,15895
0.7531148,34.4745619,15896
0.8095718,34.5013911,15897
0.785319346963696,34.4696551654502,15898
0.817613798972319,34.4429474350982,15899
0.818426243875638,34.4426473181675,15900
0.816742640823184,34.4421302696361,15901
0.785100420641966,34.4677376627198,15902
0.7339321,34.5033583,15903
0.7139241,34.5132171,15904
0.7138972,34.5133965,15905
0.7336772,34.5028822,15906
0.7139625,34.5132779,15907
0.7496244,34.5429956,15908
0.7139991,34.5374712,15909
0.7140113,34.537519,15910
0.7331378,34.5021827,15911
0.7464767,34.5385984,15912
0.7356383,34.5441451,15913
0.7465163,34.5385643,15914
0.7356809,34.5440948,15915
0.7356453,34.5441046,15916
0.7465462,34.5385423,15917
0.7301667,34.5440827,15918
0.613710636758533,34.2651922931596,15919
0.613817510539452,34.265236007673,15920
0.613956218149833,34.2652706179856,15921
0.783946409196656,34.4724887108924,15922
0.765797885335781,34.458286570454,15923
0.783716837374564,34.4725209034944,15924
0.613898784935994,34.2650697599806,15925
0.613775369393255,34.2651863057951,15926
0.613513682844684,34.2651130874627,15927
0.766930297140895,34.4594784757718,15928
0.766458383494313,34.4590536764489,15929
0.613805445058119,34.2651558213459,15930
0.779119084091749,34.4193303652869,15931
0.633273618433869,34.2676659087108,15932
0.61376282944804,34.2651754697396,15933
0.613511504442074,34.265140608082,15934
0.613833221411676,34.2651889176106,15935
0.613833542633152,34.2652991321202,15936
-0.7039742,34.7404036,15937
-0.7047729,34.7397283,15938
-0.6692955,34.6600416,15939
-0.670347,34.7306817,15940
-0.669744,34.6607785,15941
-0.6719172,34.7312857,15942
-0.6614436,34.7297382,15943
-0.6764823,34.7054083,15944
-0.6715238,34.7263167,15945
-0.6494301,34.7263723,15946
-0.6752598,34.7141747,15947
-0.6755858,34.7136198,15948
-0.6498497,34.7261492,15949
-0.7531588,34.6474852,15950
-0.7532815,34.6476036,15951
-0.7539287,34.6416584,15952
-0.7555484,34.6416413,15953
-0.7530053,34.6472268,15954
-0.6117441,34.6816136,15955
-0.6114121,34.6812706,15956
-0.6129125,34.6803566,15957
-0.7244938,34.7319753,15958
-0.7255315,34.7327084,15959
-0.7251517,34.7309962,15960
-0.7198044,34.7265599,15961
-0.7190478,34.7281569,15962
-0.7241372,34.7312169,15963
-0.7265029,34.6401675,15964
-0.7302405,34.6445311,15965
-0.7283289,34.6475784,15966
-0.7315896,34.6414226,15967
-0.735765,34.6363303,15968
-0.7353495,34.6355988,15969
-0.7310804,34.6396688,15970
0.624457084803833,34.3464651305628,15971
0.630242909944534,34.3513773612522,15972
0.703978,34.3445061,15973
0.7079072,34.3357323,15974
0.7038042,34.3419265,15975
0.7031126,34.3404055,15976
0.7026818,34.3456793,15977
0.7028182,34.3400961,15978
0.7082005,34.3315891,15979
0.701398,34.3357018,15980
0.7039541,34.3337846,15981
0.625366301901849,34.2290935416356,15982
0.622184885001831,34.2348137002676,15983
0.616131923915583,34.248692226616,15984
0.614923408598261,34.2493330079806,15985
0.631188368046359,34.2438490129133,15986
0.6350093,34.2414732,15987
0.616550286107114,34.2473185845893,15988
0.673462,34.3783066,15989
0.6785477,34.3871459,15990
0.6723679,34.3856967,15991
0.6735348,34.3782212,15992
0.6726846,34.3850834,15993
0.6795744,34.3847981,15994
0.639072592225269,34.3913907505238,15995
0.639105264256018,34.3977759881666,15996
0.643188021499362,34.4000112075269,15997
0.642551201157148,34.3961927159468,15998
0.617568477053214,34.3921866976028,15999
0.643483442179809,34.3957803199393,16000
0.639171540319755,34.3945316839674,16001
0.617554335603734,34.3921361075444,16002
0.638970876033801,34.3921463192483,16003
0.642005291646039,34.3905318766619,16004
0.64090616453069,34.3925430793093,16005
0.617294889407772,34.3932578021336,16006
0.625635618734743,34.2936262609252,16007
0.626057679597501,34.2945164679743,16008
0.62620815347654,34.3132003374075,16009
0.629095929047292,34.313637762881,16010
0.626882959880393,34.2941038912264,16011
0.627147508470691,34.3115011390031,16012
0.448075330594973,34.2757125726659,16013
0.618294286777183,34.3426753462308,16014
0.447891817683082,34.2752378083281,16015
0.444562904762677,34.2790600936139,16016
0.623264274712154,34.2876994531631,16017
0.646458326203355,34.3021132396623,16018
0.443239327891827,34.274816168667,16019
0.624743437629205,34.258584678947,16020
0.624107241463154,34.2582444826226,16021
0.626745230247945,34.2584020681663,16022
0.633393525982092,34.2656329468159,16023
0.7510388,34.343316,16024
0.7261898,34.334939,16025
0.7377297,34.3318376,16026
0.7510463000000001,34.3432959,16027
0.725558,34.3341816,16028
0.721249,34.3226195,16029
0.7519102,34.3442649,16030
0.7370203,34.3310807,16031
0.7212638,34.3226059,16032
0.7196874,34.3226168,16033
0.7271129,34.3361438,16034
0.7377171,34.3318532,16035
0.6958351,34.3608855,16036
0.7203201,34.3225677,16037
0.6964234,34.3836154,16038
0.6950818,34.3807167,16039
0.6950316,34.3805319,16040
0.6904308,34.3772028,16041
0.6893931,34.3855137,16042
0.6918777,34.381792,16043
0.6894148,34.3855119,16044
0.9970362,34.9545517,16045
0.6904367,34.3772239,16046
0.618094874101435,34.3595771790748,16047
0.63034859208108,34.345797870072,16048
0.631539520667783,34.3496612514719,16049
0.615308184143762,34.3622152051765,16050
0.631426376260338,34.3492571329642,16051
0.622081182865375,34.3721358745051,16052
0.631357198625676,34.3500434635077,16053
0.617445654036309,34.3633969939804,16054
0.628075491697587,34.3503393494139,16055
0.622118617256669,34.3719830017554,16056
0.6338324,34.2843401,16057
0.618414873839952,34.3731610519829,16058
0.628147180073291,34.3503821494108,16059
0.477264005397238,34.3871480057959,16060
0.48211389811977,34.3981826087145,16061
0.504125927545535,34.3662610490868,16062
0.504246715003215,34.3663738608225,16063
0.481570889823635,34.3992326871429,16064
0.505020627367054,34.3662812437103,16065
0.507263288561696,34.3657223254038,16066
0.506358135146072,34.3673266054543,16067
0.481572965137661,34.3992638144135,16068
0.477959044886841,34.3869976396137,16069
0.506203450585364,34.366774536919,16070
0.615992049302649,34.4042356048289,16071
0.447073114217445,34.277965875217,16072
0.556007633360531,34.3848945048138,16073
0.628454837188119,34.4162103184172,16074
0.447262574318998,34.2776494550744,16075
0.444238337281334,34.2728516140765,16076
0.615623108462749,34.4054394722922,16077
0.627689772691494,34.4169015812888,16078
0.625593595570447,34.4103064514181,16079
0.446943963023088,34.2773792587185,16080
0.649208220064117,34.4252243532178,16081
0.616711020615063,34.4053812434717,16082
0.627282616985811,34.4163551701976,16083
0.642256168655605,34.415863177023,16084
0.5711109,34.3897503,16085
0.5823529,34.4307097,16086
0.553585377757249,34.4244787364494,16087
0.570802859459219,34.4214954253563,16088
0.560049498535422,34.4260090691729,16089
0.569210633816178,34.4217416228033,16090
0.564723698441431,34.4118335863378,16091
0.553612569909306,34.423998006108,16092
0.5825206,34.4305617,16093
0.562511528426223,34.4169311196347,16094
0.582712,34.432545,16095
0.5813012,34.431404,16096
0.442610196285959,34.2745838813484,16097
0.443117477233553,34.2737967460282,16098
0.442986945077788,34.2744379460955,16099
0.647348608214114,34.3037683463147,16100
0.44284163286491,34.2747587980166,16101
0.649857160563452,34.3072582148449,16102
0.441730258398989,34.274575147627,16103
0.65048172895071,34.3070620949981,16104
0.650215407577553,34.3063233047387,16105
0.643951211380878,34.3021408944516,16106
0.6794379,34.3066366,16107
0.679307,34.3065897,16108
0.6759841,34.3145975,16109
0.6735089,34.2878393,16110
0.6748051,34.3128433,16111
0.6773909,34.2871725,16112
0.6753914,34.3127596,16113
0.6280666,34.3227283,16114
0.6745429,34.2874731,16115
0.9967471,34.9544909,16116
0.6771282,34.3099682,16117
0.504006760240302,34.4274365316702,16118
0.489966686154446,34.4308592848482,16119
0.342220791836737,34.3403263012324,16120
0.50261715214913,34.4259772344457,16121
0.504510438020072,34.4290775063198,16122
0.504917338834281,34.4273870708636,16123
0.477562748827364,34.423547018908,16124
0.504952778696431,34.4288414676054,16125
0.478136477174979,34.4250393784721,16126
0.458733752448761,34.1149579496468,16127
0.477446148836829,34.4239524362567,16128
0.489931713424967,34.4308129825872,16129
0.458696687030106,34.1149408741293,16130
0.502700484456494,34.4258634868418,16131
0.472870998476585,34.4248997817568,16132
0.488542250933873,34.4295258699572,16133
0.597663410116502,34.2512950578679,16134
0.606904276305188,34.2567003214211,16135
0.583545186883834,34.2271672805608,16136
0.586745022114477,34.2448028637287,16137
0.591681905280168,34.2525669240349,16138
0.598881309736147,34.2510312039383,16139
0.598784999749233,34.245105821012,16140
0.594915750281894,34.2514892984838,16141
0.590286736705915,34.2432624530475,16142
0.591718239086319,34.2440939546569,16143
0.587594106737671,34.2448498608084,16144
0.6347571,34.2785435,16145
0.597378006721889,34.2512569924745,16146
0.443341753671608,34.2746572691,16147
0.0028023262079803,35.3371255432373,16148
0.002998296201478,35.3371668289884,16149
0.0020811633543549,35.3373364605958,16150
0.28084141885314,34.4459549369973,16151
-0.000462654700858,35.3589689305057,16152
-0.0027758110100616,35.3465674309342,16153
-0.0018347655560769,35.3575312358869,16154
0.0046826348993078,35.3090656865517,16155
0.279463495460135,34.4446631474776,16156
0.0762808300139721,35.1600690865499,16157
0.084252121661293,35.1616386236112,16158
0.0835734115928889,35.1606026006203,16159
0.0834431805271798,35.1621611538783,16160
0.0047632892343124,35.3089653316804,16161
0.0048467882349104,35.3093103681266,16162
0.280815146172509,34.4459860642528,16163
-0.013870911754866,35.3940971590718,16164
0.280827958794779,34.4459744455699,16165
0.279251150268661,34.4446915997902,16166
0.0226089882014353,35.3429660294969,16167
0.280813968930427,34.4460120153555,16168
0.279178282455857,34.4432503524868,16169
0.279388513002971,34.4445669520256,16170
-0.0759601482391752,35.3042286995705,16171
-0.0861719350408082,35.2988577102188,16172
-0.0861776107959545,35.298801722248,16173
0.0047140471015341,35.3090705297497,16174
0.0060531590973039,35.3910425797647,16175
0.0036177228800165,35.3891106290765,16176
0.0087470069439724,35.3867675773739,16177
0.28078871691191,34.4459791946401,16178
0.008759058821251,35.385298157393,16179
0.0066050363766623,35.3928553530106,16180
0.0047606648982205,35.3089676790891,16181
0.0046935524949167,35.308684482826,16182
0.0062422938948781,35.3911243081301,16183
0.0046752323483685,35.30905728675,16184
0.0046822886472695,35.3090513107249,16185
0.280774317782185,34.4459997032996,16186
0.0045402861934287,35.3998867926133,16187
-0.0120029866909649,35.3783047159872,16188
-0.0129421900663306,35.379276579846,16189
0.006460286762636,35.3928134880539,16190
0.0029539122035706,35.4008568791656,16191
-0.065267512344502,35.2716835722851,16192
-0.0701106591190576,35.2507708879735,16193
-0.0700910819049406,35.2507619112002,16194
-0.0658437583461553,35.2692902231922,16195
-0.0678267772771497,35.271996944103,16196
0.1071184,34.6686204,16197
0.0308001390403822,34.7140901191864,16198
0.0394797223796143,34.7494712655989,16199
0.0301374285235911,34.7145487999605,16200
0.0923242,34.6450324,16201
0.0708639,34.6773703,16202
0.0710094,34.6754504,16203
0.0716417,34.6821989,16204
0.0648541,34.6882832,16205
0.0648766,34.6882765,16206
0.0751485,34.6766143,16207
0.0714116,34.6827789,16208
0.075167,34.6757922,16209
0.0728545,34.6757356,16210
0.0705246,34.675677,16211
0.0704704,34.6756673,16212
0.0716294,34.6819499,16213
0.0792347,34.681593,16214
0.0790592,34.6813911,16215
0.0750137,34.6766075,16216
0.071046,34.6770619,16217
0.0799902,34.6822597,16218
0.0716518,34.7108189,16219
0.064922,34.7144983,16220
0.0611547,34.7084388,16221
0.065264,34.7139055,16222
0.0623396,34.7140671,16223
0.0724092,34.7102421,16224
0.0617918,34.7086594,16225
0.0645832,34.7134511,16226
0.0614666,34.7093261,16227
0.0651561,34.7138925,16228
0.0684705,34.7421497,16229
0.0593140881900686,34.7303817329969,16230
0.0686882,34.7418248,16231
0.0640550544239443,34.7275574802722,16232
0.067027862457805,34.7258114920244,16233
0.0592516035782281,34.7304936469302,16234
0.0686686,34.7418324,16235
0.0671058,34.7423525,16236
0.0684876,34.7421152,16237
0.0600818005397065,34.7311929750249,16238
0.0671967107711143,34.7258316341555,16239
-0.0340732,34.7381095,16240
-0.0335375,34.7380778,16241
-0.0432846,34.7322996,16242
0.0228748,34.5863272,16243
-0.0213991,34.7324875,16244
-0.0215004,34.7326593,16245
-0.0342353,34.7379136,16246
-0.0439164,34.7339742,16247
0.0229341,34.5862834,16248
-0.021672,34.7325518,16249
-0.0295563,34.735602,16250
-0.0407002,34.7331687,16251
-0.0401443,34.7350102,16252
-0.0433494,34.7323133,16253
0.0038008,34.6278849,16254
0.0129351,34.6329325,16255
0.0011251,34.6188301,16256
-0.0007546,34.6159833,16257
0.0144654,34.6315615,16258
0.0028044,34.6268889,16259
0.1134466,34.661003,16260
0.1123689,34.6574034,16261
0.121714,34.6623026,16262
0.1086839,34.6441842,16263
0.1233781,34.6444403,16264
0.1091337,34.6444818,16265
0.1224886,34.6605044,16266
0.1096425,34.6445394,16267
0.1145864,34.6595321,16268
0.1112105,34.6580561,16269
0.114981,34.6597063,16270
0.1231916,34.6439529,16271
0.0220506,34.6028697,16272
0.0213501,34.6029066,16273
0.2851221,34.7606208,16274
0.0228974,34.5864075,16275
-0.0111903,34.6221979,16276
0.0220585,34.6028801,16277
-0.010218,34.6221199,16278
-0.0221715,34.6014628,16279
0.0214983,34.6336892,16280
0.0205516,34.6405036,16281
0.0165548,34.6407421,16282
0.0218834,34.6339594,16283
0.0167309,34.6409998,16284
0.0203599,34.6398057,16285
0.0256980087908313,34.7167860671331,16286
0.0314088292036395,34.714589485373,16287
0.0370844361759846,34.7141107557975,16288
0.0257194447467336,34.7167788698813,16289
0.026150925859389,34.7167737153308,16290
0.0386449812781246,34.7156049310702,16291
0.26491578072317,34.7557774029095,16292
0.0387549463336579,34.7154059297131,16293
0.0298290535314935,34.7143972800315,16294
0.0589034,34.6756892,16295
0.0564786,34.6836007,16296
0.2978865,34.7680372,16297
0.0541656,34.6774768,16298
0.0607431,34.6717408,16299
0.0717867,34.668648,16300
0.056397,34.6681666,16301
0.0959209,34.7098426,16302
0.0568926,34.6682644,16303
0.0605613,34.6719598,16304
0.0581337,34.6753146,16305
0.0581755,34.6841827,16306
0.0538056,34.6776265,16307
0.087125,34.6583401,16308
0.1089539,34.6650234,16309
0.0873394,34.6580525,16310
0.0917685,34.6507671,16311
0.1089801,34.6629396,16312
0.0919884,34.650289,16313
0.1067683,34.668482,16314
0.1089052,34.6629871,16315
0.1067724,34.6685706,16316
0.5618929,34.555383,16317
0.285033,34.7606108,16318
0.2850991,34.7604837,16319
0.1197797,34.6647662,16320
0.1111534,34.6666725,16321
0.1224781,34.66588,16322
0.1221678,34.6657303,16323
0.2850677,34.7605267,16324
0.1169699,34.6757167,16325
0.1222048,34.6657686,16326
0.1173352,34.6685951,16327
0.117263,34.6688156,16328
0.0329854,34.5693834,16329
0.0374476,34.5572086,16330
0.0349617,34.5705704,16331
0.0228675,34.5861737,16332
0.0378979,34.5578358,16333
0.032699,34.5686603,16334
0.0334122,34.5700977,16335
0.0261874,34.5691889,16336
0.022925,34.5861855,16337
0.0320375,34.5683704,16338
0.0311779,34.5687282,16339
0.0334507549041215,34.7773681194948,16340
0.0449201927629414,34.7834675410222,16341
0.0449323756037887,34.7835299244257,16342
0.039839875395332,34.7723219832389,16343
0.0300018941989154,34.7731765014658,16344
0.285187678205433,34.7605492747745,16345
0.0444742027866536,34.7816589519283,16346
0.0323003259198261,34.7724655011483,16347
0.0255651426176829,34.7672759151709,16348
0.0308576358442976,34.7648058885237,16349
0.0257252522691154,34.767371808486,16350
0.0318532474877549,34.7757840202861,16351
0.0401925825817863,34.7724639892647,16352
0.0516160568938229,34.7868411175278,16353
0.0537806214335076,34.7865080348785,16354
0.0571461691826613,34.7706962161619,16355
0.0518323976108424,34.7868134812261,16356
0.0505812722552884,34.7841298561792,16357
0.0492329031676016,34.783602314395,16358
0.0508428664963907,34.7846139712582,16359
0.058987269917362,34.7701821091073,16360
0.0776401070665637,34.7864158664297,16361
0.0778313251050836,34.7965621790898,16362
0.0649466862732615,34.7861822253291,16363
0.0628697516427992,34.8071884057265,16364
0.0770610338065988,34.7867930419875,16365
0.0786850661378636,34.7968617253203,16366
0.0712932577924832,34.7903279552209,16367
0.0643319646913486,34.7867354336251,16368
0.0649358808219569,34.786252132427,16369
0.0701438259567318,34.7906287485707,16370
0.0712949483079349,34.7903285367377,16371
0.0627276979521086,34.8075275107836,16372
0.0650089239565914,34.7861657769872,16373
0.0538651593481942,34.7367415405734,16374
0.0352439990609846,34.7452598594639,16375
0.272302641170212,34.7531474026152,16376
0.0545782485823031,34.735584548449,16377
0.048155449606942,34.7581458072776,16378
0.039427357916753,34.7501956797545,16379
0.285359215786175,34.7606159013874,16380
0.048412818701561,34.7583561416084,16381
0.0512026927081916,34.7527055292623,16382
0.0541086526401343,34.7541034447443,16383
0.0629648813986364,34.7637834643704,16384
0.0487491681497622,34.7547118553615,16385
0.0629069880463592,34.7641526399895,16386
0.0508169424654406,34.7485194089606,16387
0.0493079040023598,34.7504118598491,16388
0.054127888707815,34.7540852755189,16389
0.0486772304717673,34.7498296944551,16390
0.0545659065066569,34.751973670725,16391
0.0054186,34.7079075,16392
0.1148165,34.6928875,16393
0.0105479,34.6974873,16394
0.0092306,34.6974427,16395
0.0037962,34.7086577,16396
-0.0017619,34.6935932,16397
-0.0112987,34.6898733,16398
-0.0018571,34.6936536,16399
-0.0060596,34.6972369,16400
-0.0113811,34.6897539,16401
0.0098075,34.7020348,16402
0.0034948,34.6925729,16403
0.0033723,34.6924656,16404
0.0087935,34.7024668,16405
0.0055174,34.7079851,16406
0.0104407,34.7010662,16407
-0.0106404,34.6941034,16408
0.047066585231689,34.6656927717279,16409
0.0438127390461387,34.6651737525637,16410
0.0372432777086719,34.6712316113026,16411
0.0313205132807785,34.6727144708692,16412
0.0394100224443209,34.6708141567525,16413
0.0477648736708328,34.6652513222267,16414
0.0466010415054092,34.6654535165352,16415
0.040321709598058,34.6713791317364,16416
0.0461748739732899,34.6660231133173,16417
0.0507659468066926,34.6625012877785,16418
0.0450987566222122,34.6682016660189,16419
0.0108603,34.6819057,16420
0.0074527,34.678531,16421
0.0179354,34.6986069,16422
0.016862,34.69692,16423
0.0106836,34.6821599,16424
0.008101,34.6778339,16425
0.0187203,34.7050807,16426
0.5618119,34.5554605,16427
0.0350093,34.6794051,16428
0.0401221,34.6850009,16429
0.0340008,34.6805693,16430
0.0339872,34.6806338,16431
0.0356629,34.6807091,16432
0.0328856,34.6920996,16433
0.0331932,34.6879667,16434
0.0316789,34.6888953,16435
0.0330929,34.6876791,16436
0.0359052,34.6800043,16437
0.041249,34.6852793,16438
0.0330948,34.6880736,16439
0.5617134,34.5552723,16440
0.0356516,34.6798792,16441
0.0316821,34.6911602,16442
0.0346199,34.6813476,16443
0.0412593,34.6851873,16444
0.0315884,34.6912236,16445
0.0316236,34.688926,16446
0.0200639,34.5844238,16447
-0.0449138,34.620789,16448
-0.0353358,34.620539,16449
-0.0459126,34.6423624,16450
-0.0416156,34.6380122,16451
-0.0577709,34.6257493,16452
-0.0523426,34.6256837,16453
-0.0398634,34.6455903,16454
-0.0509094,34.6309562,16455
-0.0531134,34.6454799,16456
-0.0533768,34.6452319,16457
-0.0354001,34.6201949,16458
-0.0514317,34.6432284,16459
-0.0390566,34.6248951,16460
-0.0422589,34.6450247,16461
-0.0464967,34.6309845,16462
-0.0002709,34.7080094,16463
0.0088896,34.7387758,16464
-0.0082404,34.712322,16465
0.0088959,34.7381799,16466
0.0070339,34.7243726,16467
0.003016,34.7273874,16468
-0.0010674,34.7092188,16469
0.0030071,34.7273611,16470
0.0067805,34.7241037,16471
0.0015509,34.7263378,16472
0.0069526,34.7241067,16473
-0.0001694,34.7080786,16474
0.0009718,34.7256529,16475
-0.0183797,34.5747818,16476
-0.0153797,34.5975785,16477
-0.0224427,34.5923591,16478
-0.0152445,34.5978333,16479
-0.0181574,34.5752034,16480
-0.0222899,34.5929325,16481
0.0942125,34.6401106,16482
0.0904874,34.6468172,16483
0.1037539,34.6535738,16484
0.0933493,34.6399621,16485
0.0941162,34.6400697,16486
0.0940936,34.6400736,16487
0.0977252,34.6425443,16488
0.0975452,34.6424077,16489
0.1025762,34.6537854,16490
0.1153981,34.7305174,16491
0.725500336773726,34.8055855287054,16492
0.734972420983215,34.7935023170688,16493
0.725449470583581,34.8056040443583,16494
0.734986829352269,34.7934925234906,16495
0.721711979901764,34.8075073264466,16496
0.715730297331798,34.801886157707,16497
0.724999941538235,34.8060236463328,16498
0.329915804478839,34.4909457516631,16499
0.6847632,34.7656582,16500
0.6982469,34.7657677,16501
0.6979144,34.7658982,16502
0.6848102,34.7657182,16503
0.6978434,34.7658665,16504
0.7016596,34.7637251,16505
0.6764306,34.7771844,16506
0.6847049,34.7655831,16507
0.675995,34.7774487,16508
0.6764297,34.7771935,16509
0.6846352,34.7667521,16510
0.6762386,34.7787807,16511
0.71034567799117,34.7665448962316,16512
0.711047899975997,34.7659259685471,16513
0.709848470124835,34.7664004751051,16514
0.711674576418563,34.7651193493428,16515
0.7110135142687,34.765849336504,16516
0.732816264249345,34.780253560837,16517
0.733105026238458,34.7803493464485,16518
0.732796955210229,34.7802375545661,16519
0.6113915,34.7541513,16520
0.6144343,34.7537298,16521
0.6190551,34.7381262,16522
0.61156,34.7540345,16523
0.6115248,34.7533739,16524
0.6000281,34.7423465,16525
0.6149482,34.752973,16526
0.6132559,34.7500566,16527
0.6189792,34.7382061,16528
0.6132952,34.7503253,16529
0.6397614,34.7811252,16530
0.6253287,34.8028193,16531
0.6228324,34.8036165,16532
0.6461989,34.7925334,16533
0.6431527,34.7817039,16534
0.6172976,34.7936441,16535
0.6629185,34.7877907,16536
0.6704511,34.7744654,16537
0.6574152,34.7883809,16538
0.6505247,34.78352,16539
0.6573534,34.7884142,16540
0.6576656,34.7781821,16541
0.6708911,34.7752721,16542
0.6396952,34.7985547,16543
0.6357883,34.7901426,16544
0.6358259,34.7901511,16545
0.656526,34.7897231,16546
0.6397502,34.7986122,16547
0.6649676,34.7879892,16548
0.6626572,34.7879209,16549
0.6630677,34.7793383,16550
0.6398149,34.7986193,16551
0.6349931,34.7941866,16552
0.5415814,34.7499772,16553
0.5876645,34.7523824,16554
0.5415477,34.749989,16555
0.5876953,34.7520971,16556
0.5876216,34.7522871,16557
0.5416415,34.7538137,16558
0.5693446,34.729403,16559
0.5886476,34.7517786,16560
0.5882214,34.7521392,16561
0.6222762,34.734545,16562
0.6221951,34.7354482,16563
0.5416488,34.7538321,16564
0.6139548,34.7650888,16565
0.5401178,34.7521506,16566
0.5696847,34.7366158,16567
0.6139298,34.7651906,16568
0.5230598,34.729543,16569
0.5754662,34.7717418,16570
0.5130766,34.7148231,16571
0.3297373,34.4910284,16572
0.5138111,34.7143222,16573
0.3296873,34.4910449,16574
0.5140779,34.7138007,16575
0.5128767,34.7149454,16576
0.5229861,34.7296871,16577
0.5235191,34.7303478,16578
0.704286219708512,34.7729947128131,16579
0.706917373287406,34.7842216012842,16580
0.70685047378351,34.784257465887,16581
0.704112955542151,34.7732185050806,16582
0.6978346,34.7658639,16583
0.6977813,34.7893619,16584
0.7060437,34.784442,16585
0.6871526,34.79154,16586
0.6033277,34.6923893,16587
0.6098652,34.7216807,16588
0.6229376,34.7130338,16589
0.6092696,34.7208253,16590
0.6081054,34.7211061,16591
0.6123329,34.7216608,16592
0.6121942,34.721718,16593
0.6542243,34.6984626,16594
-0.937608,34.4515942,16595
-0.6983483,34.9130166,16596
0.7121804,34.3702427,16597
0.712114,34.3702669,16598
0.0113765,34.817498,16599
0.2413918,34.7983122,16600
0.2413918,34.7983121,16601
-0.755903333333333,34.5683133333333,16602
-0.755961666666667,34.5683783333333,16603
0.437280694413105,34.4757665605727,16604
-0.48245,34.9467083333333,16605
-0.8066616,36.9839839,16606
0.3031988,35.4318236,16607
-0.753456631081693,34.6327479973137,16608
0.594602,35.222577,16609
0.5946077,35.2225848,16610
-0.003225,34.96458,16611
-0.663876666666667,34.7485033333333,16612
0.4340307,35.1177207,16613
-0.441028333333333,34.6095416666667,16614
-0.440996666666667,34.6094083333333,16615
-0.500724082193377,34.777213502206,16616
0.535492024602838,34.2635738215586,16617
0.535571779259475,34.2635693717963,16618
-0.446148333333333,34.958965,16619
-0.447533333333333,34.9602283333333,16620
1.0043345,34.9452647,16621
0.7766425,34.5606012,16622
0.7766393,34.5606136,16623
0.4179092,34.4524655,16624
0.7909933,34.4774361,16625
0.7907471,34.4775727,16626
0.439409376454408,34.2277764516298,16627
0.602362664109203,34.2549971604376,16628
0.602392908802387,34.2548166716311,16629
0.14686047308999,34.4813491015495,16630
-0.499075,34.626735,16631
-0.49919,34.626935,16632
0.7338323,34.864316,16633
0.25626123347696,34.6147071880702,16634
1.0014263,35.3369518,16635
0.1651481,34.4937781,16636
-0.9524837,34.3801208,16637
-0.9525763,34.3799721,16638
0.276612909076995,34.775030496515,16639
0.2838822,34.7656203,16640
0.7720175,34.9154413,16641
-0.2037,35.4131883333333,16642
-0.5979042,35.2453762,16643
-0.4863293,34.8320371,16644
-0.4865874,34.8325841,16645
0.777847703304268,34.9336748716171,16646
0.134490509349575,34.5382292753767,16647
-0.355708333333333,35.0946833333333,16648
0.124556942558469,34.5190933774326,16649
0.8240368,34.6406068,16650
0.0061436,34.7076726,16651
0.810834893174691,34.7024934758726,16652
0.810784501553471,34.7025488531723,16653
-0.7740238,36.9903969,16654
-0.7744035,36.9903989,16655
0.0169087,35.3663405,16656
0.0113027,35.3656762,16657
-1.0372008,34.3621289,16658
1.10393333333333,35.0064566666667,16659
1.103435,35.0065716666667,16660
-0.540925,34.8784616666667,16661
0.1530651,34.5229827,16662
-0.5701669,36.0124622,16663
0.1369351,37.7907264,16664
0.697370968569567,34.7288223826857,16665
-0.4818375,34.8686971,16666
0.0530721,34.6898054,16667
0.4381605,34.7473723,16668
0.4379992,34.747339,16669
-0.327275,35.2966083333333,16670
0.4514011,34.6803368,16671
0.715763333333333,35.0037233333333,16672
0.7256382,34.6206776,16673
0.7256204,34.6207027,16674
-0.038928636130812,34.691113757815,16675
0.074162542895367,34.5579975946504,16676
0.0748123875891261,34.557125263507,16677
-0.6045168,35.1780361,16678
1.0694898,35.0652351,16679
1.0697959,35.0657973,16680
-1.1167,34.4041988,16681
0.148155,34.1845016666667,16682
0.443297239079182,34.2746522838399,16683
0.58386757504195,34.8436354380101,16684
0.2523443,34.7714403,16685
-0.708386,34.6850301,16686
0.5717673,34.7451053,16687
0.5717412,34.7450997,16688
0.2420967,35.3668567,16689
0.7428206,34.3484548,16690
0.7430834,34.3484056,16691
-0.6388184,36.0199913,16692
-0.6387229,36.0199365,16693
0.8621883,34.8490937,16694
-0.7988776,34.866587,16695
0.581570581340376,34.5595788185294,16696
0.581567154939998,34.5595772067745,16697
0.54365954361856,34.7669879626483,16698
-0.513153333333333,34.9355916666667,16699
0.07499,34.2593183333333,16700
0.4027183,34.4338616,16701
0.4027137,34.4337898,16702
0.62817707791047,34.6211938675772,16703
0.0875606999594021,34.5760934226044,16704
0.0877059990765354,34.5759434588395,16705
0.4303221,34.1504937,16706
0.4301916,34.1505925,16707
0.7029793,34.5283024,16708
0.7029475,34.5282444,16709
0.6450202,34.6418989,16710
0.6449827,34.6419154,16711
0.416861722756615,34.7924935030178,16712
0.380781842571484,34.7151426829923,16713
0.380921819619613,34.7153149086502,16714
1.0908605,34.7852066,16715
0.31603,34.2864243,16716
0.340562,34.2999108,16717
-0.8037786,34.8598986,16718
0.251455,34.4640283333333,16719
0.999765,35.0196816666667,16720
0.3597283,35.5740333,16721
0.7840971,35.0165138,16722
0.7842625,35.0161665,16723
-0.655168333333333,34.4391333333333,16724
-0.655163333333333,34.4387983333333,16725
-0.7580025,34.9094809,16726
0.508597979873653,34.5677712258441,16727
-0.452225769272979,34.2456648864604,16728
-0.454089971562755,34.2433430043297,16729
-0.9886123,37.1543714,16730
-0.9885046,37.1542029,16731
0.618623333333333,34.3101016666667,16732
0.3775882,34.4057402,16733
0.3775898,34.4057397,16734
0.487195,34.5069016666667,16735
0.6704823,34.5698739,16736
0.274461,34.5374347,16737
-0.345936,35.9928658,16738
0.2730908,34.1356522,16739
-0.080755,35.1510432,16740
0.0007409,34.37672,16741
0.3298087,34.4729406,16742
0.282276,34.7279274,16743
0.1641038,34.5026946,16744
-0.521729933278714,34.7753095118912,16745
0.4910939,34.1342885,16746
-0.526277707886692,37.1718708306236,16747
0.28957,34.55549,16748
0.0707082473730474,34.6619090271272,16749
-0.947209,34.7628835,16750
0.986398333333333,35.0530383333333,16751
0.986458333333333,35.0537066666667,16752
0.7414902,34.6517739,16753
0.4129183,35.4246633,16754
0.1113814,34.5099871,16755
0.416040153953726,34.4771365318468,16756
-0.0230691493594772,34.7318422543257,16757
0.579666772833193,34.2046414945566,16758
0.1999472,34.5323762,16759
0.542788355512356,34.4005613547123,16760
0.5427808346224,34.400515071876,16761
0.4867611,34.2002538,16762
0.2113454,35.4909683,16763
0.8238875,35.0698697,16764
0.502544,34.7323293,16765
0.60713927452444,34.188847889005,16766
0.978358333333333,35.1450833333333,16767
0.9048233,35.0941715,16768
-0.420824351316469,34.7748474319884,16769
-0.681221666666667,34.306035,16770
0.30586488015098,34.6341134242138,16771
0.6569399,34.510307,16772
0.1535684,34.5232873,16773
0.1535205,34.5231717,16774
0.678688483312726,34.8697886522859,16775
-0.563473333333333,34.5347983333333,16776
0.36420692860544,34.8452301609222,16777
-0.7878668,36.9883915,16778
0.318136707801421,34.3051344035831,16779
-0.468748333333333,34.983845,16780
0.1890005,37.5205875,16781
0.5528318,34.8361339,16782
-1.06726,34.4952916666667,16783
-1.06733,34.495305,16784
0.7978582,34.4218037,16785
0.7978314,34.4218281,16786
0.392714,34.3452146,16787
-0.4823532,34.8303879,16788
-0.482556,34.8304405,16789
-0.504109135985668,34.7784691535929,16790
-0.505253109135356,34.7785872346246,16791
-0.7617857,37.6257799,16792
-0.2801,35.3890316666667,16793
-0.276976666666667,35.383235,16794
0.0553833333333333,34.98479,16795
0.2827732,35.2926298,16796
0.8000576,35.0101212,16797
-0.385588333333333,34.9989733333333,16798
-0.0706541251697506,34.5766038232757,16799
-0.0705592585106975,34.5766555403764,16800
0.2872553,34.3912647,16801
-0.58774,34.8210083333333,16802
0.6989625,34.6542646,16803
0.6989597,34.6542824,16804
0.286916666666667,34.4434416666667,16805
0.286858333333333,34.44351,16806
0.565766834388878,34.4253790131433,16807
0.563322821528993,34.4240237796441,16808
1.0536962,34.9806911,16809
0.133254983021535,34.7849095219566,16810
0.133477090080253,34.7846419875421,16811
0.5862432,34.6004965,16812
0.2579371,34.2628727,16813
0.2579551,34.2629102,16814
0.9541253,35.3963891,16815
0.078292023570923,34.4776512639973,16816
0.0780384396623847,34.478069569924,16817
-1.0644223,34.3284087,16818
0.9213206,35.0557135,16819
0.3496527,34.1159711,16820
0.3506513,34.1227395,16821
-0.0902029142568283,35.2753760998334,16822
-0.0275498276503943,34.6384632122323,16823
-0.758308333333333,34.2559616666667,16824
-0.758566666666667,34.2559916666667,16825
0.3454503,35.3430363,16826
0.3454433,35.3429983,16827
0.2755783,34.3719404,16828
0.952812469251442,35.0255764201599,16829
0.452369537970379,34.5559996581114,16830
-0.4712183,34.6676255,16831
-0.4711872,34.6677347,16832
0.5816567,34.5596182,16833
0.7013582,35.2044012,16834
0.167936666666667,34.4905566666667,16835
-0.674701666666667,35.2230916666667,16836
0.653728726319969,34.9086747318506,16837
0.653711459599435,34.9088585469872,16838
0.1479178,37.4693893,16839
-0.2802751,36.2311702,16840
0.7262089,34.3770715,16841
0.7262441,34.3770709,16842
-0.995008333333333,34.3576066666667,16843
0.1597288,34.1194667,16844
0.4383773,34.7451103,16845
0.4388996,34.7454437,16846
-0.277058333333333,35.3709,16847
-0.277423333333333,35.37197,16848
0.4462221,34.249573,16849
0.4462038,34.2495611,16850
0.7582599,34.3579709,16851
0.7583132,34.358091,16852
0.0669088,34.453714,16853
-0.513093770167333,34.7010890298125,16854
-0.512702693279061,34.701132222296,16855
-0.448006666666667,34.949675,16856
-0.448473333333333,34.94997,16857
0.0226967143982779,34.566679115885,16858
0.646632711676242,34.7951104248191,16859
0.112105,34.21189,16860
0.2051564,34.3293613,16861
-0.545779286781188,37.2915451605313,16862
-0.8293609,34.4922922,16863
-0.8293777,34.492249,16864
-0.5888237,37.1405728,16865
0.6393381,34.6417999,16866
-0.420318333333333,35.0055583333333,16867
-0.141195601028573,34.5718464127695,16868
0.155893333333333,34.1594666666667,16869
0.15531,34.1596816666667,16870
-0.6025325,35.2040705,16871
0.394209336129843,34.3383661954856,16872
-0.8529281,34.8364574,16873
0.783877,35.044495,16874
0.7458233,35.0865393,16875
0.8302867,34.9797991,16876
0.595319954358548,34.6483518626894,16877
-0.5574971,34.8598864,16878
0.510515204770842,34.2270020477441,16879
-0.758242,34.6862665,16880
0.739325,35.3746116666667,16881
0.739333333333333,35.3746166666667,16882
0.512976666666667,34.5940733333333,16883
0.513085,34.5938683333333,16884
-0.6069296,37.1149853,16885
0.278546080395682,34.7301293130652,16886
-0.489857,34.8020817,16887
-0.72679,34.486015,16888
-0.726715,34.4860283333333,16889
0.3825812,34.5914891,16890
0.4675808,34.1839749,16891
0.4676122,34.1839241,16892
0.5861374,34.5505395,16893
0.099177426742319,34.7677310507652,16894
0.0616966666666667,34.2669333333333,16895
-0.77946,34.9401833333333,16896
-0.779513333333333,34.94018,16897
-1.0447695,34.5731395,16898
-1.0445738,34.5734829,16899
0.537418,34.2108608,16900
0.883591666666667,35.1201366666667,16901
-0.8383881,34.4927732,16902
-0.8325308,34.4955994,16903
0.537941258455257,34.5560532961332,16904
-0.6987983,34.9780133,16905
0.8225838,34.8549136,16906
-0.2834837,36.3498676,16907
-0.2835076,36.3498337,16908
-0.599926666666667,34.946905,16909
-0.599983333333333,34.9470283333333,16910
1.03315,35.1115883,16911
-0.619695,34.8600983333333,16912
-0.619735,34.8601233333333,16913
0.2781147,34.6851325,16914
0.259467380840477,34.7008283626354,16915
0.5613631,34.8788799,16916
-0.0457957470266019,34.5076202537613,16917
0.0523346,34.4558298,16918
0.0524223,34.4558933,16919
0.6388729,34.5614161,16920
0.6390527,34.5614058,16921
0.283059477118872,34.5890708889218,16922
0.282428556545437,34.588610988601,16923
0.130287975702972,34.5442900707407,16924
-0.768887651415926,34.484573696404,16925
0.2203807,34.8264187,16926
1.0125477,35.2056312,16927
0.553156666666667,35.3783483333333,16928
0.553113333333333,35.3783833333333,16929
0.7481142,34.6699984,16930
-0.777294099360188,34.6532282195719,16931
-0.777314215032303,34.6532254157486,16932
0.3626562,35.3660146,16933
0.362839,35.3660605,16934
0.0976812,34.5720186,16935
0.7411051,34.5659357,16936
0.3850741,34.1980634,16937
0.3850745,34.1980669,16938
0.184898333333333,34.9743033333333,16939
0.7100843,34.4186837,16940
-0.2747213,36.3289062,16941
-0.2746895,36.3287036,16942
0.8191541,34.6408447,16943
0.39520070330482,34.8182588442694,16944
0.311041666666667,35.10634,16945
0.31112,35.1063916666667,16946
0.1019085,34.5053168,16947
-0.7872731,36.9507038,16948
0.494043333333333,35.137445,16949
-0.9107983,34.8897806,16950
-0.9100511,34.8892458,16951
-0.44974810326907,34.8487160857838,16952
-0.449860363726535,34.8490259440729,16953
0.1116507,34.7405327,16954
-0.2275008,36.3873194,16955
-0.2275607,36.3874639,16956
0.414699894018363,34.7985662921296,16957
0.414926911293025,34.7985202334599,16958
0.251619932237804,34.6867667249612,16959
0.7810282,34.3815963,16960
0.7811583,34.3814729,16961
0.915438333333333,35.1816216666667,16962
0.1085174,34.0872847,16963
0.1084636,34.0873448,16964
0.2685067,34.528151,16965
0.2686255,34.5281971,16966
0.7489662,34.3624223,16967
0.7488904,34.3623241,16968
0.535622,34.7604409,16969
-0.731415,34.3671716666667,16970
-0.460528333333333,34.191835,16971
0.416828,34.7050498,16972
0.581512604923176,34.5595878194065,16973
0.6718101,34.8357178,16974
0.042385,35.074435,16975
0.21436,35.3971835,16976
0.3117314,34.1389081,16977
0.3117736,34.1388909,16978
-0.0653667,34.4981123,16979
-0.8231854,37.0548738,16980
-0.608265,34.9223733333333,16981
0.703162,35.2043904,16982
-0.808488333333333,34.9466633333333,16983
-0.0725929,37.8147249,16984
0.157723459052703,34.5932639795089,16985
0.4641448,34.1754577,16986
0.985791666666667,35.04872,16987
0.0228435029220816,34.5864398479747,16988
0.0171447135316548,34.5596303199204,16989
0.427605,35.3269066666667,16990
-0.0849987,34.0827856,16991
-0.0851688,34.0827979,16992
0.0407116666666667,34.8917633333333,16993
0.605431547983491,34.1910395086492,16994
0.605348932587914,34.1910289478907,16995
-0.7386129,34.7943803,16996
-0.739558,34.7938067,16997
0.8195866,35.1441395,16998
0.0833623,35.1844986,16999
-0.449469281907175,34.2570395730222,17000
-0.956955,34.4861783333333,17001
-0.6046967,35.1782354,17002
0.7429626,34.9896557,17003
0.7432182,34.9901103,17004
0.2905033,34.5396101,17005
0.2902404,34.5392665,17006
0.561452186303078,34.3398921627409,17007
0.561437911225185,34.3398469426169,17008
-0.9688179,34.6230812,17009
-0.388238333333333,35.09546,17010
-0.2224263,36.2637748,17011
-0.2224609,36.2637711,17012
0.2689548,34.2667756,17013
0.2466572,35.3660971,17014
0.246588,35.3659446,17015
0.7908185,34.8797051,17016
0.7908163,34.8796578,17017
0.0710781299335136,34.4686566159505,17018
-0.44582497657706,34.7752803154105,17019
-0.445743712416595,34.7743795610054,17020
0.801884,34.4546047,17021
0.8018263,34.454591,17022
0.0935881,34.4505722,17023
-0.4867521,37.1391393,17024
-0.48857,34.9790316666667,17025
0.7036352,34.5048513,17026
0.7033678,34.5047493,17027
-0.4898672,34.7977377,17028
-0.4916565,34.7987515,17029
0.6267863,34.4808652,17030
-0.4858225,35.1112419,17031
0.6814213,34.8518653,17032
0.681333,34.8518588,17033
1.0996267,34.8429285,17034
0.330941166409893,34.7214182432488,17035
0.330639647721682,34.7210132647882,17036
0.2913578,34.2214818,17037
0.561422480152553,34.3398262934019,17038
0.561428514263624,34.3397963743072,17039
1.00396333333333,35.1205116666667,17040
0.270042516737031,34.5884624158017,17041
0.140538333333333,34.3774083333333,17042
0.7523978,34.8921984,17043
0.7520928,34.8924074,17044
0.1708089,34.5945014,17045
0.242786765278574,34.6115416440027,17046
-0.5519601,37.2137474,17047
-0.751366585316928,34.6667344666278,17048
-0.6030976,36.0155212,17049
-0.6030512,36.0155204,17050
0.2176847,34.759222,17051
0.2176191,34.7592215,17052
-0.471406666666667,34.9178383333333,17053
-0.032245582013904,34.6378148483691,17054
0.835726199091176,34.9746811870271,17055
0.254226693974028,34.6193841213732,17056
-0.281653270142702,34.4003131505863,17057
0.391177335244959,34.4745733403523,17058
-0.606113306656759,34.7201561141843,17059
-0.605646229209661,34.7207455811992,17060
-0.027028,34.8034477,17061
-0.0274048,34.8031431,17062
-0.8647921,34.6304069,17063
0.6901771,34.8973151,17064
0.566810538631015,34.4369855253929,17065
-1.04353,34.451185,17066
-1.04343333333333,34.4511766666667,17067
0.6626374,34.8343241,17068
0.6626554,34.8343079,17069
-0.654803333333333,35.3553683333333,17070
0.7866646,35.0066346,17071
0.688833378165477,34.3303734469534,17072
0.688976215727924,34.3297633334147,17073
-0.404586666666667,35.1003616666667,17074
-0.404653333333333,35.1002233333333,17075
0.0546816666666667,34.3921033333333,17076
-0.7245327,34.7981898,17077
-0.724379,34.7981583,17078
0.0553201,37.6651457,17079
0.6425101,35.1222499,17080
0.6429028,35.1227049,17081
0.9872494,34.9229103,17082
-0.7985637,36.9525598,17083
-0.4427661,34.9344008,17084
-0.4693514,35.1168635,17085
0.585036327682025,34.5898660423893,17086
-0.76919,35.214705,17087
-0.2987126,36.335894,17088
0.650066966190934,34.8941413499415,17089
0.649996474385262,34.8942374903709,17090
0.156559455142298,34.7593287171258,17091
0.156579904515428,34.75940727806,17092
0.6290245,34.4737253,17093
-0.0259281980309768,34.7135897517698,17094
0.156497,34.2641547,17095
0.1110767,34.8722104,17096
0.1110799,34.8723975,17097
1.00043333333333,35.064105,17098
0.3323718,34.5118143,17099
-0.3713024,34.9039656,17100
-0.370625429204163,34.8943016229748,17101
0.170814796696798,34.5278356271955,17102
0.249748968375918,34.6831855876604,17103
0.249583414155026,34.6827158176782,17104
0.0750483333333333,34.2591066666667,17105
-1.004545,34.3782383333333,17106
-1.00453,34.3783033333333,17107
0.679894471541047,34.6579027734697,17108
0.6765986,34.9859111,17109
0.6761637,34.9858942,17110
-0.7318022,34.7150889,17111
-0.7317135,34.7149808,17112
-0.635823333333333,34.8293433333333,17113
0.713696666666667,34.591475,17114
0.5816633,34.5595052,17115
0.5816688,34.5596369,17116
-0.8457487,34.490463,17117
-0.8453728,34.48923,17118
0.111359,34.673096,17119
0.0597706,34.7560272,17120
-0.447315386777297,34.8627617267136,17121
-0.447292584242964,34.8627415171482,17122
-0.6119691,34.7545463,17123
-0.6124358,34.7547453,17124
0.5918282,34.5935746,17125
1.1036425,34.8223036,17126
0.337731438858977,34.3207891852929,17127
0.338713526462582,34.321590312742,17128
0.8151523,34.4308785,17129
0.8151231,34.431043,17130
0.39479081788,34.7276524122168,17131
0.394821886818092,34.7273397868685,17132
-0.530501,34.862818,17133
-0.530493,34.862455,17134
0.4362108,34.7678779,17135
0.4362444,34.7682542,17136
0.1630226,34.7255796,17137
0.5112729,34.7576135,17138
0.4452491,34.878554,17139
0.1249617,35.5561483,17140
-0.5060311,36.0012562,17141
-0.5056969,36.0014509,17142
-0.5249526,34.9072906,17143
0.7451181,34.9889178,17144
-0.105801354800799,34.3881423565185,17145
-0.106459586642735,34.3876139756533,17146
-0.54312,34.5788216666667,17147
0.5721026,34.1995499,17148
0.509183333333333,34.5296433333333,17149
1.008825,35.333705,17150
0.309479,34.4673348,17151
-0.9044515,34.8718085,17152
0.0961693977114602,34.6704301063057,17153
0.3056621,34.1251549,17154
0.3047031,34.1247169,17155
0.756058333333333,34.7234216666667,17156
0.4334639,34.2537842,17157
-0.8895894,34.471679,17158
-0.8899454,34.4718532,17159
0.69383,34.6039533333333,17160
0.0538626646254382,34.4638375316609,17161
0.7456768,34.6372094,17162
0.8175924,34.4420379,17163
0.8176614,34.4422556,17164
0.1353366,34.2457062,17165
0.8886047,34.933452,17166
0.1083692,34.3268692,17167
0.6093873,34.4458433,17168
0.473949311952462,34.4272246008278,17169
0.444802440299499,34.2180602145377,17170
0.409542025481643,34.6602260677259,17171
0.40977642029391,34.6605735542406,17172
0.657917509497668,34.7698545434411,17173
-0.7134939,34.8863637,17174
1.06065424178385,34.7945981734725,17175
0.825352848926947,34.9537799422675,17176
-0.53671,34.66887,17177
-0.536868333333333,34.669,17178
-0.4837374,34.8542969,17179
-0.548526666666667,34.8189183333333,17180
0.671749734319746,34.6526207495481,17181
0.0515256737970026,34.6234332365336,17182
-0.997953333333333,34.44619,17183
-0.995,34.4455283333333,17184
0.1116877,34.5157665,17185
-0.0521742780608188,34.5947247296825,17186
-0.0522518649230025,34.5949288954753,17187
0.1934127,35.4727339,17188
-0.5782215,36.039339,17189
0.708143298071432,34.7353840611961,17190
0.705287789617191,34.7320797134767,17191
0.0827515117618677,34.7229011211979,17192
-0.0567681,34.0970599,17193
0.1914974,36.3997819,17194
0.790869,34.5725074,17195
0.167522221841298,34.5324622217146,17196
0.591493333333333,34.9369,17197
0.591483333333333,34.936945,17198
0.22612,34.164855,17199
0.226005,34.1648833333333,17200
0.2875702,34.7564177,17201
0.1896324,34.8043661,17202
0.1894042,34.8037143,17203
0.7358425,34.9627625,17204
0.7416394,34.9587699,17205
-0.7135137,34.7439016,17206
-0.7132279,34.7445894,17207
0.2405583,34.4559777,17208
0.2405811,34.4559112,17209
0.213021096969985,34.7693054385822,17210
0.213146540538386,34.769559121153,17211
-0.5718574,37.0166897,17212
0.7463291,34.8459068,17213
-0.7803212,34.7149987,17214
-0.7810599,34.714009,17215
0.2699958,34.5805783,17216
0.2695034,34.5808844,17217
0.4818189,34.1928414,17218
0.7766368,35.0561652,17219
0.7767275,35.0561492,17220
-0.4424703,37.5603439,17221
-0.4426266,37.5602794,17222
-0.0932967237569625,34.3760979153987,17223
-0.44032,37.5313728,17224
0.58751400141767,34.9316889254769,17225
0.09591,34.1590516666667,17226
0.556920536746268,34.4468411380158,17227
0.556926045597078,34.4468507110888,17228
-0.8194243,34.7742518,17229
0.035547,34.6797723,17230
0.3389236,34.1016579,17231
0.2335151,34.0990999,17232
0.2329555,34.4644226,17233
0.3288623,34.4505746,17234
0.3295767,34.4501509,17235
0.443416903191731,34.2745958351612,17236
0.443390309961694,34.2745763695992,17237
0.1159584,34.7860865,17238
-0.569142059310404,37.0302962520115,17239
-0.0053357,34.7889719,17240
-0.643753333333333,34.6183533333333,17241
-0.643961666666667,34.61789,17242
-0.0080567,34.441274,17243
0.7676312,34.4035664,17244
0.7676202,34.4035835,17245
-0.5822114,36.9982606,17246
0.4203261,34.1464501,17247
0.4198928,34.1464658,17248
1.0258267,35.3474233,17249
1.0258749,35.34722,17250
0.7060522,34.5275452,17251
0.0036626,34.644763,17252
-0.0826929499762215,34.6322811221266,17253
0.618793333333333,34.9966066666667,17254
0.1100117,34.4497493,17255
0.0908237,34.696206,17256
0.0025287,34.7040022,17257
0.705666666666667,34.5968366666667,17258
0.706281666666667,34.5978166666667,17259
0.5449745,34.7522234,17260
0.5449551,34.75215,17261
-0.147395557994763,34.508132014745,17262
0.971255,35.15039,17263
0.617911666666667,34.997675,17264
0.2077841,34.837776,17265
0.2078125,34.8377647,17266
-0.161158159989465,34.9811238799228,17267
-0.16101768554373,34.9809413140706,17268
0.1160279,34.7384373,17269
0.7514096,34.4531023,17270
0.7513172,34.4531688,17271
0.0228452,34.369854,17272
0.717563333333333,34.9992016666667,17273
0.718281666666667,34.9986083333333,17274
-0.9785312,34.4995272,17275
-0.0408643,35.1742927,17276
0.7852875,34.4687953,17277
-0.1497345,34.5003628,17278
0.0885283333333333,34.209345,17279
0.0878533333333333,34.2122766666667,17280
-0.4842426,34.8326322,17281
0.135521666666667,34.34642,17282
0.135273333333333,34.3462966666667,17283
0.4862985,34.7400664,17284
0.141105713870636,34.2755985110224,17285
0.1288191,34.7893927,17286
0.0232408,35.1976426,17287
-0.627268333333333,34.9798866666667,17288
0.7501112,34.9891628,17289
0.7497372,34.9894955,17290
0.961065,35.1522433333333,17291
0.637269308790565,34.9294910207391,17292
0.3904375,34.2174528,17293
0.063739,34.7713747,17294
0.2827113,34.1312261,17295
0.287903333333333,35.1072133333333,17296
0.0203314176157746,34.6487192317453,17297
0.0204881499432885,34.6484698181517,17298
0.3259518,35.3778461,17299
0.3260759,35.3779141,17300
0.671477615833282,34.7349514067173,17301
-0.384801666666667,34.9217733333333,17302
0.290779,34.088756,17303
0.2917709,34.0886548,17304
0.0821263475940959,34.5651239819378,17305
-0.4603766,37.6939436,17306
-0.4605185,37.6940426,17307
-0.44931180396287,34.7758479196344,17308
0.879913416193076,34.9974032767752,17309
-0.659891666666667,34.45189,17310
-0.661033333333333,34.4517616666667,17311
0.2839611,34.2990637,17312
0.2839903,34.2990708,17313
0.6371874,34.458306,17314
0.3138718,34.2586301,17315
0.2013518,35.0795146,17316
0.288633891238642,34.6930252300064,17317
0.288078702046235,34.6928038833417,17318
-0.655896666666667,35.3546933333333,17319
-0.656036666666667,35.3547483333333,17320
1.13102166666667,35.13086,17321
1.131,35.1303233333333,17322
0.6839771,35.4519411,17323
0.6840415,35.4521351,17324
-0.70527,34.2617833333333,17325
-0.705301666666667,34.2618066666667,17326
0.5926336,35.2101639,17327
-0.0316727715362557,34.6667220238585,17328
-0.0313611924299928,34.6667461300262,17329
-0.736833333333333,34.55945,17330
-0.738806666666667,34.558585,17331
0.237300967351334,34.6120860966253,17332
1.05303878150406,34.8136670760543,17333
0.0520001,37.6342128,17334
-0.570435,34.51467,17335
-0.570035,34.5146733333333,17336
0.7491895,34.9779186,17337
0.162483324407988,34.5926143707521,17338
0.355252914589704,34.3517117070708,17339
0.393465569552943,34.4962178637505,17340
0.301756619353335,34.6453403611643,17341
0.193516666666667,34.96368,17342
0.54207859095186,34.7683230321854,17343
0.390142520979965,34.7250661844636,17344
0.397725562289393,34.720741400515,17345
0.992981666666667,35.0356133333333,17346
0.119936666666667,34.1999083333333,17347
0.119975,34.1999266666667,17348
0.1539671,34.2413863,17349
-0.5378,35.03138,17350
0.442700668896884,34.5561418728115,17351
0.426441040133867,34.488075585855,17352
0.275950239361831,34.5663442551344,17353
-0.47227,34.640915,17354
-0.47046,34.6416216666667,17355
0.329035663265307,34.7659345851045,17356
-0.0125575,34.4381724,17357
-0.0125597,34.4381415,17358
-0.761615,34.9468883333333,17359
-1.054105,34.5173983333333,17360
-1.05410666666667,34.5174883333333,17361
0.017032143158687,34.5693963626069,17362
-0.762305,34.962535,17363
0.818221666666667,35.048045,17364
0.818345,35.0479366666667,17365
0.6574781,34.8341019,17366
0.6574877,34.8340807,17367
0.0011001,34.3764155,17368
-0.445863333333333,34.9541833333333,17369
0.0005833333333333,34.956685,17370
-0.4612727,34.6660914,17371
0.452889043374089,34.5541477574674,17372
0.2155977,35.5768905,17373
0.1373738,34.1070609,17374
-0.677686666666667,34.4620216666667,17375
-0.687598333333333,34.46086,17376
0.7724031,34.8298993,17377
0.7726294,34.8299541,17378
-0.852248333333333,34.9368983333333,17379
-0.852168333333333,34.93691,17380
0.6849974,34.6223181,17381
-0.6581423,34.6469863,17382
-0.0095708,34.6944512,17383
0.756062483727307,34.6495956585199,17384
0.756221180894489,34.6504160145904,17385
0.450266867261428,34.2127661417666,17386
0.1698017,34.2454198,17387
-0.6343429,37.1979888,17388
0.4411747,34.7626168,17389
-0.77016196314542,34.5875860815382,17390
-0.76315353541577,34.4421821627672,17391
-0.4775849,35.1059301,17392
-0.4776752,35.1057883,17393
0.0916083,35.277337,17394
0.7441187,34.4544383,17395
0.7435838,34.4542382,17396
0.6846775,34.5416009,17397
0.4998529,34.7539076,17398
-0.9576934,34.3869062,17399
-0.9578687,34.3869312,17400
0.26279,35.2589766666667,17401
0.26283,35.2589016666667,17402
-0.6428201,35.1293051,17403
-0.950415,34.6881833333333,17404
0.7323199,34.3626298,17405
0.7324483,34.3626321,17406
0.6359133,35.4960967,17407
-0.421518333333333,34.6030566666667,17408
0.2827873,34.1292812,17409
0.283018,34.129059,17410
0.2822416,34.7279604,17411
-0.211068333333333,35.39518,17412
0.680586412772111,34.3386969494171,17413
0.680657248274668,34.3387904588056,17414
-0.830121666666667,34.977895,17415
-0.830105,34.97785,17416
-0.463243333333333,34.64233,17417
-0.463263333333333,34.6424133333333,17418
-0.7479066,34.717563,17419
-0.7339486,34.7202644,17420
0.6334646,34.4625958,17421
-0.235828862570351,34.9776110843098,17422
1.0340047,34.8556105,17423
0.7291973,34.6773896,17424
0.7291778,34.6774196,17425
-0.51250022672938,34.765200296335,17426
-0.512448847671083,34.7639771166685,17427
0.0110954,34.3439301,17428
0.0109977,34.3441674,17429
0.3066286,34.5498213,17430
0.3065932,34.5498836,17431
0.2353164,34.5224325,17432
-1.00680333333333,34.3661116666667,17433
-1.00656833333333,34.3662383333333,17434
-0.8888141,34.5083605,17435
-0.8886223,34.5086378,17436
-0.0135551,34.3470156,17437
-0.0139124,34.3467764,17438
0.1328784,34.7429125,17439
0.175123443815123,34.3368006940802,17440
0.175149958127605,34.3365718556075,17441
0.6481475,35.1373527,17442
0.64821,35.1376718,17443
0.464005,34.503765,17444
0.0244452,34.8375348,17445
0.0244167,34.8375467,17446
0.7975969,34.4166901,17447
0.7975193,34.4166717,17448
0.9904296,35.2113804,17449
0.2457501,34.1576415,17450
0.245803,34.1576974,17451
0.821435,35.0607133333333,17452
0.821631666666667,35.0606816666667,17453
-0.393893949577452,34.2967729845275,17454
0.0233954,34.7678444,17455
0.0233559,34.7678278,17456
0.703522409878906,34.5998523946328,17457
-0.29724227250839,34.3748095314702,17458
1.13993639732672,34.7839057379995,17459
-0.597174602626482,34.7087433700537,17460
0.0647872,37.5776383,17461
-0.175590173926999,35.238305367571,17462
0.5469366,34.9023155,17463
0.5469143,34.9022617,17464
-0.524671666666667,34.8209066666667,17465
0.7509462,34.5066523,17466
0.7508882,34.5065798,17467
0.5951979,34.6004824,17468
-0.390777294288983,34.308789066868,17469
0.104047281920264,34.5529952727137,17470
-0.753761979456111,34.6685184318599,17471
0.855931738721959,35.0150845369024,17472
-0.740258333333333,35.131635,17473
-0.740851666666667,35.1314283333333,17474
0.3784783,34.2782498,17475
1.076778,34.7905652,17476
1.0778626,34.7908578,17477
0.0857066561774087,34.78288592003,17478
0.0068416,34.4155875,17479
0.0072344,34.4173712,17480
0.7860042,35.00314,17481
0.437067039784625,34.5093333480957,17482
0.435935271693582,34.4933871045934,17483
0.9861275,34.8418644,17484
0.7855202,35.0339897,17485
-0.8761402,34.7235439,17486
-0.88497,34.7229047,17487
0.854725,35.2273883333333,17488
0.843705826596481,34.9289002534082,17489
-0.6049294,34.7656583,17490
0.112098879280873,34.4832150412983,17491
0.112804873350273,34.482532421868,17492
0.618201565680603,34.3419741082858,17493
0.618217638128704,34.341904955103,17494
-0.533225303792495,34.6063117285645,17495
-0.53412629730826,34.6064216943186,17496
-0.794146666666667,34.36344,17497
-0.79448,34.3647433333333,17498
0.062025,35.006605,17499
0.0445751,35.1928934,17500
0.0603495,34.770322,17501
0.0603537,34.7703088,17502
-0.455463333333333,34.6011416666667,17503
-0.709231666666667,34.4254866666667,17504
0.985606666666667,35.04879,17505
0.861931666666667,35.0325066666667,17506
0.7350066,34.6292965,17507
0.735066,34.629286,17508
-0.4905788,34.8451302,17509
0.1093844,34.6624088,17510
0.121694,34.7329971,17511
0.7446703,34.3513901,17512
0.7446855,34.3512224,17513
0.0940113,34.3395143,17514
0.0940623,34.3395755,17515
-0.79547,34.3787733333333,17516
-0.795595,34.378625,17517
-0.7207464,34.7677309,17518
0.3185438,34.1503917,17519
0.3185432,34.1503891,17520
-0.713905023746856,34.377379566066,17521
-0.71395759057906,34.3773928065465,17522
-1.0107584,34.2295907,17523
0.18002,34.2856019,17524
0.1798794,34.2851163,17525
-0.4421364,35.9392448,17526
-1.05556833333333,34.5242233333333,17527
-1.05556833333333,34.52429,17528
-0.793751,37.575453,17529
-0.883236666666667,34.6043833333333,17530
0.850554140476656,35.0080057689212,17531
0.850591933814239,35.0079725422364,17532
0.243826666666667,34.5363516666667,17533
-0.46002,34.9140266666667,17534
-0.6380431,35.1378401,17535
0.610874693371563,34.608833488327,17536
-0.051373024699869,34.5840819649048,17537
-0.51433,34.5347316666667,17538
-0.4804839,37.1424078,17539
0.8105966,35.1505964,17540
0.8105495,35.1508474,17541
0.74420516653536,34.7150130216435,17542
0.744333562634723,34.7151997358509,17543
0.3776018,34.1899312,17544
0.3777242,34.1894047,17545
-0.216188333333333,35.2276,17546
-0.80317,35.1846083333333,17547
-0.5003358,37.4795698,17548
-0.5003467,37.4794588,17549
0.7587423,34.3394027,17550
0.7587242,34.3394417,17551
0.676326043903828,34.8647002503276,17552
0.677052796818316,34.8639742936939,17553
-0.4706368,35.1277649,17554
-0.6568741,34.6544956,17555
-0.6569381,34.6545458,17556
-0.5958933,35.2114003,17557
-0.4995348,37.0242154,17558
-0.0496321416917913,34.5879762867958,17559
-0.0481041180007276,34.5919220754819,17560
0.504195,35.125335,17561
0.163277969150349,34.5911429313663,17562
0.0512613,34.6613765,17563
0.824697448902924,34.9641078084324,17564
0.825227176414797,34.96402799419,17565
0.747181,34.9634162,17566
0.551524382987456,34.5765935062024,17567
-0.096636,34.511872,17568
0.0420438,35.1939925,17569
0.829857140805183,34.7827974575236,17570
-0.4749649,36.9424074,17571
0.7405904,34.5695651,17572
0.7406557,34.5696019,17573
0.1188667,34.7960271,17574
0.118882,34.7961036,17575
-0.589345811345641,37.0335996955983,17576
0.39145,35.1932366666667,17577
0.195118333333333,35.1194633333333,17578
0.00711,34.39967,17579
-0.958583333333333,34.667145,17580
-0.958841666666667,34.666565,17581
-0.680722987529343,34.3896631689183,17582
-0.68069333126691,34.3896133819911,17583
-0.5337572,37.2558166,17584
0.2960404,34.2303147,17585
0.2943241,34.228103,17586
0.44424016348405,34.2748418526256,17587
0.444654868249926,34.2739088947362,17588
-0.382318333333333,35.0241533333333,17589
0.247585,34.5614677,17590
0.2477706,34.5618401,17591
0.12575,34.3172316666667,17592
0.125833333333333,34.3169066666667,17593
-0.0540156908765682,34.5912577386202,17594
0.6179355,34.6051683,17595
0.6179508,34.6051516,17596
0.043984,34.4665079,17597
0.0454499,34.4666391,17598
-0.8187997,37.5383162,17599
0.375108333333333,35.0165583333333,17600
0.37651,35.018305,17601
0.764417457431116,34.6388633604435,17602
0.764323443478848,34.6388720410335,17603
0.3502455,34.8329735,17604
0.574515,34.9203883333333,17605
0.57412,34.9201316666667,17606
0.0991797,34.4542934,17607
0.44320186562271,34.2745606897691,17608
0.443239002117715,34.2745540217774,17609
0.6448584,34.4328736,17610
0.6449439,34.4328616,17611
0.118838333333333,34.3176516666667,17612
0.370845,34.4344794,17613
0.3708965,34.4344791,17614
0.3012264,34.4549283,17615
0.3012885,34.4548827,17616
0.669685117547495,34.784161100169,17617
0.669623603451855,34.7842370027206,17618
0.6990377,34.5247512,17619
0.6990911,34.5247369,17620
0.799733011387037,34.7014054331046,17621
-0.467881856082552,37.3763580117103,17622
-0.554833333333333,34.7263533333333,17623
-0.552593333333333,34.7285916666667,17624
0.109682249421298,34.620384740684,17625
0.2462842,34.5429775,17626
-0.412126666666667,34.6370133333333,17627
-0.8126906,36.9690037,17628
-0.3139,35.2950266666667,17629
0.490748333333333,34.4964983333333,17630
0.7525049,34.7274637,17631
0.7659286,34.5617131,17632
0.7659185,34.5615892,17633
0.531691666666667,34.5250666666667,17634
0.1221879,34.8004921,17635
0.4368937,34.1515904,17636
0.721195324926123,35.1537898172108,17637
0.7190564,34.4256265,17638
0.7191426,34.4255316,17639
-0.9009119,34.7991936,17640
-0.0831134054934299,34.3356292058804,17641
-0.0756771786796536,34.3318469745344,17642
0.2535472,34.1640145,17643
0.2530478,34.1643217,17644
-0.55717,34.7397783333333,17645
-0.421181666666667,34.5478383333333,17646
0.1091024,34.4461354,17647
0.0981164,34.6590226,17648
0.098037,34.6590523,17649
0.586937220374009,34.5747230713084,17650
0.586903872704346,34.5749175425692,17651
0.520888402970918,34.2784085074881,17652
0.520858691286841,34.2784904847153,17653
-1.04745166666667,34.4549033333333,17654
0.881583333333333,35.024265,17655
-0.6467723,35.1535318,17656
0.3350251,35.1383955,17657
0.8095834,35.05586,17658
0.809478,35.0558833,17659
-0.738455,35.186365,17660
-0.73806,35.1862983333333,17661
0.2593,34.465325,17662
0.25926,34.465265,17663
0.159243333333333,34.1467333333333,17664
0.026855,35.0404816666667,17665
-0.46911,34.9605216666667,17666
-0.89315,34.7988616666667,17667
0.0149267990906208,34.6488807160694,17668
0.3783824,34.4098953,17669
0.3783944,34.4098723,17670
0.169684607489584,34.6069637284067,17671
0.8580995,34.7030554,17672
1.08020887422973,34.8557046742691,17673
0.324066,34.4776348,17674
0.323945,34.4777265,17675
0.8897913,34.932586,17676
0.7560698,34.5165813,17677
0.77305,35.4953266666667,17678
0.773068333333333,35.495375,17679
-0.139993333333333,35.497925,17680
-0.57023,34.804815,17681
-0.572391666666667,34.8025966666667,17682
0.2162849,35.2989005,17683
0.199646666666667,35.0754116666667,17684
0.287012,34.7535591,17685
1.15345,35.13457,17686
1.12411666666667,35.136125,17687
-0.9414616,34.4452325,17688
-0.953606666666667,34.6491233333333,17689
-0.546035,34.68255,17690
0.299481718258045,34.7746515600243,17691
0.299707369925633,34.7742982880577,17692
-0.181765,35.2125316666667,17693
0.728085,34.7228316666667,17694
0.569973870264849,34.393294468948,17695
0.569495247723771,34.3930833374437,17696
0.556548845983512,34.5133153013784,17697
0.556642557010645,34.5134834664353,17698
0.1029557,34.2447354,17699
-0.729853333333333,35.03538,17700
-0.8475304,34.48054,17701
0.6215333,35.487315,17702
0.7497559,34.8478873,17703
0.7494444,34.8477234,17704
0.104885302541289,34.5482263369794,17705
-0.40226,35.0832633333333,17706
-0.622301666666667,34.7493366666667,17707
-0.622053333333333,34.7492383333333,17708
-0.105746527392641,34.3876397752435,17709
-0.50625,34.9448166666667,17710
0.552505,35.3843,17711
0.1871944,34.0621816,17712
0.1871926,34.0621845,17713
0.535895878351611,34.6157826376543,17714
0.2636906,34.7558089,17715
0.2638914,34.7557862,17716
0.4204876,34.8599907,17717
0.668026666666667,34.9746116666667,17718
0.0820261,34.4948423,17719
0.315608333333333,35.0617583333333,17720
0.073891645821391,34.4793720403655,17721
0.95835,35.1590533333333,17722
0.2698531,34.0847344,17723
0.2694149,34.0842698,17724
-0.8047417,34.7176846,17725
-0.391251666666667,34.986255,17726
0.169674904978194,34.5286939489509,17727
0.169806803578446,34.5284514729494,17728
-0.4938023,34.8555295,17729
-0.377656666666667,34.9903783333333,17730
0.4619045,34.2812442,17731
-0.71245,34.2849183333333,17732
-0.71176,34.2847066666667,17733
0.5830096,34.6199552,17734
0.5829961,34.6199535,17735
0.9985911,34.8154254,17736
-0.522733333333333,34.5924816666667,17737
-0.519966666666667,34.5951516666667,17738
-0.391841666666667,34.9794316666667,17739
-0.3470126,35.9777948,17740
-0.3331041,35.9909913,17741
-0.3331403,35.9909518,17742
0.211401694242753,34.8070067673354,17743
0.211385124800886,34.8068769392064,17744
-0.418863333333333,34.541215,17745
0.2640345,34.8079283,17746
0.2652435,34.8087295,17747
0.1843432,34.7513641,17748
0.2334418,34.0990969,17749
-0.6988513,34.7512502,17750
0.206515,34.5220983333333,17751
-0.720506666666667,34.433605,17752
-0.720511666666667,34.4335816666667,17753
0.5855398,34.6271727,17754
-0.4846007,34.8382987,17755
0.2359365,35.4377828,17756
0.2358517,35.437725,17757
0.313215,35.10821,17758
1.0895446,35.0711343,17759
0.2798121,34.3835193,17760
0.7474636,34.5820188,17761
0.6887888,34.6270281,17762
0.6890799,34.626994,17763
-0.0108657,34.6916761,17764
-0.0107733,34.6915413,17765
0.527064632624388,34.8766309674829,17766
0.527415163815022,34.8768916446716,17767
0.577319981023284,34.6455665667454,17768
0.642047286964953,34.9488950427622,17769
-0.621377140830158,34.5285504011298,17770
-0.624005776125972,34.5249439266766,17771
1.08680833333333,35.0218216666667,17772
0.3733932,35.5708033,17773
0.288186694227331,34.6927074022928,17774
0.2808257,34.3837085,17775
0.1953006,35.4844981,17776
0.4808484,35.2564635,17777
0.591749497689307,34.8361024539918,17778
0.59122852049768,34.8352862242609,17779
0.573291194872403,34.402957027864,17780
0.57450340778908,34.4028499441979,17781
0.3033263,34.2893108,17782
1.1720495,35.0001634,17783
1.1723283,35.0002136,17784
0.508441049305988,34.632667390017,17785
-0.4881415,37.1461606,17786
-0.4704442,35.9371212,17787
0.1708987,35.6305222,17788
0.1708978,35.6305262,17789
-0.418765,34.1461066666667,17790
0.511533333333333,35.06824,17791
-0.8081038,34.72304,17792
0.574768333333333,34.9326,17793
0.099654455609576,34.6127801776812,17794
0.0834868865949071,34.5693866788225,17795
0.083600735760046,34.5692796198646,17796
0.8527013,34.726587,17797
0.8520642,34.7278321,17798
-0.9189583,34.8571402,17799
0.3898169,35.1534557,17800
0.376954330829162,34.7206782115974,17801
0.578305375030034,34.5543926839871,17802
0.630476598587932,34.2853784432866,17803
-0.7777654,34.7236094,17804
0.24648,34.1364066666667,17805
0.246491666666667,34.1364266666667,17806
0.6384924,34.4819021,17807
0.0824312,35.2679286,17808
-1.0907293,34.3672046,17809
-1.0896549,34.3667111,17810
-0.343576666666667,35.1162933333333,17811
-0.344565,35.1166866666667,17812
0.3015887,34.7631922,17813
0.1134456,34.7998763,17814
-1.1111226,34.4886082,17815
-0.55759,34.5699366666667,17816
-0.5211935,34.8405748,17817
-0.81706,34.3807233333333,17818
-0.817066666666667,34.38064,17819
0.227557,34.5267817,17820
-0.750086666666667,34.257485,17821
-0.750821666666667,34.2570283333333,17822
-0.4793644,34.8574759,17823
-0.4795167,34.857258,17824
0.2644698,34.4085212,17825
-0.1004936,34.6598732,17826
0.449017613749508,34.2516462838366,17827
0.505981889367808,34.2569944604693,17828
0.057372,34.660203,17829
0.689904051669212,34.33065410471,17830
0.0867468356751159,34.7689955531247,17831
0.441783333333333,34.5192983333333,17832
0.44209,34.51918,17833
-0.538921427098643,34.6039472216515,17834
0.2033987,34.5306299,17835
0.658097970938761,34.3658449419741,17836
0.659384620049751,34.3655123139513,17837
0.8448787,34.8355361,17838
0.844982,34.8355247,17839
0.262855,35.2589683333333,17840
-0.910208333333333,34.6940666666667,17841
-0.419863333333333,34.7364316666667,17842
0.169593333333333,34.1646983333333,17843
0.181721666666667,34.1328933333333,17844
0.8002491,34.4241025,17845
0.8002215,34.4241514,17846
0.3948172,35.1939607,17847
0.2351833,35.4305533,17848
0.4807122,35.2564448,17849
0.137956666666667,34.3882716666667,17850
0.291201061072976,34.6270144145267,17851
0.2100706,34.7869849,17852
-0.3523676,35.0899511,17853
-0.3524158,35.0899039,17854
0.1969793,35.4338778,17855
-0.8629134,34.8153847,17856
0.41985,35.10254,17857
0.126606797074147,34.5287883364218,17858
0.70693,35.1251983333333,17859
0.829325621303088,34.9655628995939,17860
0.592963333333333,35.0181133333333,17861
0.338796,35.5829568,17862
-0.861225,34.8845083333333,17863
-0.861263333333333,34.88451,17864
0.612316254282305,34.2766307281228,17865
0.521518909803002,34.2817750846159,17866
0.521566834563993,34.2817458709463,17867
0.348309,34.1203811,17868
0.3484419,34.1205178,17869
1.11643666666667,34.8123316666667,17870
0.7136895,34.6597718,17871
0.7136877,34.6597698,17872
0.45043200783632,34.4810983798054,17873
0.450409963595503,34.481494144227,17874
0.5222391,34.6554292,17875
0.3634733,35.3994767,17876
0.1775721,34.9348593,17877
0.177613,34.9348274,17878
0.870756666666667,35.1429633333333,17879
-0.469246666666667,34.9784583333333,17880
-0.9236033,34.4728333,17881
-0.9236854,34.4725483,17882
0.483523256487359,34.6327807625533,17883
0.483535841295809,34.6327816133044,17884
0.7368483,34.362066,17885
0.7368888,34.3620755,17886
0.837183333333333,35.062625,17887
-0.5816235,35.2325688,17888
0.9677681,34.9306287,17889
0.3093717,35.4357033,17890
0.443538327189769,34.2267514478922,17891
0.443658581532079,34.226584179803,17892
-1.0741177,34.4747832,17893
-0.1070008,34.5138874,17894
0.699820582352955,35.1178640281148,17895
0.699888660974399,35.1179226655908,17896
0.7548782,34.4049143,17897
0.7548546,34.4049897,17898
-0.9560759,34.4547564,17899
-0.79446,35.2501666666667,17900
0.0204572,34.6454941,17901
0.149499882169741,34.4726218348297,17902
0.149639140982839,34.4724582569677,17903
0.618208263159679,34.3419356198564,17904
0.195885,34.5083157,17905
0.1958893,34.5083302,17906
0.604808089816965,34.2505416696555,17907
0.604762332916519,34.2507482566499,17908
0.0128424,35.3353766,17909
0.0120515,35.3519873,17910
0.309478445338351,34.7527085242574,17911
0.3187816,34.7404112,17912
-0.588228333333333,34.7948633333333,17913
0.794011643223775,34.765664768907,17914
0.793966181399198,34.7655734904861,17915
-0.46144907,34.87537053,17916
0.2428785,34.5726174,17917
-0.711373333333333,35.122865,17918
0.506113333333333,34.6098583333333,17919
0.506181666666667,34.6098883333333,17920
0.158084460656163,34.5902764823828,17921
0.158238434402411,34.5912620529682,17922
-0.9946491,34.4678733,17923
-0.9946921,34.4678947,17924
-0.40172,34.92219,17925
0.781008173368428,34.708278060373,17926
0.781007199623423,34.7083477767223,17927
0.566274312947515,34.3977882649913,17928
0.3247567,34.1395011,17929
0.7512084,34.3540808,17930
0.7513882,34.3542193,17931
-0.416202301505913,34.7766628143336,17932
-0.416536237830932,34.7766514038261,17933
0.0260752,34.84298,17934
0.0261342,34.8430703,17935
0.1163196,34.3307798,17936
0.1170012,34.3304118,17937
0.386174,34.1978025,17938
1.0731936,34.9951062,17939
-0.120116524771714,34.3675925332598,17940
-0.12474680531141,34.3611181366814,17941
0.163485028591511,34.6470177023108,17942
-0.3216408,35.1757053,17943
0.0753085925695789,34.4664765881732,17944
-1.04398666666667,34.4551766666667,17945
-1.04403833333333,34.4550833333333,17946
0.571568333333333,34.9292633333333,17947
-0.768682640204529,34.492886375011,17948
-0.768776254168651,34.4928408926913,17949
0.6302683,34.4375786,17950
0.0912571660702882,34.6931959428562,17951
-0.9541297,34.7324025,17952
0.8096603,34.5745024,17953
0.8096389,34.5745355,17954
1.13577181721798,34.7783392046394,17955
0.4050803,34.4169951,17956
-0.564036666666667,35.00555,17957
0.677976147271693,34.6550538484007,17958
0.678035952150822,34.6552824229002,17959
0.899916983522224,34.8866575900227,17960
0.3316427,34.2323478,17961
0.33164,34.2323298,17962
-0.0441096,35.0279508,17963
0.504785,34.6063316666667,17964
0.504743333333333,34.60638,17965
-0.560663333333333,34.9772683333333,17966
0.2588746,34.5394791,17967
-0.415846666666667,34.5596866666667,17968
0.7903104,35.0517483,17969
0.7883088,35.0391923,17970
-0.0083583,37.584115,17971
0.237053333333333,35.6152216666667,17972
0.0467411,35.271261,17973
-0.5051275,37.0879221,17974
0.6785766,34.514283,17975
1.1715344,34.9984563,17976
0.3938231,34.4107038,17977
0.3938835,34.4107077,17978
0.449345661674986,34.4840233017567,17979
0.486136666666667,35.0086516666667,17980
0.808436666666667,35.05581,17981
0.800656666666667,35.0636866666667,17982
-0.3848161,36.4119489,17983
-0.447251666666667,34.94426,17984
-0.537623333333333,34.6690366666667,17985
0.0947053977433848,34.7254218517076,17986
1.0989027,34.8427898,17987
1.0236876,34.8268141,17988
0.848114146946956,34.7954703836589,17989
-0.647857432866537,34.7399825933746,17990
0.3346316,34.2825695,17991
0.579955,34.5013264,17992
-0.500845,34.9395616666667,17993
-0.500875,34.93955,17994
0.06541,34.2588333333333,17995
0.128192006189269,34.5223363153991,17996
0.7706941,34.4493609,17997
0.7706144,34.4494667,17998
-0.4811224,34.8226278,17999
1.0217124,35.1128417,18000
-0.884115,34.8797983333333,18001
-0.884085,34.8797616666667,18002
-0.5723585,37.2391906,18003
-0.3034508,36.2339744,18004
0.552373963148959,34.3366771929068,18005
0.552462760602358,34.3367666329243,18006
-0.42106168987852,34.7832867480001,18007
-0.3699522,35.0867051,18008
-0.5382031,37.4873966,18009
-0.5381818,37.487433,18010
-0.9492506,34.5825657,18011
-0.9495029,34.5826032,18012
-0.8975371,34.8047326,18013
-0.8975498,34.8044267,18014
0.58875784047697,34.2092499477077,18015
0.772125,35.06368,18016
1.000072,34.9207486,18017
-0.436018411769926,34.8234129674945,18018
-0.435810855862653,34.8234325063796,18019
-0.0751758987388619,35.0057949243124,18020
-0.0756619524805204,35.0048826473496,18021
0.548768333333333,35.0206366666667,18022
0.58794884942472,34.8408586811274,18023
0.2239911,34.5273688,18024
0.2239799,34.5270548,18025
0.863875,35.1382933333333,18026
-0.591888333333333,34.6725083333333,18027
-0.591343333333333,34.6725233333333,18028
0.0864298017051169,34.7022612104918,18029
-0.337268333333333,35.190225,18030
-0.2393655,35.2085258,18031
0.698619873206056,34.7361107366992,18032
0.695136421809538,34.7332356399381,18033
-0.882111666666667,34.87844,18034
-0.907915,34.9077816666667,18035
0.1517959,34.65674,18036
0.1578662,34.6602191,18037
-0.2863598,36.238748,18038
0.719643333333333,35.3701783333333,18039
0.3476112,35.2036453,18040
0.3374946,34.5040949,18041
0.3375773,34.504039,18042
0.218181666666667,34.4800216666667,18043
0.21823,34.480015,18044
0.7746062,34.9122833,18045
-0.049166,34.1649354,18046
-0.639943333333333,34.4235033333333,18047
-0.640291666666667,34.4256866666667,18048
0.3860888,34.3878183,18049
0.836121666666667,35.081935,18050
0.836325,35.082175,18051
1.08889,35.0244266666667,18052
0.774103266966818,34.781650044063,18053
0.011373,35.3735566,18054
-0.792438333333333,34.613105,18055
-0.648969257626117,34.5574097036484,18056
-0.648805551649438,34.5572893961998,18057
0.4228254,34.9477865,18058
0.949319955118554,34.9716990236033,18059
-0.711803333333333,34.9866466666667,18060
0.666353333333333,34.2926533333333,18061
-0.9939778,34.2275269,18062
0.1535868,34.3276072,18063
0.0415879,34.4626913,18064
0.0111442,34.6473824,18065
-0.672633333333333,34.8021266666667,18066
0.3886384,34.2792004,18067
0.1771795,34.9419593,18068
-0.6054868,34.7680225,18069
0.4618169,35.1185851,18070
0.7143942,34.6560301,18071
-0.7602587,34.7759647,18072
0.581551126943043,34.5597157775963,18073
0.581421324352661,34.5597921052738,18074
0.246558,34.1014937,18075
0.2463022,34.1021105,18076
0.2683651,34.5424333,18077
0.2683575,34.5424423,18078
0.3896469,34.2015388,18079
0.111742780564855,34.5500985654277,18080
0.111743821000527,34.5498006185199,18081
0.0066311,34.449587,18082
0.0067295,34.4495535,18083
0.8333529,35.0508052,18084
0.2805128,34.1360311,18085
0.2017179,34.8455654,18086
0.0731625555220838,34.5596205122604,18087
0.6903727,34.6265516,18088
0.3767432,34.4441392,18089
0.37694,34.4436595,18090
-0.526126666666667,37.27877,18091
-0.637168990554146,34.7334015021508,18092
0.5707338,34.5965811,18093
1.02593,35.347075,18094
0.3529998,35.3938389,18095
0.2636445,34.4593295,18096
0.3803075,34.19449,18097
0.3802324,34.1941606,18098
0.6431567,34.5643247,18099
0.7235161,34.6391383,18100
0.443429403986856,34.2746494662505,18101
0.443402440003927,34.2746912406682,18102
0.61553,34.34209,18103
0.1419568,34.7233031,18104
0.1421183,34.7238535,18105
-0.794433333333333,34.8759833333333,18106
0.0164841,34.4228576,18107
0.0164644,34.4228141,18108
0.0178895,34.3583733,18109
0.627587623894215,34.8473372217268,18110
0.627951440401375,34.8487735446543,18111
0.3313962,34.3173332,18112
0.6379977,34.7264433,18113
0.6382293,34.7263127,18114
-0.0137541,34.3987283,18115
-0.0136996,34.398885,18116
-0.0364928,34.1816768,18117
0.280419743718453,34.5868281943967,18118
-0.64917,34.6272783333333,18119
0.799054,34.4731823,18120
0.7991422,34.4731742,18121
1.0956857,35.2388788,18122
1.09569,35.2388717,18123
-0.6072609,35.2082447,18124
0.4738513,34.7318688,18125
0.4732962,34.7320651,18126
0.610795676573398,34.3512360607835,18127
0.616760131665993,34.3429519052493,18128
0.31598352595262,34.5680263472161,18129
0.316698370013226,34.5678957130041,18130
0.4079405,34.1572703,18131
0.40785,34.1572356,18132
0.747975,35.10033,18133
-0.5256224,34.8275128,18134
-0.4713862,37.4827926,18135
-0.643703333333333,34.6291116666667,18136
-0.643786666666667,34.628755,18137
0.835139728918675,35.1818586277409,18138
0.098215,34.6547483,18139
0.0981351,34.6547715,18140
0.3514657,35.146585,18141
0.3515012,35.1465573,18142
0.2611078,34.4038078,18143
0.587326666666667,35.21353,18144
0.599798333333333,35.2039433333333,18145
0.4551932,34.120755,18146
0.9576567,35.3761533,18147
0.9821709,34.9742108,18148
-0.4855908,34.8306061,18149
-0.4850883,34.8313162,18150
0.533198333333333,35.356165,18151
0.7606811,34.3611333,18152
0.760703,34.360917,18153
-0.5576696,34.8438827,18154
0.0023951,34.3885601,18155
0.0025109,34.3885287,18156
0.2133026,35.4848498,18157
-0.0144614868933293,34.6681886441362,18158
-0.0146465965830186,34.6676889734756,18159
-0.557208333333333,34.98165,18160
-0.8017883,37.4056558,18161
0.3288539,34.3142987,18162
-0.6391348,35.1267212,18163
0.243185749829092,34.6106661795239,18164
0.243121998276891,34.6103186719753,18165
-0.576597351804095,34.3917558218756,18166
-0.576525792931909,34.3916811497126,18167
-0.451295928564146,34.8696658654124,18168
-0.0372971124871761,35.0976459602628,18169
0.0106396,34.7817357,18170
0.8464086,34.842469,18171
0.8464001,34.8423711,18172
0.0075137,34.8120332,18173
0.0074302,34.8119627,18174
0.14847,34.1455616666667,18175
0.148296666666667,34.145485,18176
0.3283916,34.2344716,18177
0.5274533,34.6913409,18178
0.636194539256394,34.9141958914697,18179
0.68894492989173,34.3562141427506,18180
0.7899394,34.3884881,18181
0.7899317,34.3883852,18182
0.939053881200328,35.0185212553969,18183
-0.5215373,37.132526,18184
-1.07254333333333,34.5033333333333,18185
-1.07257666666667,34.5034816666667,18186
0.4296122,34.4399794,18187
0.4334826,35.1156662,18188
0.781480691792303,34.7516189829989,18189
0.2787969,34.6979188,18190
-0.750950912239285,34.6472961466514,18191
-0.751533126721096,34.6474736043137,18192
0.9810466,34.907447,18193
-0.8704816,34.7696022,18194
-0.551456290836593,37.2929157411622,18195
-0.5402103,34.8270006,18196
-0.898826666666667,34.7583233333333,18197
-0.633773333333333,34.7756883333333,18198
-0.633788333333333,34.775715,18199
0.1489813,35.1861176,18200
-0.6105064,35.1686394,18201
0.306945,34.4526366666667,18202
-1.10108833333333,34.51764,18203
-0.0562858981630045,34.3745174048741,18204
-0.0560311466912717,34.3747837546379,18205
-0.5995733,34.8787256,18206
-0.59992,34.8796807,18207
0.2835606,34.3983475,18208
0.2835635,34.3984187,18209
0.581106067253895,34.1994391018773,18210
0.581103507673931,34.1993994266324,18211
0.142527170908955,34.735272039761,18212
0.142419586396235,34.7352891340515,18213
0.584359,34.5390878,18214
0.0971606,34.4745497,18215
0.0971603,34.4745536,18216
-0.642438963586104,34.7369281760255,18217
-0.79309,34.3640566666667,18218
-0.792676666666667,34.3672366666667,18219
0.753601195723846,34.651158249595,18220
0.345782152041026,34.5523843545976,18221
0.346000242705534,34.5524318792447,18222
0.649439455009997,34.8936236836016,18223
0.649606422521174,34.8934895731509,18224
0.185203333333333,34.9793433333333,18225
-1.0376473,34.2667614,18226
-1.0378278,34.2662147,18227
-0.4771555,35.1032067,18228
0.664675827138126,34.7210329212248,18229
0.4542758,35.5474655,18230
0.78296,35.4962783333333,18231
0.782978333333333,35.4962883333333,18232
0.478654882323475,34.5598060434047,18233
0.478489524678336,34.5599205213804,18234
0.387545,35.16159,18235
0.387558333333333,35.1616083333333,18236
0.787036666666667,35.285215,18237
0.787036666666667,35.2852083333333,18238
0.157906666666667,34.2106283333333,18239
0.103858333333333,34.2106166666667,18240
0.191050166925381,34.6274803923558,18241
0.5803714,34.5120028,18242
1.02585,35.34743,18243
1.025815,35.3475499,18244
0.6628226,34.5550045,18245
-0.7787984,34.9110828,18246
0.546558933935563,34.4766661275511,18247
0.537131683868571,34.4805001551308,18248
0.795038574192242,34.716286841996,18249
0.795052281524186,34.7161748704521,18250
0.0789383333333333,34.157335,18251
0.0789883333333333,34.1572866666667,18252
0.8247252206503,34.9235914208419,18253
-0.900352,34.8018266,18254
0.994085,35.028785,18255
0.6942826,34.3621307,18256
0.6942813,34.36202,18257
0.411909948701141,34.8013289862507,18258
0.744549286961825,34.7202501105038,18259
-0.609225,34.8327,18260
0.7683698,34.4133411,18261
-0.9880392,34.3769303,18262
-0.988347,34.376713,18263
0.7434146,34.671657,18264
0.7434291,34.6716577,18265
-0.422476666666667,34.729725,18266
-0.42289,34.7304666666667,18267
-0.756923333333333,35.0397,18268
-0.756821666666667,35.0396966666667,18269
0.6946636,34.4959487,18270
0.40404596919853,34.4257037264266,18271
0.404071046400777,34.4256892672577,18272
0.7624118,34.3477421,18273
0.7625125,34.3478397,18274
0.718729266222583,35.1241175802126,18275
0.7411429,35.0992174,18276
-0.95689,34.5012716666667,18277
-0.956851666666667,34.5012,18278
0.5819164,34.6024635,18279
0.5819205,34.6025052,18280
-0.9566267,34.4363032,18281
-0.9566419,34.4363332,18282
-0.821043333333333,35.200365,18283
0.202165,34.522975,18284
0.202171666666667,34.5229816666667,18285
0.1029,34.3050883333333,18286
0.10711,34.3035683333333,18287
-0.801525,34.921985,18288
-0.801821666666667,34.922775,18289
0.3656156,34.4297599,18290
0.0350337,34.6807513,18291
-0.0648941606112121,34.3553274981746,18292
-0.0650316739323024,34.3553219848984,18293
-0.4705119,36.9479584,18294
0.9238512,34.9590968,18295
0.9176921,34.9568925,18296
-0.674308333333333,34.83531,18297
0.6037654,35.1657695,18298
0.047015,34.9008216666667,18299
0.0470516666666667,34.9007816666667,18300
0.2646373,34.2407406,18301
0.2757098,34.243557,18302
0.0243711,34.3110243,18303
0.0243784,34.3110487,18304
-0.370791666666667,35.1388933333333,18305
0.269234040882205,34.6156903731035,18306
1.0155945,34.9829049,18307
1.0154192,34.9829378,18308
-0.849988333333333,34.6721383333333,18309
-0.849808333333333,34.6721783333333,18310
1.02919166666667,35.0548733333333,18311
-0.556556666666667,34.9841416666667,18312
-0.3230344,36.2388878,18313
-0.8372126,37.5335463,18314
-0.8372556,37.5335502,18315
0.53930651058012,34.5808635237309,18316
0.539278625571077,34.580857226993,18317
0.3095872,34.1162745,18318
0.310868,34.1130467,18319
0.6209299,34.7308916,18320
0.5815927,34.5596615,18321
-0.392113333333333,34.987615,18322
0.6167486,34.4723755,18323
0.6167439,34.4724154,18324
-0.0787735059727828,34.6131408786656,18325
0.4771429,34.7301272,18326
0.4766142,34.7249439,18327
-0.7608454,34.6709967,18328
0.4389736,34.7736251,18329
-0.8455423,37.1485204,18330
-0.8457363,37.148204,18331
-0.4771726,34.6795126,18332
0.6356833,35.4767767,18333
0.21915,34.9826266666667,18334
0.219121666666667,34.9827033333333,18335
1.005682,35.36379,18336
1.00578,35.3637467,18337
0.222878,34.4719684,18338
0.2228273,34.4720112,18339
0.2079954,34.3093945,18340
-0.5835153,36.0319977,18341
-0.53157576896278,34.7165370178007,18342
0.6379732,34.4745478,18343
-0.7214169,34.77167,18344
0.0295164,34.8788369,18345
-0.398115,34.605495,18346
-0.398053333333333,34.6056366666667,18347
0.575423138266907,34.647862743362,18348
0.4808877,35.2565954,18349
0.4808382,35.2564828,18350
0.2448109,34.6965905,18351
-0.548024966633456,37.0367417554905,18352
0.0033416666666667,34.8929716666667,18353
0.0033683333333333,34.8929366666667,18354
-0.241845,35.3833316666667,18355
-0.242068333333333,35.3829966666667,18356
-1.0240794,34.5521586,18357
-1.022547,34.5526308,18358
0.524957249973416,34.4071358117525,18359
0.525019192605525,34.4070876725526,18360
0.609176016994959,34.4266667298976,18361
0.609188287085234,34.4266529535576,18362
-0.446496666666667,34.55731,18363
-0.4465,34.5573116666667,18364
0.3587178,35.5733685,18365
-0.35031,35.8980852,18366
0.746082,34.8366456,18367
0.746093,34.8367775,18368
0.83294,35.1949816666667,18369
0.3186453,34.2690107,18370
0.769201666666667,34.5919333333333,18371
0.769178333333333,34.59193,18372
0.572287423916128,34.405640316833,18373
1.1677269,34.9651069,18374
1.1687485,34.9654238,18375
0.4419509,34.7251851,18376
0.7456606,34.4010632,18377
0.7457019,34.4009534,18378
0.1926768,35.5440468,18379
-0.7779943,34.7995785,18380
-0.7783035,34.7999507,18381
0.165275,34.4938916666667,18382
0.8207616,35.1680062,18383
0.8194106,35.1680191,18384
-0.52572,34.8102933333333,18385
0.2655091,34.7515091,18386
0.2655072,34.7515096,18387
-0.391098333333333,34.9303983333333,18388
-0.39028,34.931345,18389
-0.422623333333333,34.8165233333333,18390
-0.422498333333333,34.8168333333333,18391
0.7345522,34.331687,18392
0.7345159,34.3316062,18393
0.685629844335617,34.3710664195061,18394
0.685603923130076,34.3711365221372,18395
0.666040840526568,34.7764215857225,18396
0.666279831761166,34.7765672631771,18397
-0.414423333333333,34.4716783333333,18398
0.0512626691380978,34.623566344929,18399
0.569686666666667,34.9261466666667,18400
0.569793333333333,34.9260133333333,18401
0.92412,35.1818,18402
0.538670526738579,34.5778048611395,18403
0.0139862,34.3639362,18404
0.686800200116592,34.3485437689118,18405
0.686782780958346,34.3485128419132,18406
0.306894950981506,34.6355261167757,18407
0.306738891643212,34.635676898634,18408
0.6084405,34.6013733,18409
-0.120632010127041,34.3667657105182,18410
-0.120661134001398,34.3668148154862,18411
0.6022807,34.5381433,18412
-0.182538333333333,35.2040133333333,18413
0.3760733,35.3859467,18414
0.5564423,34.1986737,18415
0.1731249,34.9320898,18416
0.2602634,34.4102824,18417
0.0161563,34.828651,18418
0.0163144,34.8287242,18419
0.557469144489688,34.4385387935536,18420
0.820902729746086,34.9358393692091,18421
-0.446298333333333,34.9038783333333,18422
0.6906425,34.7385381,18423
0.079026951976372,34.5741897589212,18424
0.0791597032573864,34.5742866798186,18425
-0.593428333333333,34.7932966666667,18426
-0.594196666666667,34.7918583333333,18427
0.808003333333333,35.0790233333333,18428
0.807991666666667,35.078975,18429
-0.36455018694581,34.3184274406698,18430
-0.364313105327835,34.3186071710893,18431
0.3861047,34.2726565,18432
0.3971697,34.253982,18433
0.1954249,34.765838,18434
0.1892032,34.7494066,18435
0.1898301,34.7488266,18436
-0.7162901,34.7905897,18437
-0.7160231,34.790635,18438
0.590371650469496,34.2873558958265,18439
0.632582072102321,34.4253159180173,18440
-0.314803627412955,34.3257565647098,18441
0.3452003,35.3533245,18442
0.732611666666667,34.720345,18443
0.732648333333333,34.7203816666667,18444
0.7313813,34.6502379,18445
0.8889382,34.9333445,18446
0.578765,34.9998883333333,18447
0.578828333333333,34.9998583333333,18448
0.3670615,35.4231714,18449
0.0138892783779972,34.6571690765889,18450
0.6890388,34.8500427,18451
0.6901655,34.8504825,18452
0.4132718,34.6706949,18453
0.79398493746121,34.7162825406997,18454
0.793970616782083,34.7162761293108,18455
0.4388982,34.7358528,18456
0.0496666,34.9233548,18457
0.0496393,34.9234174,18458
-0.6004769,35.1769049,18459
0.7358194,34.8864324,18460
0.7357352,34.8863345,18461
0.7113613,34.6336094,18462
0.7113742,34.6336169,18463
-0.646138333333333,34.62587,18464
-0.646251666666667,34.6255966666667,18465
0.6280758,34.4471549,18466
0.161262054503365,34.6037579906549,18467
0.161045497922116,34.6038908666709,18468
0.2651748,34.5126122,18469
0.755243787019778,34.6446912500533,18470
1.0700105,35.2284174,18471
1.069957,35.228372,18472
0.748535,35.0928183333333,18473
0.747816666666667,35.094635,18474
0.724123333333333,34.7313833333333,18475
1.11595333333333,34.8071616666667,18476
0.2547232,34.7612591,18477
0.2547276,34.7611902,18478
0.67524174701309,34.3682944901435,18479
0.0244887,34.8292261,18480
0.392202309540988,34.9199273055705,18481
-0.406513333333333,35.0743766666667,18482
0.121602458479653,34.5416509060557,18483
0.121366137985789,34.5413649029059,18484
0.583468333333333,34.3116066666667,18485
0.7638086,35.0991159,18486
0.7643077,35.0987456,18487
-0.544863333333333,35.0200366666667,18488
-0.851453,37.0258753,18489
-0.8514832,37.025511,18490
0.0785446314707085,34.4653152157804,18491
0.3226628,34.2398832,18492
0.0882766790165118,34.6098230101427,18493
0.0806334695463356,34.4883400583192,18494
0.1052799,34.7587721,18495
-0.478011666666667,34.9733016666667,18496
-0.757003544832031,34.6282925677097,18497
-0.8875862,34.481628,18498
0.978248333333333,35.1766733333333,18499
-0.0166461,34.4340792,18500
-0.0167388,34.4340375,18501
1.1056681,35.2411028,18502
0.133705562192529,34.472425710189,18503
0.116275047632778,34.5436908122579,18504
0.5669247,34.7523834,18505
0.5668617,34.7523368,18506
0.697169875454707,34.7359170425232,18507
0.453805,34.228566,18508
-0.529195,34.8729383333333,18509
-0.394948501756741,34.6711454345999,18510
0.582861030744077,34.5337869976939,18511
-0.542865,34.6557516666667,18512
-0.542953333333333,34.6555433333333,18513
0.233936666666667,34.5287433333333,18514
-0.299936666666667,35.2569666666667,18515
0.2499539,34.7790322,18516
-0.861573333333333,34.56237,18517
-0.0220023744474415,34.7302433978824,18518
0.95019076233813,34.9621440457711,18519
-0.180886239849018,34.9643463134758,18520
0.0205168717490274,34.6216542130104,18521
-0.967863333333333,34.5052316666667,18522
0.4148292,35.1407683,18523
-0.347958333333333,35.03673,18524
0.690383333333333,34.9793416666667,18525
-0.569125,34.5161983333333,18526
0.1019271,34.5710063,18527
0.3343756,35.138108,18528
-0.0474915070941785,34.5048992307538,18529
-0.0474896318247524,34.505031919492,18530
-0.348206877428133,34.9939301034858,18531
0.346293333333333,34.4949433333333,18532
0.346243333333333,34.4950233333333,18533
0.2632687,34.5496582,18534
0.2627506,34.5489193,18535
0.3293873,34.2350667,18536
-0.437329022890261,34.948795553962,18537
-0.437644585015523,34.9540030870681,18538
0.0816821,35.1851334,18539
0.72979,34.5628138,18540
0.147144001080462,34.7984802410334,18541
0.147175743602215,34.7985384057829,18542
-0.0019654,34.4660199,18543
0.7733349,34.8344846,18544
0.1020226,34.5052768,18545
0.1020255,34.5052825,18546
0.152610019896346,34.6659826494998,18547
0.153162400050859,34.6689114984031,18548
0.2202,34.53693,18549
0.165370872079273,34.6252966382036,18550
0.200148897819192,34.6929055180191,18551
-0.149165240903231,34.4216788601553,18552
-1.1056514,34.4515374,18553
0.3583124,34.278148,18554
0.358304,34.2781522,18555
-0.2274107,36.2547984,18556
-0.2275301,36.2549172,18557
-0.4648666,35.1215729,18558
0.151632886688753,34.7642417520917,18559
0.7485754,34.7328198,18560
0.7485189,34.7327835,18561
0.3403956,35.1891391,18562
0.2624423,34.291847,18563
0.2624287,34.2918387,18564
0.9977342,34.9626741,18565
0.9977364,34.9628116,18566
0.378435065158877,34.6573927252908,18567
0.4368868,34.1514398,18568
-0.8696741,37.1697549,18569
0.218683700134966,34.6206411447282,18570
0.369645,35.4030683,18571
0.7462343,34.4003716,18572
0.2637411,34.7576319,18573
0.112718,34.675144,18574
-0.792891666666667,34.6201416666667,18575
-0.787786666666667,34.6179366666667,18576
0.4808028,35.256472,18577
0.7673027,34.5094556,18578
0.7672977,34.509667,18579
0.0564587,34.686668,18580
0.0564285,34.6867014,18581
-0.951396666666667,34.6882316666667,18582
-0.7440219,34.9488997,18583
-0.7439495,34.9483413,18584
0.126156666666667,34.324645,18585
0.126106666666667,34.3248,18586
0.3474302,34.2882303,18587
-0.754733333333333,34.9073816666667,18588
-0.754818333333333,34.90749,18589
-0.697801666666667,34.89793,18590
-0.698341666666667,34.897975,18591
-0.547655891829183,37.3119213702328,18592
-0.58319,34.6854733333333,18593
-0.577378333333333,34.7238283333333,18594
1.01300666666667,35.027125,18595
-0.4676236,37.5208626,18596
0.4408226,34.7634851,18597
0.110326244557446,34.6170619782893,18598
1.0261983,35.348855,18599
-0.694823333333333,35.2225633333333,18600
-0.600663861436374,34.7125104770133,18601
-0.60061117094222,34.7124376072293,18602
-0.654691666666667,34.8450116666667,18603
-0.515471666666667,34.6868616666667,18604
-0.469556666666667,34.9062666666667,18605
0.6806922,34.5125496,18606
0.0456339791106019,34.4799465795871,18607
0.624700695010371,34.4233324795551,18608
0.624639902666058,34.4233618655412,18609
0.358355583683683,34.713613610751,18610
0.358451475228735,34.7136878084949,18611
0.148446649673944,34.7777628650676,18612
0.803943865922309,34.7943147807441,18613
0.3587408,35.4077229,18614
-0.286796666666667,35.4009666666667,18615
-0.286803333333333,35.4010333333333,18616
-0.3455468,36.4128762,18617
-0.3454189,36.4128129,18618
0.0337127,34.441092,18619
1.02433731810363,34.8370066281417,18620
-0.547561666666667,34.9898566666667,18621
0.684613912756441,34.7410493025091,18622
0.454646147741666,34.5670378752982,18623
0.601108333333333,35.39451,18624
0.4207909,34.6827055,18625
0.4203768,34.6830394,18626
0.7309413,34.3617262,18627
0.7311401,34.3615049,18628
-0.459275,34.9057716666667,18629
0.4552563,34.1205594,18630
-0.9416011,34.5788473,18631
-0.696065,34.7840866666667,18632
-0.122053635231148,34.4007704138966,18633
-0.119631955308159,34.4044685505842,18634
0.2123786,34.3258395,18635
0.2065148,34.3300909,18636
0.0192459,34.8493488,18637
0.0193536,34.8492718,18638
0.210111666666667,34.1268483333333,18639
0.209395,34.1283333333333,18640
0.183668,37.7337385,18641
0.8756038,34.7406104,18642
0.327026705798502,34.7634379276021,18643
0.3549144,35.427455,18644
1.1110303,35.2259489,18645
0.899370063730949,34.9507061033799,18646
0.42365,35.09751,18647
0.424386666666667,35.098835,18648
0.9252394,35.0587563,18649
0.9249634,35.0590824,18650
0.569945,35.3924716666667,18651
-0.8958729,34.897963,18652
0.0390383,34.4702812,18653
0.0391082,34.470284,18654
-0.757034,34.6949826,18655
-0.666717299343916,34.3861238567711,18656
-0.667239587101762,34.3856518807477,18657
0.8398079,34.9201026,18658
0.377466997456852,34.5749873489634,18659
0.2778981,34.2825978,18660
-0.5181076,34.8457529,18661
0.496236568459695,34.5480686116537,18662
1.0536345,34.9809769,18663
0.0153485,34.6457203,18664
0.6128804,34.4725163,18665
-0.8308438,34.4816322,18666
0.243796886842521,34.7045278226449,18667
0.33551,35.1358067,18668
0.106302787566428,34.6166319282641,18669
0.0597993,35.083447,18670
-0.8497012,37.0513494,18671
-0.8495728,37.0513595,18672
-0.593533333333333,34.6653666666667,18673
0.144595,34.9987766666667,18674
0.760026,34.5087443,18675
0.7598949,34.5086643,18676
0.541856824131438,34.5620931831154,18677
-0.799381,34.6496769,18678
-0.530975,35.01804,18679
-0.530848333333333,35.0180033333333,18680
-0.751088575299393,34.3612110463174,18681
0.0250013,34.7724675,18682
-0.850241666666667,34.7752766666667,18683
-0.850531666666667,34.7756916666667,18684
0.196135973036002,34.332939475559,18685
0.477298909803939,34.574904751911,18686
0.123663240700869,34.4866113581768,18687
0.123134071097047,34.4863141944745,18688
-0.648568333333333,34.630445,18689
-0.64859,34.6305283333333,18690
-0.8173101,37.3616963,18691
-0.8169041,37.3614307,18692
-0.0516823,35.2368882,18693
0.411317459822754,34.4740662665696,18694
0.411309559633194,34.4740673770825,18695
-0.308958936963973,34.3250103483635,18696
-0.308998297974945,34.3238411203534,18697
0.123632022633811,34.7376329157098,18698
0.141128306809972,34.7876015852822,18699
0.7071833,35.436775,18700
0.3569352,34.4324002,18701
0.3571112,34.4319462,18702
-0.79436,34.8836666666667,18703
-0.79441,34.8836266666667,18704
0.2761398,34.5687903,18705
0.275885,34.5690091,18706
0.0893780953035432,34.764497065219,18707
0.7214455,34.5617333,18708
0.7674835,35.058603,18709
-0.9352891,34.4550643,18710
0.388007,34.391559,18711
0.176180227900234,34.6129893905335,18712
0.175549661449219,34.6131355023126,18713
-0.788789131173907,34.4807447281072,18714
-0.789184898090449,34.4804828004796,18715
0.408348333333333,35.07019,18716
0.408336666666667,35.0701016666667,18717
0.507694099382394,34.2485180542305,18718
0.133131666666667,34.38082,18719
0.133081666666667,34.3805583333333,18720
1.00809,35.0408133333333,18721
0.1156261,34.4493586,18722
-0.661314184898203,34.6996530624059,18723
-0.660903169131932,34.6965030303366,18724
1.1060983,35.0928017,18725
0.7494119,34.6676106,18726
0.1169413,34.7585365,18727
0.1170008,34.7584902,18728
0.8635325,35.1381188,18729
0.863174,35.138244,18730
0.3420258,34.1000745,18731
0.171833,34.2441826,18732
0.952225,35.1552183333333,18733
-0.673708166576393,34.7017803943374,18734
0.0866562042844644,34.7345580416803,18735
0.0741794,34.7494043,18736
0.203755,34.136435,18737
0.207601666666667,34.13704,18738
-0.467218333333333,34.6171133333333,18739
-0.467178333333333,34.6170916666667,18740
-0.516015,34.66354,18741
0.544016235508025,34.8726567719132,18742
0.478797327850698,34.4266373721953,18743
0.478510047313084,34.4252079215305,18744
0.8054574,35.140376,18745
0.8050262,35.1402443,18746
0.9812091,34.8322376,18747
0.4496998,34.9205302,18748
0.4294844,35.1182434,18749
0.8050654,34.4736041,18750
0.8050906,34.4736616,18751
-0.657158852313948,34.5459140639727,18752
-0.657144133231429,34.5443556854515,18753
0.364026887070653,34.7339766569037,18754
0.364920092211666,34.7336909533954,18755
0.156216851732707,34.6352966629586,18756
0.156153102543299,34.6352550521327,18757
0.2476193,34.5560402,18758
0.156960912766206,34.7726215570202,18759
0.3603564,34.4381149,18760
0.0281014,34.6826659,18761
0.1019542,34.5053022,18762
-0.850233333333333,34.8804983333333,18763
0.279464633593669,35.1855481607433,18764
0.1675305,34.4987772,18765
0.167444,34.4987041,18766
-0.511065,34.5336633333333,18767
0.7309762,34.3221147,18768
0.7310438,34.3220811,18769
-0.9914168,34.876745,18770
0.647239498794079,34.9480282701552,18771
0.646993573755026,34.9479209817946,18772
0.100847071536048,34.481297686349,18773
0.100984950077054,34.4812677534292,18774
-0.567429617160446,37.0147598998386,18775
0.7598347,34.5741613,18776
-0.536263333333333,34.706965,18777
-0.536276666666667,34.7069916666667,18778
0.584516334347427,34.843365708366,18779
0.7882782,34.8220949,18780
0.7881728,34.8221973,18781
0.780482,34.8251094,18782
0.780473,34.8250263,18783
-0.276846666666667,35.2828233333333,18784
-0.413446666666667,35.0858966666667,18785
0.4767544,34.1549243,18786
0.7877688,34.9816766,18787
-0.273785031090314,34.3718952133401,18788
-0.2750784706328,34.3721005593192,18789
0.401339799230497,34.7201009962991,18790
0.401455168048541,34.720597664193,18791
-0.348548333333333,35.0406433333333,18792
-0.69212,34.8438583333333,18793
-0.7485347,34.6579664,18794
0.543138734064996,34.7851507924497,18795
0.543026500381529,34.7852821368724,18796
0.60555,35.4798217,18797
0.58527738336119,34.5320901908899,18798
0.654338333333333,34.28973,18799
0.6612925,34.5066353,18800
-0.0570173521300432,34.5086344117407,18801
-0.0566859538893658,34.5086737522147,18802
0.0838661,34.7226934,18803
0.0783108974197423,34.6874585975634,18804
-0.325205,35.1968266666667,18805
0.554005,35.424935,18806
-0.7058043,34.6881338,18807
-0.7053465,34.689405,18808
0.3771919,34.4421199,18809
-0.783132616921969,34.6505771867837,18810
0.7753155,34.977482,18811
0.7750754,34.9774428,18812
0.230108365515052,34.6844480695841,18813
0.299817096873736,34.740512303874,18814
0.0034716666666667,34.960385,18815
0.3604974,35.0841867,18816
0.0714027,34.7362209,18817
0.0714117,34.7362238,18818
-0.672701666666667,34.7958783333333,18819
-0.672716666666667,34.7958883333333,18820
1.0258583,35.347115,18821
0.0014474,34.4237874,18822
0.0014861,34.4237378,18823
-0.8903911,34.8280151,18824
0.93743090105661,35.0249729413696,18825
0.5633858,34.7349516,18826
0.0177039,34.659454,18827
0.9045992,35.0937257,18828
0.413728575131868,34.5789772471263,18829
-0.9462665,34.5967851,18830
-0.9474302,34.596479,18831
0.7530181,34.8390286,18832
0.549189447920893,34.5137462353541,18833
0.549097284524706,34.5136805719808,18834
0.56571949826585,34.4808401643643,18835
0.946126109826985,34.9890499980351,18836
0.378642929497683,34.7100113401994,18837
0.37860861075241,34.7100356967175,18838
-0.44896,35.022385,18839
-0.44905,35.0245266666667,18840
0.053266,34.6908572,18841
0.0503624383126096,34.4669783843647,18842
-0.0758225238801107,34.5110172978415,18843
-0.0757210360546064,34.511095160619,18844
0.113645,34.2015383333333,18845
0.598678086586499,34.6307249657088,18846
0.598710818499731,34.6307199942418,18847
0.4393121,34.6635309,18848
0.1802406,35.2844635,18849
0.542724611364736,34.4006644811352,18850
0.542754917749499,34.4005357151498,18851
0.6049176,34.6180573,18852
0.6049144,34.6180562,18853
0.5386053,34.9046932,18854
0.5386536,34.9047615,18855
0.0947813,35.1878513,18856
1.169478,34.9970216,18857
-0.897695,34.693375,18858
0.14452086905857,34.4797904030445,18859
-0.0083242025462325,34.6235449143995,18860
0.6427483,34.4700082,18861
0.642808,34.4700497,18862
0.897262547752162,34.8779529280157,18863
-0.553177018232285,34.6159978853125,18864
0.0261891,34.8793079,18865
0.026202,34.8792825,18866
0.12632674115134,34.4427371364796,18867
-0.5068328,34.7927517,18868
0.170857795384798,34.6123774084965,18869
0.729750722259819,35.155895052042,18870
0.720636329692221,35.1407785516532,18871
0.9812253,34.9068841,18872
-0.0230623189550951,34.731841811216,18873
0.2048254,34.781376,18874
-0.1063821,34.5158741,18875
1.0685636,34.873676,18876
0.442534553468544,34.2498607665544,18877
0.0549932734458247,34.5656196572089,18878
0.0551214511990411,34.5657859576085,18879
-0.4361724,37.5699236,18880
0.84986292099953,34.8922988061797,18881
0.1808749,34.043098,18882
0.1805649,34.0439132,18883
0.194825045221706,34.6922282361083,18884
-0.546423903169646,37.3121859310275,18885
-1.03357166666667,34.4561066666667,18886
-1.03358,34.456115,18887
-0.520096666666667,34.6655566666667,18888
-0.0157648378559539,35.0678379055214,18889
-0.0478609229573566,34.6612111459216,18890
1.0915709,34.7848115,18891
0.619969331244629,34.4195018061953,18892
0.830971666666667,35.2690616666667,18893
0.597417084659207,34.4264919879323,18894
0.597391898051063,34.4265448644151,18895
0.1700402,34.2723831,18896
-0.9219036,34.4737434,18897
-0.9216059,34.4739427,18898
0.3944121,34.4088198,18899
0.3950356,34.408746,18900
0.210381666666667,35.065125,18901
0.750446666666667,34.625155,18902
-0.682518333333333,34.4315916666667,18903
-0.67553,34.4305933333333,18904
0.3669607,34.5906145,18905
0.189376,34.8323912,18906
0.40464771924856,34.6753380097622,18907
0.1431135,34.8852591,18908
0.1433386,34.8855279,18909
0.2163062,34.501618,18910
0.086152918865579,34.7079517954954,18911
0.2745431,34.5679891,18912
0.2020268,35.5814271,18913
0.6898629,34.984991,18914
0.6898209,34.9849635,18915
0.0710534560742221,34.6557117228597,18916
0.0709794490429251,34.6557113195711,18917
0.6374976,34.5526633,18918
0.6375034,34.5526624,18919
-1.0996218,34.3741191,18920
-1.1026332,34.3783473,18921
0.113949655402969,34.6788046191051,18922
0.2006129,34.8466428,18923
-0.484663333333333,34.977215,18924
1.1639287,34.8121981,18925
0.6499098,34.7748273,18926
1.0058683,35.068435,18927
-0.6433188,35.1279364,18928
0.1858019,34.9316277,18929
0.1858101,34.9315495,18930
0.5561769,34.8263882,18931
0.158836666666667,34.9951366666667,18932
0.2077489,34.7327599,18933
0.6865773,34.855007,18934
0.6865926,34.8550713,18935
-0.970178487845862,34.627747698035,18936
-0.970722106344477,34.6329708880797,18937
-0.62527,35.0145383333333,18938
-0.646420601432134,34.5503140016565,18939
-0.654280331291486,34.5666799348436,18940
-0.9582419,34.7354668,18941
0.6868651,34.5392873,18942
-0.0464166748986007,34.6637119406846,18943
0.668455939739943,34.72546024248,18944
0.670022685080767,34.7256722208112,18945
-0.618185,35.0335383,18946
-0.0091,34.8697983333333,18947
-0.339956666666667,35.29083,18948
-0.56283317402624,37.1895295485585,18949
0.534015650110632,34.6241919848026,18950
0.534005097718207,34.624063960424,18951
0.1838352,34.7954547,18952
0.184274,34.7958403,18953
0.1581971,34.4856541,18954
-0.688821666666667,35.4116133333333,18955
-0.833771949527423,34.5405706338014,18956
-0.834515868139022,34.5405538832883,18957
0.886533333333333,35.5052433333333,18958
0.886145,35.5048116666667,18959
-0.5297187,34.9068837,18960
0.37860199199678,34.9519857137859,18961
-0.133775401275086,34.5521118382043,18962
-0.133821338437755,34.5520888862566,18963
-0.8499122,37.0396172,18964
0.627140155993402,34.9514283891767,18965
0.627107592299581,34.9514180794358,18966
0.0876278049945096,34.7670568239339,18967
-0.0492970509181957,34.660255852979,18968
-0.618908333333333,35.02692,18969
-0.618891666666667,35.02693,18970
0.54637089692954,34.4020060969528,18971
0.546368888592985,34.401991143608,18972
0.206089834938552,34.637173279284,18973
0.20634457269432,34.6372292199246,18974
-0.684326666666667,35.25144,18975
-0.684188333333333,35.25159,18976
0.0152633,34.3939983,18977
-0.9303999,34.704499,18978
0.0659682,34.4522239,18979
-0.3220902,35.1844849,18980
0.1022736,34.744289,18981
-0.563861666666667,34.742905,18982
0.3248783,35.3748383,18983
-0.493803333333333,34.5996466666667,18984
-0.494225,34.6005766666667,18985
0.4239323,34.6769044,18986
0.4239405,34.6769589,18987
0.753954,34.4524421,18988
0.7542068,34.452259,18989
0.277730350474489,34.7761378434736,18990
0.1175226,34.7365686,18991
0.44779,34.5276683333333,18992
0.448028333333333,34.5278483333333,18993
0.9871814,35.0392485,18994
-0.414055,34.47259,18995
0.0803573,35.1561637,18996
0.5070956,34.748053,18997
0.5069029,34.7476737,18998
-0.339261666666667,35.1857866666667,18999
-0.5490109,36.0258508,19000
-0.8357267,37.1800225,19001
1.0052641,35.3395477,19002
1.0051652,35.3394578,19003
0.25274624633118,34.7014784666697,19004
-0.758966518107552,34.653598848392,19005
-0.759028521649207,34.6536444641946,19006
0.0088587,34.8387997,19007
0.0088722,34.8387795,19008
0.0600797,34.6930978,19009
-0.0046738,34.4211738,19010
0.3726841,34.1314875,19011
0.0338733333333333,34.8957916666667,19012
0.3276979,35.1987874,19013
0.3276456,35.1987786,19014
-0.4823868,37.4959372,19015
0.0328823,34.8693933,19016
1.030458,34.8541103,19017
0.631777886837012,34.7952467147278,19018
0.631614346261651,34.7955726004175,19019
0.7453816,34.8451552,19020
0.286483295843162,34.7615913373334,19021
0.990033333333333,35.0728616666667,19022
0.95606,35.3749933,19023
0.480279773799384,34.6123019600509,19024
0.116201666666667,37.5528166666667,19025
0.483796,34.732433,19026
-0.575715,34.68504,19027
-0.57497,34.6852066666667,19028
0.8024589,35.0805103,19029
-0.727481666666667,35.1779683333333,19030
-0.727496666666667,35.178225,19031
0.223661666666667,34.1622733333333,19032
0.223586666666667,34.16228,19033
0.165638,37.5705767,19034
-0.368889511110996,34.9951621813864,19035
-0.369454334134724,34.9952875695573,19036
0.748787094529011,34.7093549390086,19037
0.340136662217793,34.3550522486613,19038
0.3628301,34.2819786,19039
0.460881666666667,34.50322,19040
0.460861666666667,34.5029766666667,19041
0.839988333333333,35.07745,19042
0.840176666666667,35.0773583333333,19043
0.1378267,34.8695959,19044
0.1380673,34.8703334,19045
-0.0042595,34.3242447,19046
-0.0042289,34.3243101,19047
0.3523067,35.1456227,19048
0.3517379,35.145266,19049
1.1126491,34.7889827,19050
1.1125555,34.7890025,19051
0.9981983,34.8150912,19052
-0.5713951,36.0189752,19053
0.6441715,34.6598897,19054
-0.154393333333333,35.49953,19055
0.187209,34.0465091,19056
0.1872048,34.0464546,19057
0.8002901,34.423537,19058
0.8002512,34.423542,19059
0.2335145,34.5267948,19060
0.4044549,34.6720922,19061
0.4045824,34.6719013,19062
1.02138666666667,35.1172533333333,19063
-0.102734852446371,34.6251901780696,19064
-0.0023857,34.6350359,19065
-0.0023836,34.6350465,19066
0.2146251,34.7614226,19067
0.501781561120679,34.6681769223013,19068
1.164061,34.8135713,19069
0.6500943,34.7747298,19070
0.36091960926156,34.8246249691672,19071
0.361112626295495,34.82492750825,19072
0.568814150140414,34.5925729899936,19073
0.138496666666667,35.182375,19074
0.823067441341414,34.9525119223402,19075
0.822910523870385,34.9525721562071,19076
0.2469194,34.1591212,19077
0.2467986,34.1590531,19078
0.9678552,34.925421,19079
-0.7288791,34.7875097,19080
-0.7289679,34.7875737,19081
-0.601756666666667,34.86049,19082
0.1553203,34.3111797,19083
-0.768393963162444,34.2297521530998,19084
-0.768722139687167,34.2298770938336,19085
-0.0102418,34.6869713,19086
0.833678333333333,35.258805,19087
0.682878,34.5381092,19088
0.8024361,34.6440768,19089
0.493237269621223,34.5515481089653,19090
-0.1069839,37.8290197,19091
0.7613009,34.5716733,19092
0.4512922,34.6591153,19093
0.285730778873448,34.5615557033307,19094
0.285674159524131,34.561324720306,19095
0.3497124,34.2854963,19096
0.349707,34.2855036,19097
-0.766006666666667,34.3531566666667,19098
0.1434378,34.882772,19099
0.1436772,34.8828503,19100
0.2431149,34.7719575,19101
0.2860935,34.7491752,19102
-0.0565597124444823,34.3387788555068,19103
-0.0579903965485475,34.3340707417131,19104
0.163475,34.17421,19105
0.2786243,34.2412649,19106
0.2786268,34.2412571,19107
0.622088512565874,34.2825530578618,19108
0.622108152133617,34.2825668625438,19109
0.7431022,34.5602532,19110
0.792432300349466,34.6972366990217,19111
-0.5576508,34.844706,19112
0.606065739347704,34.5461293428133,19113
0.7691126,34.6689374,19114
0.4376124,34.6895827,19115
0.843737928573908,34.7472704279241,19116
0.7291781,35.0088995,19117
0.7291603,35.0089266,19118
0.2733167,34.09535,19119
-0.466173333333333,34.921695,19120
-0.4668,34.921555,19121
0.862648333333333,35.04095,19122
-0.905343333333333,34.6028016666667,19123
0.190345455738434,34.3214528197566,19124
0.190170572747493,34.3212805970977,19125
0.8223457,34.8517413,19126
0.0832147,37.4958759,19127
0.645909126478557,34.2809795515118,19128
0.221069012432652,34.7914885205845,19129
-0.758203333333333,34.54476,19130
-0.758318333333333,34.544785,19131
-0.357146666666667,35.0428466666667,19132
-0.357143333333333,35.0428816666667,19133
-0.0055081,34.4095077,19134
-0.0055301,34.4094575,19135
0.1723733,34.6550603,19136
0.1738117,34.6560705,19137
-0.4846734,35.1138162,19138
0.4112564,35.4071058,19139
0.1164542,34.7243689,19140
0.1165608,34.7244646,19141
-0.216416666666667,35.4066233333333,19142
0.581788333333333,34.2991183333333,19143
-0.5727164,36.0120527,19144
0.9285745,34.9927012,19145
0.1419447,34.7232774,19146
0.1418512,34.7231829,19147
-0.62217,34.7492733333333,19148
0.0627178,34.6992507,19149
0.0627219,34.6992423,19150
-0.6046508,35.1773662,19151
-0.75906,35.0726583333333,19152
-0.191285820359091,35.2328421701044,19153
0.630565,34.2815716666667,19154
0.59855601105043,34.6278867065252,19155
-0.7685959,34.2642135,19156
-0.7698257,34.2645607,19157
0.1649808,34.1177431,19158
0.850047646621117,34.8953019144697,19159
0.219888206455183,34.7949912386293,19160
0.219911967954919,34.7949601311763,19161
0.346485,34.494945,19162
0.3464,34.49496,19163
-0.850775,34.6766416666667,19164
-0.8388,34.3664716666667,19165
-0.834078333333333,34.3676816666667,19166
0.787896,35.0443734,19167
0.7878298,35.0443629,19168
0.6784821,34.7441544,19169
-0.429463333333333,35.011905,19170
-0.3066885518775,34.2961178295792,19171
-0.306496952526432,34.2959608031001,19172
0.595761784000467,34.6472346402575,19173
0.387397264663648,34.5007117011387,19174
0.7398756,34.4459329,19175
0.6973357,34.5186963,19176
0.6973532,34.5188,19177
0.673891394399107,34.8659301269799,19178
-0.0057301,37.5883927,19179
0.1114931,34.4644564,19180
-0.447454222653987,34.7760084542784,19181
0.22404,35.0613016666667,19182
0.73932,34.5631912,19183
0.0222256,34.7705378,19184
0.2838649,34.2394582,19185
0.2837976,34.2394477,19186
0.3064945,34.5499608,19187
0.2971728,34.210248,19188
0.2618583,34.1495243,19189
0.7359556,34.9639911,19190
-0.70222,34.51099,19191
-0.731521666666667,34.89327,19192
-0.36130414643497,34.8891198364221,19193
0.6421276,34.471848,19194
0.307697,34.2109717,19195
0.3072384,34.211141,19196
-0.630455,34.3695483333333,19197
-0.630033333333333,34.3694416666667,19198
0.6359217,35.495695,19199
0.5408,35.0230683333333,19200
-1.118599,34.400854,19201
-0.805061666666667,34.946395,19202
0.75905,34.6005716666667,19203
0.0925798207217137,34.6626727624307,19204
0.3324974,34.3160225,19205
0.332536,34.315945,19206
0.041608967940582,34.6197042286503,19207
0.854500294976196,35.2249460323132,19208
0.0603667,34.9394157,19209
0.685606207835335,34.3711080931084,19210
0.4217267,34.8567147,19211
0.489183146159239,34.5717616006174,19212
1.14744348294935,35.1670932259068,19213
-1.0169629,34.289385,19214
-0.9754978,34.5857078,19215
0.443065,34.5187233333333,19216
-0.7841741,36.9547603,19217
-0.3448528,36.4143306,19218
-0.585885,34.7981433333333,19219
-0.585925,34.798095,19220
-0.9354561,34.768538,19221
-1.0884895,34.3862645,19222
-1.0897154,34.3858961,19223
0.608316,34.4376806,19224
0.6084101,34.4375346,19225
0.7381223,34.4843523,19226
0.590222,34.6032473,19227
0.1446734,34.6380284,19228
0.654325833435216,34.7730683982533,19229
0.654371863400249,34.7731160257304,19230
0.2205812,34.8442889,19231
0.4095879,34.1679631,19232
0.4095877,34.1679622,19233
0.6072353,34.521668,19234
0.573885759590436,34.4081076405595,19235
0.573910527845362,34.4087205424009,19236
0.7546396,34.3631217,19237
0.7546404,34.3631365,19238
-0.0041818,37.5879567,19239
-0.8266856,37.1933731,19240
1.107425,35.0719116,19241
1.1074241,35.072034,19242
0.8459487,34.9795328,19243
0.189938,34.7455176,19244
0.7461707,34.4036274,19245
0.7461384,34.4035339,19246
0.1843572,34.7570917,19247
0.508714532621384,34.5675148796169,19248
0.508733657184582,34.5676804194794,19249
1.0823531,34.839082,19250
-0.82048,35.19471,19251
0.1868203,34.7908597,19252
0.186858,34.7908034,19253
0.463361666666667,35.11847,19254
0.4612204,34.6760293,19255
0.4611588,34.6760024,19256
-0.649971666666667,34.3843583333333,19257
-0.64978,34.3843716666667,19258
0.1934582,34.0747077,19259
0.2133083,35.585695,19260
0.21329,35.5858401,19261
0.271186586251649,34.707745469988,19262
0.27119090037803,34.707788398008,19263
0.162649634678139,34.3182982458654,19264
0.0820438,34.4950532,19265
0.4266679,35.4775652,19266
0.787718,35.0440484,19267
-0.283761164968379,34.389701060678,19268
-0.283859427205277,34.3900164439533,19269
0.1503747,34.8831198,19270
0.1506923,34.8823916,19271
-0.8356148,34.5524742,19272
0.188278080116302,34.3230040113406,19273
0.238106086597118,34.6837640839794,19274
-0.474635538058158,34.7817178548908,19275
-0.474231633951339,34.7822432951658,19276
-0.7993472,34.6563031,19277
-0.7995812,34.6561455,19278
-0.2299285,36.4035373,19279
0.3194221,34.5732187,19280
0.122863333333333,34.162615,19281
0.12282,34.162585,19282
-0.6573035,34.6584184,19283
0.8788642,34.9961659,19284
0.60617972361151,34.5458106174411,19285
0.606149548040583,34.545763697268,19286
-0.543465,34.880065,19287
-0.543185,34.8804183333333,19288
-0.40952,35.0846083333333,19289
0.862675,35.0414733333333,19290
0.415545494550342,34.4828928334699,19291
0.415620215319812,34.4828801540859,19292
0.4552033,35.5452733,19293
0.4549483,35.5451167,19294
-0.5858504,36.9970934,19295
0.2923915,34.7345183,19296
0.177823833027682,34.3264226310817,19297
-0.0419013643643374,34.6892297846825,19298
0.227385,35.2725717,19299
0.683444071069016,34.3467725234285,19300
0.683489689855181,34.3467283943048,19301
0.2684117,35.4311667,19302
0.2458664,34.4627873,19303
-0.3592598,35.0038757,19304
-0.365063835457621,34.9933764497541,19305
-0.286731127770855,34.3528924674227,19306
-0.286522893810449,34.3528717204098,19307
0.679171666666667,34.98666,19308
0.1385656,34.6336421,19309
0.1384425,34.6340144,19310
-0.8383831,36.9633193,19311
0.4397468,34.3559752,19312
0.5918938,34.4418797,19313
0.5918035,34.4419057,19314
-0.7255609,34.7780052,19315
-0.0230418563466121,34.7110990865898,19316
0.7507183,34.3507512,19317
0.750753,34.3512743,19318
-0.3563618,35.0945022,19319
-0.9985427,37.1857768,19320
-0.9985256,37.1855764,19321
0.7724161,35.0142669,19322
-0.509941655807833,34.7021545271933,19323
-0.509818789699763,34.7023265080625,19324
0.238230911675505,34.6093284984262,19325
1.02628,35.3483683,19326
0.7672262,34.504436,19327
0.7672713,34.5044217,19328
-0.0410626,35.2211296,19329
-0.0455215,35.2476351,19330
0.670463,34.5698553,19331
0.491035,35.0132267,19332
0.03666,34.1884,19333
-0.450555,34.9341666666667,19334
-0.583555,34.678905,19335
-0.583758333333333,34.6789116666667,19336
0.825017125829599,34.977795372165,19337
-0.639597763865557,34.7299499350902,19338
-0.639675546538632,34.7294830510512,19339
0.13015,34.3791783333333,19340
0.129866666666667,34.37956,19341
0.5588469,34.7583756,19342
-0.451738333333333,34.952055,19343
0.7090605,34.4233435,19344
0.7090987,34.4233606,19345
0.650976666666667,35.1019766666667,19346
0.611787627806858,34.4342532822376,19347
0.611767345499833,34.4342438396552,19348
0.167919391663581,34.6302917843901,19349
-0.0530741851294444,34.6704880317394,19350
0.731735,34.7462783333333,19351
0.218561666666667,34.1704366666667,19352
0.426370259783064,34.4494173246301,19353
0.7857537,34.4979761,19354
0.7860436,34.4981994,19355
0.1327085,34.3506628,19356
0.1326556,34.3507753,19357
-1.0306994,34.5675242,19358
0.72712,35.3725066666667,19359
-0.9582114,34.4538582,19360
0.2575029,34.5324567,19361
-0.622108333333333,34.74923,19362
-0.622396666666667,34.7493633333333,19363
0.422334230976553,34.3968552420225,19364
-0.55552,34.567505,19365
-0.55512,34.5665983333333,19366
0.2919431,34.4511346,19367
0.627271668054163,34.8472503852099,19368
-0.528975329632263,34.7107566605681,19369
-0.530075104682752,34.7084945136574,19370
0.49155789019754,34.5956454415314,19371
0.782035743187889,34.7226832369755,19372
-0.994526,34.4958059,19373
-0.9945228,34.4958859,19374
0.84259862031227,34.7514593293433,19375
0.8778719,34.7488439,19376
-0.7220658,34.7215923,19377
0.234909,34.4761589,19378
-0.8960957,34.802629,19379
-0.8973817,34.8066889,19380
-1.1597109,34.4467324,19381
0.2643196,34.4306451,19382
0.2644559,34.4305681,19383
0.989516666666667,35.0660133333333,19384
-0.725545,34.7616893,19385
0.43476046604358,34.7932843259611,19386
0.2288501,35.4009806,19387
1.07692517823773,34.9220836330136,19388
-0.812703333333333,35.1768016666667,19389
-0.812795,35.176985,19390
0.183315,34.1269766666667,19391
-0.539874128605187,37.2915600658607,19392
0.9791289,34.9842543,19393
-0.0209763,34.4497267,19394
-0.8447323,37.0555086,19395
-0.8447251,37.0556404,19396
-0.373885,35.1391033333333,19397
0.06907,34.2596766666667,19398
0.069135,34.25938,19399
-0.3034464,35.1612217,19400
-0.544812109968623,34.6210760668956,19401
-0.54461465724316,34.6202191895655,19402
-0.863221666666667,35.4378133333333,19403
-0.38803,35.095085,19404
-0.38771,35.0951833333333,19405
0.7165663,35.178296,19406
0.616425,35.455375,19407
-0.7177373,34.7174178,19408
-1.1107162,34.4309266,19409
0.133656666666667,34.384,19410
-0.510160926398742,34.7780756874997,19411
-0.424632004158589,34.9505143332821,19412
-0.68321,35.3210633333333,19413
-0.682665,35.3212533333333,19414
0.0644503,34.7577518,19415
-0.3106097,36.2230054,19416
-0.3105937,36.2229989,19417
0.698096824205539,34.7436349953299,19418
0.4552172,34.1208293,19419
0.455255,34.1208479,19420
0.1237426,34.7999867,19421
0.0946416661384847,34.6617379756143,19422
-0.633028333333333,34.3713183333333,19423
-0.632553333333333,34.3715716666667,19424
-0.396314753259836,34.703454419843,19425
-0.396157685764594,34.7042608986321,19426
0.556421666666667,35.0135033333333,19427
-0.435978333333333,34.7326016666667,19428
-0.435976666666667,34.7326,19429
0.2453237,34.1717321,19430
0.2453268,34.171731,19431
0.337203099814497,34.3488353932593,19432
-0.673208333333333,34.3072766666667,19433
-0.672545,34.30749,19434
-0.4457621,36.9626873,19435
-0.8595256,34.8015377,19436
0.0340874,35.2790215,19437
-0.5136173,37.4789667,19438
-0.5135088,37.4790763,19439
0.1551984,34.268183,19440
0.1551926,34.2681734,19441
0.47998,35.0176016666667,19442
0.4689694,34.3164653,19443
-0.0441169239053036,35.0957530829697,19444
-0.0443359710554418,35.0960141956306,19445
-0.74252,34.9178983333333,19446
-0.4872715,34.8650123,19447
-0.4872507,34.8650023,19448
0.7863637,35.0029578,19449
0.18212471740544,34.6907949848802,19450
0.8420004,34.8482463,19451
0.8413124,34.8492376,19452
-0.7340094,34.7648474,19453
0.361335,35.02099,19454
0.3543358,34.4351199,19455
-0.384778333333333,35.1257716666667,19456
0.0849141,34.46792,19457
-0.757401666666667,35.1563116666667,19458
0.955853333333333,35.1636466666667,19459
0.557537624208237,34.5087587464762,19460
0.415863,35.1410684,19461
0.1795546,34.2409889,19462
0.8166227,34.4679251,19463
0.1072693,34.5735067,19464
0.2276847,34.4731015,19465
0.7045382,34.651316,19466
0.0180752,34.8292242,19467
-0.0135429,37.5754559,19468
-0.0135527,37.575408,19469
0.372991888499647,34.5923798539251,19470
0.372960085307972,34.5923466846721,19471
0.082019,34.4950363,19472
0.833618333333333,35.258655,19473
-1.0666888,34.3804997,19474
0.2254007,34.8250502,19475
0.1117408,34.4538879,19476
0.111765,34.453914,19477
0.733582,34.4419916,19478
0.7335772,34.4419861,19479
0.1394513,34.8725634,19480
0.139395,34.8724616,19481
-0.653968333333333,34.6361633333333,19482
-0.653941666666667,34.6361383333333,19483
-0.837393333333333,34.8764533333333,19484
-0.36593948163193,34.8937145086481,19485
-0.365671304465715,34.8940021413653,19486
0.839932069494407,34.798870538099,19487
0.198669133760517,34.6792780200138,19488
0.488110857964903,34.5910448672164,19489
0.1081678,34.6509603,19490
0.1081626,34.6510736,19491
-0.695296666666667,35.364295,19492
-0.695283333333333,35.3641583333333,19493
0.843656666666667,35.06403,19494
-0.9508661,34.6049174,19495
-0.9506531,34.6056839,19496
0.0573645,34.6580195,19497
-0.0320601219021961,34.6878832413939,19498
0.6811701,34.5372814,19499
0.7374532,34.4150997,19500
0.570496914539244,34.620162452325,19501
0.850825741321603,34.8941431491869,19502
0.732559,34.3647521,19503
0.7325045,34.3647389,19504
-0.6037705,35.1783926,19505
0.336546666666667,35.1053933333333,19506
-0.5016137,35.9712411,19507
-0.587,34.67044,19508
-0.586808333333333,34.6700216666667,19509
0.810899871789679,34.7024597811509,19510
0.2858209,34.2013507,19511
-0.525176666666667,34.8203116666667,19512
-0.525748333333333,34.8203783333333,19513
0.1705497,34.3520668,19514
0.0600432,34.6548775,19515
-0.534697903467604,34.3905845867602,19516
-0.534832021236617,34.3906565975891,19517
-1.0368517,34.2992244,19518
0.6406589,34.2925794,19519
0.7636107,34.5155145,19520
-0.116439316776945,34.5797746337149,19521
-0.116205210462885,34.5796748627955,19522
0.6868758,34.6163764,19523
-0.1044627,34.5243139,19524
-0.1039042,34.5262028,19525
1.00762666666667,35.0689416666667,19526
0.616576755542376,34.309528922257,19527
-0.250041995506763,34.9767292460508,19528
0.730395980320453,34.7858765251238,19529
0.73023181712576,34.7856293331502,19530
0.7457488,34.3551697,19531
0.7456589,34.3553938,19532
-0.701171666666667,34.93243,19533
0.917071666666667,35.1673166666667,19534
0.8150858,34.4750278,19535
0.8150577,34.4749323,19536
-1.0711753,34.2891566,19537
-1.0706775,34.2893445,19538
-0.2234563,36.4294212,19539
-0.2234467,36.4294442,19540
-0.2316179,36.2669093,19541
-0.7772891,34.7196271,19542
-0.454,35.0029516666667,19543
0.709866666666667,35.3678133333333,19544
0.472446666666667,34.9858583333333,19545
0.4724,34.98594,19546
-0.0309024,34.4522751,19547
0.7508347,34.3361411,19548
0.7562107,34.5165766,19549
-0.544478333333333,34.9558283333333,19550
0.793513333333333,35.1811316666667,19551
0.793316666666667,35.1812983333333,19552
0.302071666666667,34.469245,19553
0.302043333333333,34.4692433333333,19554
0.6745257,34.8324448,19555
0.6745247,34.8324558,19556
0.1827352,34.2354139,19557
-0.748789841794411,34.4067690526097,19558
-0.750053899071342,34.4068113752038,19559
0.225305,35.0580166666667,19560
0.225283333333333,35.0580083333333,19561
0.750005411833006,34.70114902375,19562
0.724791,34.8677373,19563
0.7245671,34.8676783,19564
-0.569805,34.7997233333333,19565
0.761649488238686,34.8968951314278,19566
0.606169756665629,34.546049103243,19567
0.3284406,35.1990591,19568
0.9535091,35.2091576,19569
-0.4696561,36.9476744,19570
0.6074665,35.1511369,19571
0.0200816666666667,34.923505,19572
-0.417679886559786,34.9531267419891,19573
-0.417688451338866,34.953105922192,19574
0.844432441534103,34.7451248139586,19575
0.9042867,35.0934467,19576
0.1645429,34.7020767,19577
0.1646476,34.7020016,19578
-0.585101666666667,34.68496,19579
-0.585085,34.6850616666667,19580
0.2251776,34.4595958,19581
0.828323709632075,34.7139003326823,19582
1.0175825815097,34.8216364979151,19583
0.815338638524138,34.962598465002,19584
0.346516792965602,34.5717722197361,19585
0.346652270120719,34.5716293416348,19586
0.2925152,34.2414577,19587
0.2935309,34.2425582,19588
-0.608918333333333,34.8319133333333,19589
-0.0705460141026445,34.3549740607019,19590
-0.510048333333333,34.592255,19591
-0.227315,35.3841583333333,19592
-0.8873622,34.4701202,19593
-0.9186197,34.4604786,19594
-0.297119329825326,34.3637224389569,19595
0.0960443,34.7261806,19596
-1.0246156,34.3801234,19597
-0.53748,34.8810433333333,19598
0.2515659,34.2795494,19599
1.0096483,35.20262,19600
-0.7593469,37.58795,19601
-0.759385,37.5879231,19602
0.898716178398096,34.885653501066,19603
-0.0270883,34.8034435,19604
-0.0271247,34.8035049,19605
0.9815386,35.1821336,19606
0.6393202,34.7324383,19607
0.6392909,34.7324707,19608
0.479071592853636,34.4191336422521,19609
0.7391669,34.6584872,19610
0.346726666666667,34.4948733333333,19611
0.346465,34.495015,19612
0.998136666666667,35.0633166666667,19613
0.653837816789746,34.9087371770293,19614
0.547620998695493,34.8783521912992,19615
0.3736034,35.0684268,19616
-0.400540136172121,34.6941327187555,19617
-0.400988926570399,34.693892366915,19618
0.7304727,34.9868343,19619
0.7305433,34.9868595,19620
0.540252181567646,34.3400331604695,19621
0.540204236002896,34.3400413722598,19622
-0.7965524,37.3210187,19623
-0.7966083,37.3210164,19624
-0.8204956,35.2458761,19625
-0.639548551368231,34.3557418873921,19626
-0.639358791091225,34.355793681464,19627
0.0590114,35.0826281,19628
-0.631761666666667,34.8384433333333,19629
0.4782283,34.7554131,19630
0.8537682,34.7034178,19631
0.8479809,34.7122429,19632
0.1565951,34.3498301,19633
0.1566221,34.3499544,19634
-0.750695,34.5787866666667,19635
-0.750703333333333,34.57877,19636
0.354544789666001,34.715890773002,19637
0.354507956296221,34.7159252433796,19638
0.557254927239536,34.4384882635881,19639
0.8110132,34.5684618,19640
0.8110124,34.5683653,19641
0.8764176,34.7308128,19642
0.7399154,34.9796982,19643
0.7399799,34.9795175,19644
0.7539093,34.8535559,19645
0.75392,34.8535552,19646
0.477532038140312,34.4265888835322,19647
0.477570136161186,34.4266253302837,19648
0.1620151,34.3557316,19649
0.1621425,34.3555351,19650
-0.886117,34.7773743,19651
-0.51164,34.6028933333333,19652
-0.511771666666667,34.602815,19653
-0.80836,34.650411,19654
-0.562503333333333,34.4965516666667,19655
-0.565591666666667,34.4911716666667,19656
-0.588388333333333,34.6680466666667,19657
0.9105465,34.9638846,19658
0.50849,35.1278,19659
-0.252958333333333,35.2710416666667,19660
-0.252996666666667,35.2704433333333,19661
-0.7006436,34.8127299,19662
-0.669975,34.4607666666667,19663
-0.361042197331586,34.6381516781812,19664
-0.2678497,36.2391248,19665
0.5730935,34.8292666,19666
0.4674408,34.8999794,19667
-0.9781961,34.4787572,19668
0.2653722,34.7996958,19669
0.2651804,34.7994057,19670
-0.470095,34.9190116666667,19671
0.0593462,37.5732538,19672
-0.3538284,35.0967784,19673
-0.3539081,35.0965638,19674
0.07594,37.4909883333333,19675
-0.0598174,34.1043429,19676
-0.0598151,34.1042972,19677
0.9838101,35.0408954,19678
0.2321,35.6062733,19679
0.2321067,35.60625,19680
0.6125172,34.7759094,19681
0.6125162,34.7759091,19682
-0.562933562721124,37.0302293975233,19683
0.7829743,34.9723001,19684
0.7826264,34.9722058,19685
0.7794582,34.840669,19686
0.779571,34.8405266,19687
0.6837933,35.45247,19688
0.505987217740483,34.5807057115964,19689
-0.0946225,37.8114458,19690
-0.0611143,37.7978644,19691
-0.210189937795882,35.2499207075621,19692
-0.210225746998679,35.2498761547799,19693
0.4443817,35.561645,19694
-0.0603127391326257,34.3524549908584,19695
-0.0603434041325505,34.3524672002684,19696
1.1672194,34.8520578,19697
0.2850725,34.7541658,19698
-0.708885,34.4901316666667,19699
-0.708913333333333,34.4901316666667,19700
-0.543065420141132,37.3056823843468,19701
0.387142342172213,34.3509827415348,19702
-0.963095,34.4301014,19703
-0.730326666666667,34.891055,19704
-0.0194348,35.2715957,19705
0.519622946438575,34.6373595953189,19706
0.7695562,34.3565756,19707
0.769512,34.3565798,19708
0.7589678,34.901903,19709
0.7589661,34.9018829,19710
0.5422544,34.2635189,19711
0.530908460664401,34.2724490546922,19712
0.4725593,34.7350714,19713
-0.6494774,35.1437073,19714
-0.7971055,36.9722505,19715
0.6133349,34.5446606,19716
0.6139242,34.5447465,19717
0.6481231,34.5159815,19718
0.6481155,34.516047,19719
0.1237382,37.5461898,19720
-0.508143333333333,34.6572266666667,19721
0.2602665,34.4091487,19722
-0.55384,34.9941316666667,19723
-0.751753333333333,34.884865,19724
-0.648815,34.9931333333333,19725
-0.541251666666667,34.7197616666667,19726
-0.543715,34.72015,19727
-0.424733333333333,35.0125883333333,19728
-0.424703333333333,35.0125933333333,19729
0.401879035794587,34.4753880644298,19730
0.401846176444721,34.4754001958333,19731
0.6595053,34.4649629,19732
-0.8348211,37.1771839,19733
0.3430767,34.470564,19734
0.79234,34.5711232,19735
-0.59572,34.3689683333333,19736
-0.595603333333333,34.3688633333333,19737
0.7244285,34.6099965,19738
0.7419707,34.672342,19739
0.7426561,34.6718,19740
0.5937743,34.5041391,19741
0.198018387111119,35.0871246367157,19742
0.1623396,34.7112789,19743
-0.525240708867781,34.6027965618111,19744
0.236375,35.08483,19745
0.236413333333333,35.08483,19746
-0.501702026416595,37.0843669644877,19747
0.3006549,34.6977858,19748
0.3018182,34.698246,19749
-0.300110572518232,34.3091391640368,19750
0.0158323030986579,34.6591419506383,19751
0.286813717951388,34.6908677954836,19752
0.154621076892038,34.6566586089475,19753
0.1140667,35.5525567,19754
-0.316108605365357,34.33173508424,19755
0.1205165,34.5666042,19756
0.3543028,35.1667439,19757
-0.539375372138689,34.3859088225322,19758
-0.539185202831498,34.3853161307375,19759
0.769425276913167,34.9228323870741,19760
0.645598489791155,34.9474297184497,19761
0.631766361085634,34.2949747708943,19762
-0.62315,34.78248,19763
-0.62323,34.7823716666667,19764
0.6481736,34.4736986,19765
0.397889254984981,34.8034939783887,19766
0.0854847,34.9087532,19767
-0.7602919,34.6969075,19768
-0.167761499302209,35.0436836769913,19769
0.760981666666667,34.6023016666667,19770
0.138940049787435,34.5439368082718,19771
-0.63126,34.62656,19772
-0.63102,34.6269333333333,19773
-0.7809854,37.3332168,19774
-0.7809674,37.3333611,19775
0.434909222207912,34.4912289098977,19776
0.451291182433025,34.4861660066088,19777
0.314510212152871,34.7126776128073,19778
0.354621,34.4373828,19779
-0.7050667,34.7558058,19780
-0.0318656,34.3331879,19781
-0.0315595,34.3331089,19782
-0.9702059,34.6373115,19783
0.6797891,34.8463273,19784
0.6797494,34.8465721,19785
0.2938653,34.2445556,19786
0.2938648,34.2460919,19787
-0.8153729,34.7956109,19788
-0.5790716,36.0489085,19789
-0.5790415,36.0489711,19790
0.4708797,34.1203191,19791
-0.874336666666667,34.60228,19792
-0.875313333333333,34.6012716666667,19793
0.4810235,35.2567406,19794
0.0789879,34.4990872,19795
0.0790115,34.4990881,19796
-0.9230427,34.8581101,19797
-0.9890076,37.1324395,19798
0.2720788,34.1409532,19799
0.2720146,34.140662,19800
0.832978887643261,34.7898852917643,19801
0.239270199250383,34.6102713602636,19802
0.8615381,34.8505463,19803
-0.60034,34.944875,19804
-0.600273333333333,34.9450816666667,19805
-0.6984277,34.978993,19806
-0.7609643,34.6745976,19807
0.379314562181199,34.3617242360224,19808
-0.811675,34.9299783333333,19809
-0.8117,34.92985,19810
0.7222945,34.4226087,19811
0.7222934,34.422685,19812
0.3674547,34.166582,19813
0.1126102,34.5028607,19814
0.2424391,34.7590606,19815
0.280430696811044,35.1870179489231,19816
0.5668255,34.5639875,19817
0.1204994,34.4380548,19818
0.1205773,34.4380476,19819
-0.8668736,34.7128002,19820
-0.8672114,34.7124994,19821
0.6406051,34.6686579,19822
-0.5371777,34.8696848,19823
-0.744196666666667,35.3150983333333,19824
0.453172797652397,34.4858424457759,19825
0.453181150979922,34.4858169391076,19826
0.0430158,35.1940657,19827
0.0430145,35.1964704,19828
0.0474249,34.4488437,19829
-0.5191295,37.0327399,19830
0.624943301081657,34.9549238104373,19831
0.3048158,34.1407887,19832
0.3065744,34.1421177,19833
0.1288352,34.2523239,19834
-0.706916666666667,34.4952483333333,19835
-0.707116666666667,34.4958583333333,19836
0.7873426,35.040021,19837
0.78569,35.0337833333333,19838
0.30984,34.4520183333333,19839
0.2503607,34.5191782,19840
0.1184257,34.8752876,19841
0.51075,34.6082033333333,19842
-0.118138715138607,34.363458839307,19843
0.2461443,34.555328,19844
0.6553821,34.5538881,19845
0.1576063,34.2677797,19846
-0.600388333333333,34.79549,19847
-0.0513809789564359,34.5936860339019,19848
0.2681466,34.5130706,19849
-0.9552072,34.4549668,19850
-0.618178504834622,34.7141180684445,19851
0.0781322527915341,34.6469610343002,19852
0.90365713611611,34.8871253257561,19853
0.7176147,34.634532,19854
0.1620244,34.3557712,19855
0.873814,34.9936567,19856
-0.5251996,34.9102618,19857
1.0832758,34.7812877,19858
0.358075415745775,34.7141726705509,19859
0.0500477,34.6624527,19860
-0.506703333333333,34.6073833333333,19861
0.8103095,35.0552839,19862
0.6076204,34.8453702,19863
-0.955186666666667,34.50318,19864
0.25895,34.4648933333333,19865
-0.5483359,37.4968524,19866
0.664126770570874,34.7234950214624,19867
-0.511968333333333,34.6014716666667,19868
0.0112005,35.3659633,19869
0.989581666666667,35.1869516666667,19870
0.197470599480322,34.6942008419973,19871
-0.8540671,34.837372,19872
-0.695716666666667,34.8837733333333,19873
-0.9967386,34.4671822,19874
0.194970846946511,34.3345038053073,19875
-0.557085129208595,37.3014732605316,19876
-0.662016666666667,35.3810333333333,19877
0.0886025307948516,34.7021486633342,19878
0.9817703,34.9743692,19879
0.153925132742462,34.6531697580753,19880
0.0590417,34.7511159,19881
0.333631,35.1359625,19882
-0.547451857346543,37.3117348714079,19883
0.7231525,34.6091821,19884
-0.5612714,34.8452952,19885
0.7552874,34.8785723,19886
0.4230652,34.854775,19887
0.3855071,34.1998999,19888
0.6834913,35.4508569,19889
0.0676813,34.7522548,19890
0.7306184,34.6790666,19891
0.4419184,34.7718454,19892
-0.481945,34.6855711,19893
0.173086666666667,34.1613983333333,19894
0.6076066,34.8453586,19895
0.2863797,34.1364205,19896
0.1384598,34.8738284,19897
0.2780596,34.2830279,19898
0.810827778228142,34.9437092302175,19899
-0.3143198,36.2306001,19900
0.0400253,34.460569,19901
0.984561666666667,35.1801283333333,19902
-0.0754194276583141,35.0052684410045,19903
0.870557946247076,35.0018035662338,19904
0.840018333333333,35.0775983333333,19905
-0.326951666666667,35.034375,19906
0.417163109832417,34.4802788217089,19907
0.637343488633633,34.9134720303118,19908
-0.973958,34.5913353,19909
0.0945564,34.4470037,19910
-0.41972,34.5500216666667,19911
0.2636423,34.5137907,19912
-0.868297,34.8398466,19913
-0.560266666666667,34.9738833333333,19914
-0.8887849,34.8977604,19915
0.705513333333333,34.5947,19916
0.0730393,34.9014247,19917
-0.0027893,34.4644765,19918
-0.398074333363571,34.7027203264354,19919
0.049503201156178,34.6253471729768,19920
0.831126417247271,34.7922143402472,19921
0.739221,34.6685483,19922
-0.4912143,34.802056,19923
0.248621666666667,34.5568416666667,19924
0.987838333333333,35.0664983333333,19925
-0.608253333333333,34.831835,19926
0.4295839,34.8004161,19927
-0.549169689234492,37.0298684040599,19928
-0.7169878,34.7712019,19929
0.3492943,34.2862791,19930
-0.6179774,37.2170527,19931
0.653558333333333,34.2898533333333,19932
0.3494259,35.2014594,19933
0.9908429,34.9387859,19934
0.3168183,35.3762283,19935
0.887971,34.9337753,19936
-0.4956805,34.851828,19937
-0.437055,34.733175,19938
0.348449894804283,34.7303949211686,19939
0.1521864,34.5225903,19940
0.9531754,35.3957774,19941
0.327058524753519,34.7632206910618,19942
0.210809101486928,34.6159870632228,19943
0.2182045,34.3029682,19944
0.6424653,35.1222349,19945
-0.412581666666667,34.8288216666667,19946
0.0450637,35.1935806,19947
0.7386562,34.6580136,19948
-0.790205,34.3633633333333,19949
0.7590364,34.8470499,19950
0.78835,35.0438583333333,19951
0.224508333333333,35.060865,19952
1.02528,35.1161983,19953
0.3116713,34.3503228,19954
0.630217026919127,34.8390093818307,19955
0.392137369969432,34.9199137792647,19956
-0.41318,34.4727916666667,19957
-0.55170297940017,34.6160341160616,19958
-0.453423333333333,34.5572333333333,19959
0.664088051139569,34.7589834080885,19960
0.619949903139804,34.4195056163007,19961
1.0895426,35.0711307,19962
-0.945475,34.4880566666667,19963
-0.751172267223452,34.6315867406841,19964
0.789606,34.4151417,19965
0.4810456,35.2565743,19966
0.315888829593897,34.5675693716564,19967
1.0347321,34.8591068,19968
-0.8416139,37.194167,19969
-0.8149256,34.7230352,19970
0.2880709,34.0963496,19971
-0.406408333333333,35.0828466666667,19972
-0.114525037812045,34.6279302403726,19973
-0.374269452665992,34.641402639265,19974
0.663629642141941,34.7879988686499,19975
-0.0328912011613063,34.6872314289067,19976
-0.6045019,34.7671811,19977
1.1708672919698,34.7765297721298,19978
-0.422013333333333,34.7315583333333,19979
0.378682311691584,34.3599629761073,19980
-0.220341666666667,35.218185,19981
-0.8031913,34.8613016,19982
-0.418258333333333,34.7313616666667,19983
-0.759128333333333,35.07273,19984
0.792853105321943,34.7633061003635,19985
0.3151161,35.1694598,19986
0.7377112,34.6559569,19987
-0.514491666666667,34.5350683333333,19988
0.43661,34.6720609,19989
0.251524160313201,34.7735708205734,19990
-0.338625966229121,34.3155838594639,19991
0.1921711,36.4001684,19992
0.286439851165139,34.7615454001877,19993
-1.1105321,34.4134896,19994
-0.8502024,37.026305,19995
0.128593774616645,34.5409217840655,19996
0.6838214,35.4524985,19997
-0.573616666666667,34.6844816666667,19998
0.785526666666667,35.0335183333333,19999
-0.8020323,34.6542956,20000
0.439458333333333,35.323615,20001
0.7176295,34.9207101,20002
0.0750666013657314,34.4624309472715,20003
-0.397739511802004,34.6728953805068,20004
-0.6872676,34.668424,20005
-0.7015375,34.7538578,20006
-0.46182,34.9153083333333,20007
-0.519642099995718,34.7039837344146,20008
-0.545013333333333,34.7192283333333,20009
0.1093808,34.5567,20010
0.6975347,34.518947,20011
-0.631084696694445,34.7315303816675,20012
-0.270751783333333,35.3939124666667,20013
0.697329408029681,34.7288323701377,20014
0.612352734314818,34.2813119662171,20015
-0.0019719,34.6352259,20016
-0.9947861,34.4953762,20017
0.656341,34.5107011,20018
0.1239408,34.7290488,20019
0.3290902,34.2287388,20020
-0.9888278,34.382097,20021
0.6889631,34.6270619,20022
1.1688256,34.7777375,20023
0.2779915,34.2434932,20024
0.1144212,34.7297385,20025
-1.04168,34.4480366666667,20026
0.6596689,34.6577724,20027
-0.5538955,37.10339,20028
-0.9230685,34.8284203,20029
0.833698333333333,35.25894,20030
-0.021126867820218,34.6683343763753,20031
-0.338798333333333,35.2900133333333,20032
0.0219975229063952,34.6554753327289,20033
0.1018978,34.5052036,20034
0.960640148208529,35.4061895515205,20035
0.6588414,34.8394613,20036
0.395079401329459,34.7400700368837,20037
0.8908248,34.932639,20038
0.152938062540009,34.7677329934722,20039
0.388713,34.3879374,20040
-0.6451032,35.1424796,20041
0.773043333333333,35.495385,20042
1.0260135,35.3496168,20043
-0.557498333333333,34.5712283333333,20044
0.7674696,35.0585205,20045
0.3470495,34.2884485,20046
0.3861322,34.1977258,20047
-0.56621,34.5330666666667,20048
-0.65019,34.614235,20049
-0.9489246,34.485858,20050
0.0928433333333333,34.2132433333333,20051
0.130076666666667,34.3768533333333,20052
-0.439818333333333,34.9794116666667,20053
0.531771666666667,34.525015,20054
-0.745911666666667,34.2471983333333,20055
0.373578770330772,34.6377291132136,20056
0.6406107,34.732443,20057
-0.374506666666667,35.0986,20058
-0.0110094833263547,34.6215675681626,20059
0.540315604466823,34.4921232746137,20060
-0.107720272376393,34.6451531179621,20061
-0.407393333333333,35.0856,20062
0.7486296,34.5643532,20063
-0.0475971528106342,34.5879794370224,20064
-0.143828926217726,34.5724945063771,20065
-0.0296812,34.4546076,20066
0.834008333333333,35.2600183333333,20067
0.3166067,35.37623,20068
-0.5988443,35.176573,20069
-0.7836803,34.7110838,20070
0.4312755,34.7410809,20071
0.773816666666667,35.1792233333333,20072
-0.7545632,37.5145658,20073
-0.499491405574814,37.0867620514086,20074
0.978955,35.170905,20075
0.75356284164235,34.6511732728684,20076
-1.1200341,34.4028853,20077
0.3634571,35.143224,20078
0.2782834,34.2421443,20079
0.274438211443163,34.5374236464843,20080
-0.469076666666667,34.9607966666667,20081
-0.464638333333333,35.0173966666667,20082
0.2321877,34.8147662,20083
0.85392806286228,35.2259352011604,20084
-0.714541666666667,34.8803633333333,20085
0.732793913443341,34.5793844796887,20086
0.6954069,34.9784025,20087
0.2868856,34.2019676,20088
0.590770617127419,34.8366762790829,20089
0.5999938,34.4156242,20090
0.0108933,35.3511302,20091
1.04779111217393,34.8185599790862,20092
0.83756,35.0623983333333,20093
-0.0844498,34.0816839,20094
1.0834142,34.8305014,20095
0.02832,35.0433583333333,20096
0.542856666666667,34.54338,20097
-0.0318548,34.4526101,20098
-0.556630736701096,37.3072467224459,20099
-0.571306666666667,34.805365,20100
-0.736475,34.559185,20101
0.4709685,34.7360527,20102
0.6433339,34.6378561,20103
0.45485,35.5468667,20104
0.2318152,34.8280932,20105
-0.2281576,36.3890786,20106
0.3335195,35.1384462,20107
-0.621632789661151,34.7346177062032,20108
-0.3548211,35.2469748,20109
0.6774302,34.8406012,20110
0.748716666666667,35.0925333333333,20111
0.6811584,35.4554865,20112
0.0505621,34.4662522,20113
0.3554147,35.4260245,20114
0.2290544,34.3288335,20115
0.0508196,34.6980661,20116
0.1365289,37.7905406,20117
-0.9389915,34.4391721,20118
-0.9487416,34.582846,20119
-0.8725483,34.7760224,20120
-0.3035919,35.1793787,20121
0.9806933,34.9054894,20122
-1.0182667,34.293209,20123
0.4100343,34.1685019,20124
-0.29651850643424,34.3769935602607,20125
-0.1514545,35.0747746,20126
0.568932254019916,34.480082752561,20127
0.84013,34.8492693,20128
-0.758690908511692,34.6560033469251,20129
-0.75732,35.0829916666667,20130
1.0828129,34.7861068,20131
0.677212426273043,34.7832541703851,20132
0.2166854,34.5392682,20133
-0.542507969740937,34.3866784573927,20134
-0.7884231,34.8186514,20135
0.678737344118933,34.7444222377319,20136
0.788471666666667,35.043855,20137
-0.5534724,37.2392744,20138
-0.6031619,35.2050688,20139
-0.035969112008289,34.5091571190557,20140
-0.034836725005432,35.0140326888207,20141
-0.468868333333333,34.5679216666667,20142
0.3035601,34.469596,20143
0.907378333333333,35.1418066666667,20144
0.5592648,34.8782364,20145
0.587126666666667,34.4364066666667,20146
-0.8385767,36.9633126,20147
0.0111831,34.4734697,20148
-0.44597887131543,34.890044048496,20149
0.837391031778322,34.7994039999517,20150
-0.660828333333333,34.45194,20151
-0.227283333333333,35.383315,20152
-0.4639767,34.6611413,20153
0.2199633,35.1491033,20154
-0.5214621,37.1325703,20155
0.4288703,34.151385,20156
0.8155339,34.4758408,20157
-0.626785,34.9805366666667,20158
0.5228486,34.6567303,20159
0.0812397252295844,34.4870797426828,20160
-0.2766148,36.2313163,20161
-0.4598429,35.1170987,20162
0.381667969897219,34.7133176428154,20163
-1.00655,34.3674766666667,20164
-0.4767715,34.8671324,20165
0.7588318,34.4466675,20166
0.051534369688662,34.6227934335167,20167
0.50953,35.0727416666667,20168
0.5456527,34.7456993,20169
0.1813934,34.2358785,20170
0.434197582682083,34.4968695906211,20171
0.6420432,34.5756461,20172
-0.859615,34.6316983333333,20173
0.4280905,34.2417794,20174
0.2648987,34.2666422,20175
-0.55834,35.0024566666667,20176
0.0736644,34.7314205,20177
-0.310958293139224,34.325206282636,20178
0.3096312,34.1389445,20179
0.2584307,34.177867,20180
0.116592409823972,34.5441233187311,20181
0.623771342339119,34.2631082031036,20182
0.3621697,34.4344193,20183
-0.7977939,34.648001,20184
1.0216667,35.1128467,20185
0.1065304,34.5550561,20186
-0.310624,36.3530684,20187
0.983955,35.3444416666667,20188
0.778585,35.01048,20189
0.0909539399783374,34.6924339456052,20190
0.0732416666666667,34.262835,20191
-0.774113775414256,34.4955711650663,20192
0.0415716666666667,34.3766316666667,20193
0.236649372674169,34.6207112842241,20194
-0.760703333333333,34.6085716666667,20195
-0.915088333333333,34.5843383333333,20196
-0.6044462,35.2305745,20197
-0.4409746,37.5420042,20198
-0.8127575,36.9713613,20199
-0.624491666666667,34.6354016666667,20200
-0.2242788,36.2682798,20201
0.2293216,34.3287043,20202
-0.440035,34.97947,20203
0.1820816,34.0519499,20204
0.6393223,34.7323253,20205
0.6912425,34.7351159,20206
0.702856666666667,34.597755,20207
-0.0498653,34.1589782,20208
0.3944447,35.1941635,20209
0.063745,34.4518316,20210
0.839362937826706,34.7996303972854,20211
-0.487436,37.4634547,20212
0.13751072484569,34.7479541865645,20213
0.116452613413702,34.4838151719718,20214
0.247973665558072,34.6817462363696,20215
-0.670427106825118,34.3824003297538,20216
-1.1038128,34.4415304,20217
0.910490016705729,34.9690501992425,20218
0.2800983,34.384365,20219
0.0139176,37.6424059,20220
0.736151666666667,35.3553483333333,20221
-0.574331666666667,34.8053966666667,20222
0.7638288,35.0990143,20223
0.7356194,34.6284403,20224
0.1496191,34.8944907,20225
0.7425197,35.098847,20226
0.0601989,34.6929755,20227
-0.424381666666667,35.084765,20228
-0.0562793351902298,34.6662444151047,20229
-0.7230011,34.7608261,20230
0.121950703517059,34.5420368041301,20231
-0.698833,34.7509813,20232
0.421901,34.1531816,20233
-0.7795905,34.8013057,20234
0.156016,34.3255572,20235
-0.905511666666667,34.7318283333333,20236
0.7858274,35.0689397,20237
0.189201666666667,37.5204666666667,20238
0.374573644600119,34.6374417221271,20239
0.82085325940608,34.935871824567,20240
0.6865365,34.6160397,20241
1.0146574,35.1948029,20242
0.177869371356198,34.3265093860626,20243
0.2821801,34.1301868,20244
0.546247246675193,34.8795053735375,20245
0.3741539,34.4142422,20246
0.801589188156131,34.7117974854003,20247
-0.7220282,34.7331724,20248
0.739486666666667,34.9816033333333,20249
0.954543179782907,34.9722038976859,20250
0.7782188,34.8105936,20251
-0.206711666666667,35.2194816666667,20252
0.150969494680837,34.6536001427822,20253
-0.653133333333333,34.635845,20254
-0.38705,34.9188233333333,20255
0.7343446,34.4382172,20256
0.8767642,34.7304329,20257
0.0041451,34.6448821,20258
-0.554083333333333,34.707705,20259
0.1356914,34.2465497,20260
0.3499455,34.116796,20261
-0.7946258,37.4110016,20262
0.7465971,34.5622687,20263
0.880236666666667,35.0244716666667,20264
0.837855,35.06295,20265
1.01564,35.196305,20266
0.0474506,34.4487822,20267
1.04252794483414,34.8064183733922,20268
0.3632934,35.1433634,20269
-0.5970039,35.2100044,20270
0.47791,34.5087383333333,20271
0.7906837,34.9606378,20272
0.2290588,34.4723113,20273
-0.7601668,34.7758701,20274
-0.6450279,35.1264582,20275
-0.4434577,37.538464,20276
0.0293197,34.8250844,20277
-0.5612265,34.8457446,20278
-0.530101666666667,34.8735,20279
-0.860351666666667,34.6752583333333,20280
-0.0924726,35.1244758,20281
0.97991,35.0804066666667,20282
-0.652991666666667,35.355755,20283
-0.513846666666667,34.9353133333333,20284
-0.42637,35.0825266666667,20285
0.8305463,34.9798151,20286
-0.6643037,34.6453367,20287
0.421853567510575,34.8176304683948,20288
0.0979966,34.652278,20289
-0.9422783,34.7375679,20290
0.0579426,34.8862859,20291
0.736681666666667,34.8982683333333,20292
-0.9890113,34.3775156,20293
1.02079666666667,35.1171683333333,20294
0.217765,35.5778917,20295
0.6457953,35.1443617,20296
0.0599011,34.7719737,20297
0.195238333333333,35.119465,20298
0.2343982,34.8518968,20299
-0.57598,34.8039766666667,20300
0.7045691,34.5278279,20301
0.0307584,34.6805312,20302
-0.421416666666667,34.4712366666667,20303
0.311968,34.1390715,20304
-0.6972963,34.9122747,20305
0.862301907408006,34.900305190697,20306
0.7612354,34.5709437,20307
-0.455488333333333,34.90894,20308
0.378546617911008,34.9521595442921,20309
-0.164208333333333,35.51121,20310
-0.754846666666667,34.559045,20311
0.705881305948342,34.7328518319943,20312
0.1883373,34.7913373,20313
0.2801033,34.7236751,20314
-0.596876666666667,34.6904066666667,20315
-0.4812224,34.8302473,20316
-0.632073333333333,34.527565,20317
0.363205,35.3870417,20318
1.029447,34.8125645,20319
0.2006696,35.4349017,20320
0.578033888183404,34.6468028916547,20321
-0.4690761,34.9057053,20322
0.7579518,34.6066187,20323
-0.4783112,34.7986838,20324
0.45425,34.5082166666667,20325
0.6821105,34.5206717,20326
0.2243736,35.2783129,20327
0.1511545,34.4935229,20328
0.859275,35.2190366666667,20329
-0.456451666666667,34.9359683333333,20330
0.1976263,35.2900271,20331
0.990008333333333,35.0729333333333,20332
-0.44592396284096,34.8727199434489,20333
0.2721089,34.5787189,20334
-0.634314853890632,34.736048313711,20335
-0.913571666666667,34.69117,20336
0.07199,34.25861,20337
-0.9177352,34.4590153,20338
-0.654036666666667,34.8446933333333,20339
0.199598333333333,35.0751783333333,20340
-0.6031845,34.8695755,20341
0.621586666666667,34.31238,20342
0.3140725,34.2889059,20343
0.346331666666667,34.4949266666667,20344
-0.596551666666667,34.36916,20345
-0.5882104,37.0984445,20346
0.9678936,34.9252558,20347
0.243324706426318,34.6115556736938,20348
-0.4894,34.9763016666667,20349
-0.648366666666667,34.9927866666667,20350
0.2007799,35.4331549,20351
-0.545963333333333,34.9449366666667,20352
-0.9923911,37.1609759,20353
0.7180596,34.567545,20354
0.256781678740595,34.6914707020249,20355
0.2458147,34.5762281,20356
-0.705586666666667,34.2609383333333,20357
0.0511307092192876,34.6229841918948,20358
-0.582966666666667,34.6627333333333,20359
-0.0225623051134972,34.6195677889766,20360
-0.8423641,37.1939618,20361
0.235611900076072,34.6161513240954,20362
0.7097301,35.1490637,20363
0.0760431309125531,34.6701010077434,20364
0.9910425,35.2116871,20365
0.668929307721555,34.6600657235831,20366
0.799363899929657,34.7023892960351,20367
0.169535408425932,34.6072758664846,20368
0.1551407,34.8957979,20369
-0.8973949,34.8967261,20370
0.140661479625107,34.7881519118868,20371
0.558802097201426,34.4225940683314,20372
0.7933311,34.6993523,20373
-0.557728333333333,34.951765,20374
0.6846119,34.6218736,20375
-0.547519970989866,37.0407298357414,20376
0.8311424,34.868808,20377
0.120055,34.1971933333333,20378
1.0259467,35.3496283,20379
0.20565526562657,34.6351471628508,20380
-1.04382833333333,34.540575,20381
-0.672233333333333,34.8002533333333,20382
0.10742,34.208365,20383
1.0081254,35.339689,20384
-0.498828333333333,34.6256,20385
0.707662239582585,34.5945795601593,20386
0.204785786074585,34.6659525343317,20387
-0.7601527,34.7760466,20388
-0.6415779,35.1505191,20389
0.264826,34.7036664,20390
-0.730135,34.805476,20391
-0.0002269,35.1923577,20392
0.355244383171862,34.3517655227671,20393
-0.624632595886961,34.7360166966775,20394
0.0838798,34.4683695,20395
0.7662423,34.5052633,20396
-0.481890358268579,34.792238198456,20397
0.3226313,34.2398863,20398
0.2023142,34.8470219,20399
0.08765,34.2094683333333,20400
0.788256666666667,35.043895,20401
-0.3703041,35.140258,20402
-0.538785314922399,34.3850817292836,20403
-0.648971666666667,34.6271,20404
-0.0566157152862796,34.3362257771808,20405
0.6076099,34.8453658,20406
-0.838471666666667,34.7770933333333,20407
1.0298028,34.8095783,20408
0.102891295339091,34.7626738729989,20409
0.4904377,35.0128131,20410
-0.515977177101007,34.711561234468,20411
0.3280696,34.3141915,20412
0.6599893,34.4464367,20413
-0.539153333333333,34.497645,20414
0.2177377,35.1566642,20415
-0.57884992248031,34.3943386647996,20416
-0.713160026454581,34.3769402412053,20417
0.7580215,34.9069349,20418
1.102059,34.8362012,20419
-0.230251666666667,35.4023016666667,20420
0.9808962,34.9057762,20421
-0.291231740941977,34.3149040058859,20422
0.11609,34.20435,20423
0.371416354106416,34.7193922370242,20424
-0.4882852,37.1470795,20425
-0.0211913,34.6847817,20426
0.1242161,34.7283598,20427
0.091497521743158,34.7264212021094,20428
1.02935262863435,34.8113301729435,20429
0.7680548,34.5085418,20430
-0.6447318,35.1323289,20431
0.1834032,34.7955657,20432
0.0551721,34.6441307,20433
1.07491880716813,34.9115966004953,20434
-0.467076666666667,34.6420316666667,20435
-0.37651,35.1431866666667,20436
0.5607600892365,34.4778405121173,20437
-0.975995,34.4927742,20438
0.7898878,34.8272465,20439
0.4407028,34.6611883,20440
0.3789568,34.3997171,20441
-0.520655,34.8264366666667,20442
-0.0498479154870977,34.5834841396012,20443
0.1530389,34.3225893,20444
-0.5709618,36.0425856,20445
-0.594073333333333,34.7923583333333,20446
-0.948703333333333,34.6634266666667,20447
0.35900286114194,34.8170077430129,20448
0.7415719,34.8659047,20449
1.14160333333333,35.14078,20450
0.0556694,34.6439629,20451
0.5269696,34.6910553,20452
-0.611681666666667,34.922475,20453
-0.809475,34.9562516666667,20454
0.378436509595865,34.9521189224827,20455
0.2590065,34.5299919,20456
0.5591401,34.8783697,20457
0.0098019,34.4619014,20458
0.9802666,34.8309766,20459
-1.05275,34.4641683333333,20460
-0.458278333333333,34.1966916666667,20461
-0.541471666666667,34.879555,20462
-0.335605,35.2923366666667,20463
-0.833036666666667,34.3665166666667,20464
0.4827244,34.7338115,20465
0.2518292,34.8298763,20466
-1.10198,34.5204416666667,20467
-0.81309,35.17626,20468
0.1723654,34.2431222,20469
0.559440786617024,34.4118402688104,20470
0.99979,35.026565,20471
0.668587,34.8404083,20472
0.1539582,34.5229155,20473
0.5611001,34.7274454,20474
-0.64958,34.3918816666667,20475
-0.3282188,36.2382601,20476
0.0633248,34.7710171,20477
0.820589,34.9758011,20478
-0.0114268696840758,35.0674341308127,20479
-0.367261666666667,35.105565,20480
0.3913535,34.2000179,20481
-0.343236666666667,35.1178916666667,20482
-0.888693,34.4873629,20483
0.4615376,34.9009302,20484
-0.0844601,34.0816183,20485
0.9821745,34.9742164,20486
-0.9270649,34.8311185,20487
0.452367830395239,34.4847299855291,20488
-0.9534688,34.7503761,20489
0.0193331167466899,34.6209525046171,20490
0.6546564,34.4615767,20491
-0.8140123,34.7211476,20492
0.800656666666667,35.0637516666667,20493
0.4599541,34.674972,20494
0.3031512,34.4561228,20495
-0.623258362246451,34.5248149040035,20496
0.1079554,34.3269827,20497
0.720800678194556,34.7219502602026,20498
0.6911719,34.6176684,20499
0.143483489595028,34.7887188662861,20500
0.2199938,34.8339584,20501
0.768317760472181,34.627061939722,20502
-0.2199379,35.1500366,20503
0.3681861,34.5908626,20504
0.1332815,34.7437666,20505
-0.5821675,36.9981642,20506
0.1804945,37.749071,20507
-0.528174533589001,34.7134429221439,20508
0.717231666666667,35.0013366666667,20509
0.481191666666667,34.5124016666667,20510
0.706948601173184,34.5950972819542,20511
0.7509237,34.3356221,20512
0.271096851586651,34.7076978223197,20513
-1.1086575,34.5177695,20514
0.7404957,34.4188827,20515
-0.7619271,34.7020618,20516
0.400626,35.1835604,20517
-1.102455,34.52005,20518
-0.538113333333333,35.03286,20519
0.679458654485643,34.8702733777463,20520
0.3530183,34.8245838,20521
0.585436666666667,34.99873,20522
-0.5315375,37.494259,20523
-0.4743002,35.0996742,20524
0.0104509,35.3673325,20525
-0.0828955387689379,34.3355494013336,20526
0.997922,34.9481472,20527
0.5445933,35.114065,20528
0.3589417,34.1748637,20529
0.3151274,35.1694795,20530
0.0312171,34.8388858,20531
0.1866209,34.9181866,20532
-0.7854249,37.5626943,20533
0.535127681296138,34.6249615140719,20534
-0.0373643007988208,34.6901482222677,20535
0.1012147,34.7457644,20536
-0.221798333333333,35.406595,20537
-0.529591666666667,34.6901766666667,20538
0.7671454,34.8895454,20539
0.5559585,34.8258886,20540
0.163361590111244,34.6454180599015,20541
-0.741081666666667,35.0700883333333,20542
-0.7657161,34.672713,20543
0.3099187,34.4525109,20544
0.8304758,34.9753368,20545
-0.5826455,35.2337832,20546
0.718971666666667,35.3726366666667,20547
-0.7503554,34.9339948,20548
0.7813345,34.3825244,20549
-1.0923934,34.3676151,20550
0.21422108982705,34.8070615208602,20551
0.0963017,37.5483375,20552
0.165856,37.5773281,20553
0.7788758,34.9030719,20554
-0.7754631,34.8003059,20555
0.8474408,34.8463738,20556
-0.702174,34.7549436,20557
0.420186666666667,35.10198,20558
0.156533830304995,34.7595725453837,20559
0.2591879,34.4652339,20560
0.2354077,34.5237478,20561
0.528643333333333,35.27658,20562
0.3582462,35.5733364,20563
0.657264007236206,34.7751909409212,20564
0.2334092,34.8106748,20565
0.629905052483082,34.8403137736022,20566
0.241872,34.0721777,20567
0.0176963,34.6595699,20568
-0.141233239841734,34.5720251112446,20569
0.3402124,35.577076,20570
0.506381666666667,34.6056166666667,20571
0.182505922121819,34.6918781806179,20572
-0.7346806,34.7714135,20573
0.8338018,34.8583566,20574
0.0780844,34.5020758,20575
0.6316422,34.4376451,20576
0.379171543947123,34.3522330139716,20577
-0.9560486,34.4764806,20578
-0.660142815395617,34.6971051570604,20579
0.2447234,34.7605332,20580
1.09698333333333,35.0391116666667,20581
0.0811049070071831,34.696380324636,20582
-0.612855,34.7544091,20583
-0.8919694,34.5042415,20584
-0.7602683,34.7043791,20585
0.1019809,34.5053306,20586
-0.5500278,34.8419835,20587
-0.0621552191752194,34.5089302778034,20588
-1.1117789,34.4087136,20589
0.7571172,34.6043314,20590
-0.545004470134463,37.2938902670048,20591
0.3293612,34.2350412,20592
-0.462863369837547,34.269008566976,20593
-0.71656,34.4469483333333,20594
0.1731919,34.2441397,20595
0.0349033333333333,34.1885616666667,20596
-0.48057,34.8642127,20597
0.1654588,34.6446933,20598
-0.0017137,34.7934138,20599
-0.8765759,34.7239102,20600
0.234648333333333,35.0867483333333,20601
0.7673911,35.0585845,20602
-0.3083959,35.1706823,20603
0.7571826,34.6079273,20604
0.152168,34.4919789,20605
0.8177783,34.4421746,20606
0.120339763794101,34.5421422122583,20607
0.579848033376038,34.8485463112593,20608
-0.8963694,34.8781076,20609
0.139353005608203,34.7551116519755,20610
0.646044453394948,34.7950853389644,20611
0.381767869364299,34.7132878035236,20612
1.0956754,35.2389737,20613
0.783078860563247,34.7094253621379,20614
0.4828422,34.7325241,20615
-0.8018149,34.653699,20616
-0.7229345,34.7607819,20617
0.726905,34.75355,20618
0.0851126,35.1872261,20619
0.7176372,34.5779789,20620
0.6828892,34.5381044,20621
0.1248088,34.7283268,20622
0.8514966,34.7279745,20623
-1.0162318,34.2923021,20624
-0.5184925,37.130297,20625
-0.482378333333333,34.946695,20626
0.5613697,34.8786075,20627
-1.0895856,34.3709498,20628
0.2015878,34.8461225,20629
0.2057293,34.3291104,20630
0.2865304,34.2334125,20631
0.169384775074275,34.6262479108175,20632
-0.801287,37.4057609,20633
0.9992067,35.06325,20634
-0.79855,34.3710183333333,20635
-0.553485032564804,37.0409184718273,20636
0.0955467177507015,34.6702755585765,20637
0.4455133,35.5617467,20638
0.586998333333333,34.436445,20639
0.0629595,34.7802373,20640
0.837238864008202,34.7794178030905,20641
0.4230379,34.8530936,20642
0.1117663,34.6685002,20643
0.8418162,34.8484384,20644
-0.755788520212786,34.2430854657964,20645
0.893438333333333,35.1423516666667,20646
-0.841851666666667,35.1953366666667,20647
0.3154075,35.1698313,20648
0.1416069,34.8841377,20649
-0.643278333333333,34.6174433333333,20650
0.718366666666667,35.3721333333333,20651
-0.7136865,34.7334381,20652
0.220146474383685,34.7955826618196,20653
-0.5246678,37.4845454,20654
0.225035,34.1613733333333,20655
0.0784151963324145,34.6821426924469,20656
0.7346448,34.4174166,20657
0.728639414995583,35.1498620699997,20658
0.289088333333333,35.1070066666667,20659
-0.3575707,35.0811722,20660
0.1393388,34.642982,20661
0.971295,35.1503983333333,20662
-0.296991590613085,34.3764861713702,20663
-0.546788333333333,34.9451383333333,20664
0.562989051102518,34.4249487183789,20665
0.102471747416615,34.7622292923095,20666
0.7220286,34.8703818,20667
0.134473157960188,34.5220065131275,20668
-0.5722976,36.0457066,20669
0.3650923,35.1437101,20670
-0.446935,34.9456916666667,20671
0.6378585,34.7347232,20672
0.6901086,34.849713,20673
0.697508,34.7354006,20674
0.1112817,34.6705108,20675
0.1605533,34.2701302,20676
0.843795382775111,34.745269205481,20677
0.378563325801161,34.9521575825062,20678
-0.653551,34.649356,20679
0.78081,35.0105516666667,20680
0.534471542258938,34.6231914521487,20681
0.138535,34.3848316666667,20682
0.5897751,34.7426547,20683
0.117826666666667,37.54846,20684
-0.0183711573109742,34.6168613256576,20685
-0.776058994047721,34.663527373996,20686
-0.0504270749706956,34.5928249096984,20687
0.336382029962932,34.548106876739,20688
-0.392215,34.98861,20689
-0.434593678511692,34.8291265977319,20690
-1.01640666666667,34.4326766666667,20691
0.7948795,34.5690474,20692
0.7303885,34.9870734,20693
-0.2735448,36.2323369,20694
0.155987249657685,34.7564068612786,20695
0.681797498837113,34.6610208414495,20696
-0.6876002,34.6691186,20697
0.112298,34.813097,20698
0.2015033,35.434185,20699
0.1483979,37.7107789,20700
-0.815218,34.7234782,20701
-0.550200963119812,37.0337114389922,20702
-0.5156101336061,37.0952592590399,20703
0.4201369,34.8601209,20704
-0.447158333333333,34.890735,20705
-0.451617273146356,34.7766628855547,20706
0.2488335,34.5534144,20707
-0.598181965573549,34.7202105922199,20708
0.7039172,34.5823287,20709
-0.177810970438098,34.9622751853814,20710
-0.8955739,34.8051433,20711
-0.9916448,34.8772811,20712
1.082346,34.7836846,20713
-0.0826589,37.8034552,20714
0.7242476,34.6397587,20715
0.8537198,34.7126685,20716
-0.8366772,36.96663,20717
-0.8677359,34.7108125,20718
-0.703206666666667,34.2840016666667,20719
0.4266763,34.7336035,20720
0.2475713,34.0999288,20721
-0.0050461,34.4208304,20722
-0.46933,34.97837,20723
-0.4493599,37.5206986,20724
0.133665,34.3449216666667,20725
0.3229475,34.2842587,20726
-0.0323944287662184,34.6870055768693,20727
0.0913354266181591,34.6932572059056,20728
0.431542243862746,34.4953488962465,20729
0.3302251,34.2344244,20730
1.13145666666667,35.135265,20731
0.396241,34.4690084,20732
-0.431541128714723,34.9417948580486,20733
0.554411952430305,34.4128550649491,20734
0.889782102018425,35.1714434745503,20735
0.4782861,34.7554202,20736
-0.032674,35.2952474,20737
0.3542968,35.1666668,20738
0.548651666666667,35.020495,20739
0.2358045,34.7572665,20740
-0.6384029,36.0171133,20741
0.588921666666667,34.93293,20742
-0.3606526,35.0801261,20743
-0.719496666666667,34.28271,20744
0.967073333333333,35.067245,20745
0.2644442,34.4080212,20746
0.58542332330173,34.5714315414124,20747
0.847401,34.8836655,20748
1.0088533,35.3336367,20749
-0.525629625356124,37.1739037200792,20750
-0.0072388,34.6826524,20751
-0.551132456848376,34.6168997426297,20752
-0.465449049641252,37.3765902311191,20753
-0.601826666666667,34.85983,20754
-0.57343,34.689195,20755
0.7838779,34.4084812,20756
0.2485568,34.5142793,20757
-0.3042295,36.2444569,20758
0.9871817,35.0392483,20759
-0.816215,35.17294,20760
0.2794422,34.3834198,20761
1.1720658,34.9983669,20762
0.665351466385216,34.7773448706857,20763
-0.657075,35.3166466666667,20764
0.988116666666667,35.0525633333333,20765
-0.0068166666666667,34.8720466666667,20766
0.204275,35.5308681,20767
0.587613028474152,34.8409990780056,20768
0.0519317,37.6345633,20769
-0.201516666666667,35.206515,20770
0.355242805321938,34.3519936675205,20771
-0.9572344,37.174695,20772
0.3895774,34.411835,20773
0.4382839,34.7463443,20774
0.6831259,34.6604657,20775
-0.410733333333333,35.0997266666667,20776
-1.1080931,34.4266845,20777
-0.506352153014553,37.0916639905172,20778
0.2048046,34.7687118,20779
0.3839635,34.2019157,20780
0.539452506603351,34.5806800154812,20781
0.0945969,34.338867,20782
0.3789608,34.3997042,20783
0.309594297399955,34.7529601354784,20784
-0.9009144,34.8139888,20785
0.3632345,35.1434098,20786
0.510965,34.60826,20787
0.627828855067492,34.8478181753308,20788
-0.7746641,36.9902348,20789
-0.557801666666667,34.5713016666667,20790
-0.0389170691263042,34.6930259280448,20791
-0.289118333333333,35.2729316666667,20792
-0.0644990854969146,34.3551216633327,20793
-0.8277314,34.4936715,20794
0.544387428089976,34.8788937460631,20795
0.0145608,34.6491277,20796
0.16000400856585,34.596920262744,20797
0.187358333333333,34.9686566666667,20798
0.492317501038658,34.5688601127134,20799
0.2824993,34.3093797,20800
0.5449511,34.7521389,20801
0.3286617,35.4023333,20802
0.749103333333333,35.0970316666667,20803
0.2689897,34.2667726,20804
0.130735186598059,34.5225830004796,20805
-0.7360439,34.7946044,20806
0.4610414,34.6758519,20807
0.5085182,35.1214439,20808
0.3308109,34.4526797,20809
0.247091620785277,34.6823190081518,20810
0.3278824,34.235815,20811
-0.3631524,35.0836462,20812
-0.4376619,35.9563678,20813
-0.435755,34.7326616666667,20814
-0.756322846992452,34.6573681976383,20815
-0.590416386999993,37.0332645829378,20816
-0.526355,34.9080933,20817
0.394290516319148,34.9206286390278,20818
-0.520898333333333,34.8309916666667,20819
-0.0890631171244794,34.3724116944164,20820
-0.9560285,34.4350587,20821
0.016511,35.3678762,20822
-0.680221666666667,34.3057483333333,20823
-0.6359873,35.1351081,20824
0.1370749,37.790768,20825
0.612512,34.7759035,20826
0.4167961,34.7050963,20827
0.164718333333333,34.1693866666667,20828
-0.632511666666667,34.83781,20829
-0.8179774,37.5386032,20830
-0.464664,35.1216357,20831
-0.809228333333333,34.9537616666667,20832
0.282385263652847,34.7280027778031,20833
-0.8943333,34.7430307,20834
0.507984556848887,34.6328338165463,20835
0.9975738,34.8132144,20836
0.6834013,34.8296923,20837
0.0631213,34.9241417,20838
-0.013357,37.5774324,20839
0.108539246028783,34.7519159765532,20840
-0.909505,34.6947416666667,20841
0.819401189110211,34.9770878007652,20842
-0.846006,37.0419942,20843
0.0645194,34.7581551,20844
0.168081666666667,34.496385,20845
0.3632551,35.1434005,20846
0.5612487,34.7267944,20847
0.6595408,34.8404676,20848
-0.602021666666667,34.7567633333333,20849
-0.958888333333333,34.6788833333333,20850
-0.4780516,35.1041659,20851
0.1403595,34.6370435,20852
1.1023869,35.22971,20853
-0.6071931,35.2086859,20854
0.2084269,34.817275,20855
-0.38397,35.002075,20856
0.787746849928964,34.7567156812178,20857
-0.4705674,36.9479871,20858
0.78826,35.0439783333333,20859
0.1491116,37.4679464,20860
1.1126763,34.789357,20861
0.74874,34.611595,20862
-0.907758333333333,34.7294433333333,20863
0.128194435154881,34.5167045371013,20864
-0.418617203654594,34.7768521237887,20865
1.1720675,35.0008675,20866
0.85879,35.2194666666667,20867
-0.411676666666667,34.6379166666667,20868
0.331150679255946,34.3177847899879,20869
-0.0310216433361164,34.7459665694077,20870
-0.0326391594886697,34.6371083834062,20871
-0.6035556,34.8699434,20872
0.7152984,34.6643288,20873
-0.751041666666667,34.2536133333333,20874
-0.6874317,34.6695926,20875
0.802075,35.1443666666667,20876
0.4552048,34.1207505,20877
0.735088333333333,34.7343983333333,20878
0.2668673,34.7990866,20879
0.2926962,34.231139,20880
-0.1013971,35.2046529,20881
-0.558011666666667,34.9806716666667,20882
0.8280498,34.9787267,20883
-0.466456666666667,34.921575,20884
0.37636,35.0180166666667,20885
0.645621414296329,34.9482106603682,20886
-0.355954847984744,34.9998751877551,20887
0.287006666666667,34.450735,20888
-0.790443333333333,34.6133016666667,20889
-0.4749277,36.9424459,20890
0.7193062,34.7486999,20891
0.578914789692092,34.6466020585095,20892
-0.3339145,36.2489172,20893
0.902388252704598,34.8899016643288,20894
0.1029392,34.7610413,20895
0.190160476798189,34.3202078716513,20896
-0.309382064567646,34.3001270094508,20897
0.7466485,34.8467889,20898
0.33152140554362,34.4985329224352,20899
0.7130001,34.6618613,20900
0.69405,34.7331557,20901
0.1433649,34.8848324,20902
-0.0188303205058952,34.665937594848,20903
0.7567094,34.644965,20904
0.886225,35.5050283333333,20905
0.169148521877574,34.6057603058094,20906
0.0799338692475075,34.4768947411528,20907
-0.290253320010285,34.3866921408688,20908
0.9818762,34.9745355,20909
1.007015,35.0277583,20910
0.174611666666667,34.1809616666667,20911
0.0161290261748977,34.5550179098053,20912
0.551022584550083,34.8807552829385,20913
0.1894466,35.1089675,20914
-0.562806619375541,37.1895253785066,20915
-0.8915872,34.4887029,20916
-0.755155802448666,34.2369958411505,20917
-0.0230059088619936,34.7317536289202,20918
0.7420202,34.6758937,20919
0.2968287,34.2290223,20920
0.394873721457834,34.7406436497164,20921
0.677612749859691,34.6535209659487,20922
0.1918332,36.3998388,20923
-0.14196,35.4974233333333,20924
0.1977495,34.7898361,20925
0.7587848,34.6056676,20926
0.7742496,34.9137143,20927
-0.576975,34.6854666666667,20928
0.666904407553375,34.7263462934643,20929
-0.769585004385792,34.4897501501455,20930
0.2075541,34.5237174,20931
-0.0758648556622415,34.58322522054,20932
-0.4582182,34.6643327,20933
0.391262610448283,34.9198088191392,20934
1.01113666666667,35.0907516666667,20935
0.3810852,34.2791129,20936
0.261175,34.4060366666667,20937
0.194585685331954,34.6940328489137,20938
0.3760417,35.3866467,20939
-0.9967321,34.4871399,20940
0.1565098,34.3501088,20941
-0.42123,34.6025066666667,20942
0.6951411,34.5092474,20943
-0.818668333333333,34.3763116666667,20944
0.347005625341857,34.5630753334507,20945
-0.51247,34.6010433333333,20946
0.253646666666667,35.2725416666667,20947
-0.582095,36.9981203,20948
-0.121499446211814,34.3660914226043,20949
-0.7232924,34.7783713,20950
0.2274506,34.4717291,20951
0.9935256,35.3447422,20952
0.1159147,35.552297,20953
0.637031514197588,34.9304488208145,20954
0.2321112,34.5296152,20955
0.8304871,34.9364401,20956
-0.622495,34.7493333333333,20957
0.5562171,34.8264439,20958
0.587003333333333,34.4370916666667,20959
-0.3037299,35.1830447,20960
0.704315,34.5943233333333,20961
0.4395441,34.4430057,20962
-0.9079276,34.8729311,20963
0.7596604,34.822993,20964
0.1068016,35.1854564,20965
0.1126658,34.341281,20966
0.6685013,34.8411369,20967
0.7366625,34.6572078,20968
0.7368278,34.4214396,20969
0.747821,34.8510243,20970
0.1805995,37.7490492,20971
-0.44561,34.9591,20972
-0.4424802,37.5683913,20973
0.1623173,34.709713,20974
0.585496666666667,34.3006783333333,20975
0.830889,34.9771067,20976
0.2364817,34.5296438,20977
0.677879713475704,34.8640068154782,20978
0.3955961,34.280514,20979
0.1763343,34.935522,20980
0.3861131,34.2726324,20981
-0.6375471,35.1381231,20982
-0.0256900716552573,34.7149595217488,20983
0.3353401,35.1390206,20984
0.70937,35.3682966666667,20985
0.7415379,34.6728637,20986
-0.602544193065869,34.7133309013949,20987
-0.433385,34.9921166666667,20988
0.346775326870083,34.5616783901248,20989
-0.526938394936623,34.6029441357236,20990
0.1803214,37.7481684,20991
-0.518798333333333,34.83044,20992
0.11295774256927,34.6104029251729,20993
-0.105710927958832,34.6525979252922,20994
0.913760913761493,34.9667495099976,20995
-0.582396666666667,34.6697416666667,20996
-0.41734,34.5578833333333,20997
0.153626666666667,35.002565,20998
-0.846137,34.5556344,20999
-0.512108126424496,34.7641186002904,21000
-0.503686075516695,34.7760888268738,21001
0.7428349,34.9873485,21002
0.785066666666667,35.0494183333333,21003
-0.7473515,34.9533041,21004
1.01048333333333,35.0410066666667,21005
-0.556840407036233,37.3014162872813,21006
-0.595341666666667,34.793655,21007
-0.6032636,35.1782436,21008
0.6602395,34.4464747,21009
0.304736596907511,34.6239302495458,21010
0.1158382,34.6750967,21011
0.0563905,34.651324,21012
-0.1306307,35.5071158,21013
0.1648197,34.0408245,21014
0.9556265,35.3750175,21015
-0.241124869971677,34.9854939239519,21016
-0.439056666666667,34.9683916666667,21017
0.9818485,34.974704,21018
-0.506246666666667,34.943725,21019
0.802833,34.6446949,21020
-0.526165596197065,37.1736215087998,21021
0.5560602,34.825417,21022
0.6075395,34.8452824,21023
0.2523759,34.5195588,21024
-0.58393,34.672195,21025
0.540793333333333,35.02295,21026
0.718900168422589,35.091988079433,21027
-0.5136298,35.9780005,21028
0.4555084,34.1205293,21029
0.1416691,34.7220912,21030
-0.0022883333333333,34.96164,21031
0.3352262,35.135802,21032
-1.0167833,34.2908535,21033
0.2383921,35.4343576,21034
0.65081,35.1016883333333,21035
0.94974,35.1911016666667,21036
-0.0212982,34.6848212,21037
-0.681213333333333,35.2523183333333,21038
0.5563333,34.1984609,21039
0.2697928,34.404714,21040
0.552375,35.4250416666667,21041
-0.4796354,34.8568285,21042
-0.7597367,34.671361,21043
-0.626761666666667,34.9804866666667,21044
0.507315,34.6100033333333,21045
-0.7302315,34.7144758,21046
-0.4952124,34.8229478,21047
-0.158395085774314,35.2307430281416,21048
-0.6502756,35.1427254,21049
-0.7898393,37.5755393,21050
-0.517714,37.0323256,21051
-0.8407809,34.4936744,21052
0.1266876,37.5404811,21053
-0.420938333333333,34.1485883333333,21054
0.739117017364581,34.7307805081675,21055
0.23723,35.3921467,21056
-0.44425309958262,34.8522285907577,21057
-0.347513333333333,35.1861966666667,21058
-0.0519370749842749,34.6666406723522,21059
-0.499465178708605,37.1065869660229,21060
-0.660655,35.23391,21061
0.7136663,34.6597834,21062
0.7944704,34.4372398,21063
-0.22209,35.4033616666667,21064
-0.702045,34.5083816666667,21065
-0.477478333333333,34.9723783333333,21066
0.708103140362776,34.5961316932728,21067
0.7404387,34.6680314,21068
-1.0279617,34.2339253,21069
0.0953428,34.4533828,21070
-0.5260669,37.2784115,21071
0.8193851,35.144166,21072
0.3634289,35.1431544,21073
0.1978523,34.7552087,21074
0.7576966,34.5155632,21075
-0.548045,34.9909766666667,21076
-0.75597,34.34951,21077
-0.337843333333333,35.28998,21078
0.2348733,34.4788661,21079
-0.470626666666667,34.6423916666667,21080
-0.280383333333333,35.3912216666667,21081
-0.8442669,37.0546066,21082
0.6810311,34.5373119,21083
-0.692218333333333,34.844165,21084
0.7527727,34.8576282,21085
0.121185114057456,34.44576017411,21086
-0.355678333333333,35.0442666666667,21087
0.1086955,34.662042,21088
0.189013977550435,34.6715226408584,21089
0.0544943652151154,34.4715053339061,21090
0.2629689,34.5505418,21091
0.7287054,35.1741645,21092
0.2414275,34.7577534,21093
0.129115387286235,34.7260256074169,21094
-0.2074638,34.9029613,21095
0.4552311,34.1206307,21096
0.2694111,34.5357659,21097
1.0928917,35.0150117,21098
0.0272618,34.6856637,21099
-0.448923333333333,35.0231966666667,21100
0.581746666666667,34.5594966666667,21101
-0.373875,35.14172,21102
1.0258987,35.3471378,21103
-0.765391666666667,35.0383483333333,21104
-0.372995000430584,34.8827391715201,21105
0.1736244,34.2443299,21106
0.9286504,34.9928184,21107
-0.217341732281519,35.2710581079291,21108
-0.519586666666667,34.8292916666667,21109
0.3803005,34.1950661,21110
0.3913251,34.1999594,21111
0.533231666666667,35.35612,21112
0.127996932677325,34.5430711627621,21113
-0.4231136,36.9537697,21114
0.3349484,35.1357254,21115
0.978895,35.0781233333333,21116
-0.820975,35.19565,21117
-1.06706333333333,34.4954616666667,21118
0.280642381912944,34.7306505447486,21119
0.7776538,35.059337,21120
-0.467471666666667,34.6219083333333,21121
0.189407475736525,34.3231840056642,21122
1.1074082,35.0719469,21123
-0.254606666666667,35.351305,21124
0.6327275,34.7981538,21125
0.1626839,34.3544597,21126
-0.425528333333333,34.7174083333333,21127
0.2731405,34.5798919,21128
0.803923333333333,35.1432133333333,21129
-0.9486099,37.0838935,21130
-0.1040704,34.5266885,21131
-0.5893204,37.0970646,21132
0.2854006,34.2472513,21133
0.527660460211337,34.8770712688565,21134
-0.971193333333333,34.5004783333333,21135
0.9039002,35.0936446,21136
0.495411962483292,34.5889623729817,21137
0.125739,34.7940195,21138
-0.7732728,34.7988303,21139
-0.382325,35.02414,21140
-0.0373301711577942,34.6897254139794,21141
-0.0217878884273035,34.6676523590104,21142
0.0318446,34.8463524,21143
0.5912637,35.211795,21144
0.0959097,34.7260149,21145
0.0967088,34.4664411,21146
0.2244432,34.8284114,21147
0.657617987295273,34.7698634813884,21148
0.627258634194732,34.951653862372,21149
-0.8723839,34.7706805,21150
0.3929494,34.4159815,21151
0.2831776,34.7518559,21152
0.560767677438326,34.414780072391,21153
0.51210872907436,34.626714086668,21154
-0.3583827,36.4081892,21155
0.0381866666666667,34.1890933333333,21156
0.748098018596264,34.7095520693925,21157
-0.489799,34.8016428,21158
-0.866796666666667,35.4374533333333,21159
-0.95212,34.691175,21160
1.0830383,35.00262,21161
-0.2272262,36.2544187,21162
0.2861639,34.3924057,21163
-0.0550518,37.8097984,21164
0.2021319,34.5313649,21165
0.3873535,34.3503923,21166
1.0944888,35.2416375,21167
0.128805247515396,34.5404019262473,21168
0.7910385,34.4777482,21169
0.8737632,34.993409,21170
-0.567956251366381,37.0272017420411,21171
-0.399673333333333,35.09513,21172
-0.397382147276446,34.7057782816687,21173
-0.421283333333333,34.60402,21174
-0.769511034046806,34.4921116695795,21175
-0.9568102,34.7415467,21176
0.018502,34.3592627,21177
-0.9533063,37.173494,21178
-0.2076182,36.2485085,21179
0.785516666666667,35.033975,21180
-0.004503,34.690088,21181
0.359320843000589,34.7139200190593,21182
0.191951666666667,34.9193516666667,21183
-0.594076666666667,34.7923316666667,21184
0.010771,34.3433172,21185
-0.307229274992333,34.2924749118544,21186
-0.45388,34.6010016666667,21187
-0.530398333333333,35.0233883333333,21188
0.116376770765806,34.6076552533668,21189
0.144665,35.190525,21190
0.385276666666667,35.0904716666667,21191
-0.860566666666667,34.77187,21192
0.218883333333333,34.9828316666667,21193
-0.583075369091386,37.0253122131556,21194
0.788468333333333,35.0439233333333,21195
0.7889868,34.8128105,21196
-0.5875263,37.1393827,21197
-0.513726666666667,34.53459,21198
0.414817,34.7053869,21199
-0.5517019,37.1502046,21200
-0.473365,34.91949,21201
0.5655,34.9334716666667,21202
0.1156178,34.5688663,21203
-0.8539512,34.5525929,21204
0.3738368,35.3911467,21205
0.152229,34.5226028,21206
0.1122693,34.0868204,21207
0.577946495109694,34.6517337537429,21208
-0.7257363,34.8028862,21209
-0.365311726394879,34.8936962995887,21210
-0.624941666666667,34.7869166666667,21211
-0.57031,34.798755,21212
0.087981513716007,34.4567851851875,21213
-0.6091984,35.1676537,21214
-0.350005,35.039365,21215
0.55221,35.386025,21216
-0.460641666666667,34.9144616666667,21217
-0.450827556552652,34.8473890363008,21218
0.590843333333333,35.0213183333333,21219
0.949791666666667,35.1886583333333,21220
0.0778606,37.49083,21221
0.2463472,34.1018599,21222
-0.55425,34.7076466666667,21223
-0.7841273,34.7134631,21224
0.0590179,35.1405056,21225
0.6391073,34.4808636,21226
0.323895476696222,34.7229463327724,21227
-0.971416225131235,34.6332871442838,21228
0.7461319,34.5617603,21229
-0.005855,34.95632,21230
-1.1113526,34.4899937,21231
-0.4614362,35.1201991,21232
0.9046067,35.094115,21233
0.231708,34.8143539,21234
-0.6179457,37.2170015,21235
-0.558876666666667,34.5696283333333,21236
0.456795,35.0128766666667,21237
0.553136666666667,35.37812,21238
0.0407674907827498,34.6245366267785,21239
-0.626961666666667,34.793045,21240
-0.554686666666667,34.7079683333333,21241
0.759516666666667,34.7210383333333,21242
-0.4601455,37.6944236,21243
0.568347140215337,34.8183424584568,21244
0.1982633,35.5400683,21245
0.3982571,34.6868994,21246
1.0132033,35.0273667,21247
0.2452544,34.8018758,21248
-0.796767984694269,34.4665700047904,21249
-0.4063042,36.3936001,21250
1.1710108,34.9969586,21251
0.48386,34.5095316666667,21252
0.1552202,34.3114524,21253
0.0697766666666667,34.2589783333333,21254
-0.4059486,36.3944161,21255
-0.90726,34.6929766666667,21256
0.4551913,34.1207351,21257
-0.767562264854287,34.4100913794221,21258
0.3602683,35.4115833,21259
0.1189666,34.6644566,21260
-0.5309003,34.9276886,21261
1.0710376,34.9367078,21262
0.829788033242017,34.9793215421232,21263
0.7404985,34.4204306,21264
0.230481918108718,34.6840657217564,21265
-0.8408799,37.1945159,21266
0.32255,35.3736533,21267
0.228605760404229,34.6222237714296,21268
0.489363475777065,34.6108734526225,21269
0.07799,34.1582916666667,21270
0.554882365059755,35.2512753077908,21271
-0.556053333333333,34.740055,21272
0.9044683,35.0934517,21273
-0.9531322,34.3825021,21274
-0.56251,34.516725,21275
0.3406193,34.3001784,21276
0.7589438,34.8248996,21277
0.8184977,34.6396342,21278
-0.9209295,34.4726988,21279
1.0910668,35.0917017,21280
-0.8387572,34.490695,21281
0.2922221,34.2318318,21282
-0.360298643020515,34.8861169130765,21283
0.84427,35.0394766666667,21284
0.4679763,34.1852644,21285
0.547693333333333,35.0256783333333,21286
0.757181489708047,34.6457396223021,21287
0.878106666666667,35.02753,21288
0.162068076179561,34.595509429156,21289
0.161919060614068,34.6614745106993,21290
-1.1003986,34.5337774,21291
0.1563852,34.2681862,21292
-0.646851666666667,34.6285833333333,21293
-0.5374905,37.526278,21294
0.994145,35.036345,21295
-0.249991694052174,34.9845765257032,21296
-0.795775,34.377995,21297
0.8793522,34.9969389,21298
0.2928817,34.7241285,21299
0.7386372,34.3557191,21300
0.583892217837274,34.8437138926238,21301
0.2885971,34.5388095,21302
-0.9560327,34.6092865,21303
0.666670217178762,34.7264546714723,21304
0.788458333333333,35.0438683333333,21305
-0.0424186,35.1680471,21306
0.572659290094616,34.1978189725821,21307
0.2539386,34.163947,21308
0.709387123199871,34.7681539192829,21309
0.1469922,34.8828755,21310
0.3734256,35.3617921,21311
-1.00954166666667,34.3659483333333,21312
0.424505,35.0965966666667,21313
-0.659063333333333,34.4504916666667,21314
0.715606224477941,34.7721182114234,21315
-0.8258517,34.5476154,21316
1.1690148,34.9957285,21317
-0.62673,34.6349833333333,21318
0.1091509,34.4431239,21319
0.0333661,34.8476065,21320
-0.8053397,36.97441,21321
-0.282393113418699,34.3793224904319,21322
1.1579322,35.0230989,21323
0.7658655,34.3509512,21324
0.147344184234693,34.7641462498627,21325
-0.8751051,34.7237449,21326
0.653896364383399,34.9090282805264,21327
0.674621666666667,35.112925,21328
0.7626591,34.8231914,21329
-0.8683005,37.1734052,21330
-0.2967771,36.2221166,21331
-0.124572211670895,34.3613814138326,21332
0.2411558,34.6610566,21333
-0.686428333333333,35.22302,21334
-0.0009866666666667,34.8606283333333,21335
0.4496715,34.9205922,21336
-0.500984477829435,34.7754172548605,21337
0.730665333875768,34.7842471751993,21338
-0.418011666666667,34.147345,21339
0.55144630118533,34.5806286637107,21340
0.4861246,34.7415248,21341
-0.622173333333333,34.7493183333333,21342
0.281747651859137,34.7263514183102,21343
0.5571365,34.200496,21344
0.1574069,34.4846893,21345
0.16437329491656,34.5924923120847,21346
-0.9967859,34.5964446,21347
0.7907432,34.5713935,21348
0.4810638,35.2561528,21349
0.1708298,34.0414663,21350
0.0781201554934999,34.4820760914172,21351
0.393880632004227,34.6719430774444,21352
0.6110685,34.5876588,21353
0.7620822,34.3478534,21354
-0.281099481166495,34.3854676474012,21355
0.8805724,35.0259258,21356
0.7948955,34.5690115,21357
0.4024846,34.4318793,21358
0.903854073660642,34.8794396280202,21359
0.7656976,34.8902879,21360
0.5270778,34.6925127,21361
-0.3548433,35.085211,21362
0.129624044243182,34.5169333786793,21363
-0.453431666666667,34.5996,21364
-0.511147164957577,34.7781049198978,21365
-0.2673999,36.3249528,21366
0.0357237,34.6779434,21367
0.7374426,34.9788416,21368
0.1654324,34.6987984,21369
0.128886398304922,34.5421126487701,21370
0.159675,34.48815,21371
0.2442046,34.7856208,21372
0.14733817184633,34.4726529339746,21373
1.025875,35.34722,21374
0.1893301,35.4884301,21375
0.124781666666667,34.3195116666667,21376
-0.858451666666667,34.6687066666667,21377
-0.750267989394205,34.3613625555954,21378
-1.0332455,34.3645156,21379
-0.86602,35.437975,21380
0.252591,34.2850226,21381
-0.721526666666667,34.435185,21382
0.39077360016369,34.7439183970829,21383
0.617818716599772,34.7802066135901,21384
0.558690610861542,34.4238985855262,21385
-0.4092,34.6414816666667,21386
-0.764780155766384,34.5965949360006,21387
0.8152336,34.4306874,21388
-0.639728333333333,34.42321,21389
0.5562286,34.8261538,21390
-0.755525,34.568705,21391
-0.90499,34.73236,21392
0.2294497,34.8122204,21393
1.0001849,34.920779,21394
1.02614,35.3491817,21395
0.781871666666667,35.4937866666667,21396
1.1029943,34.8359077,21397
-0.5643841,36.0360941,21398
0.2483869,34.6828247,21399
-0.8000018,34.6485515,21400
0.5081365,34.7659787,21401
-0.2685831,36.2394067,21402
0.587063333333333,34.4363866666667,21403
0.66758,34.9750483333333,21404
0.7745959,35.0200165,21405
-0.7940056,37.3148737,21406
0.4473217,35.5610567,21407
0.0930810911626951,34.6622006783691,21408
-0.7843566,34.814031,21409
-0.535943333333333,35.0311666666667,21410
0.0802932,34.7336207,21411
-0.486775206868871,34.7943094628411,21412
0.7937118,34.4148477,21413
0.6546327,34.4616292,21414
1.00419333333333,35.1139683333333,21415
-1.0243525,34.3791428,21416
0.1019569,34.5053422,21417
0.559615634367723,34.4158556184177,21418
-0.452178357008333,34.7678769849789,21419
-1.0442567,34.566477,21420
0.2073256,34.5206591,21421
0.142318969545478,34.7347868213839,21422
0.7698349,34.8231207,21423
0.30979276933523,34.7519267624206,21424
0.766410443432315,34.8914502782552,21425
0.534481101764842,34.624765500616,21426
-0.0898759106729508,34.3752664324967,21427
-0.488178,34.8010977,21428
-0.404841666666667,35.0814566666667,21429
0.1010324,34.7684593,21430
0.0939182,34.4484609,21431
-0.6092831,35.2372778,21432
-0.35306,35.11642,21433
0.3374828,34.0952232,21434
-0.9029628,34.4854502,21435
-0.5491896,37.1211735,21436
0.1085841,34.7522521,21437
0.7405741,34.8661352,21438
0.1021036,34.5051419,21439
0.8898488,34.9322819,21440
0.715797520737843,35.1383664133253,21441
0.34292,35.1551916666667,21442
-0.467323749596757,37.378199599359,21443
-0.94984,34.68845,21444
0.227936666666667,34.4700833333333,21445
0.3209284,34.4920669,21446
0.657657450065017,34.7553703095764,21447
-0.4401387,35.948096,21448
-0.577218,37.0927116,21449
0.1101083,34.5188337,21450
0.7361788,34.9796765,21451
0.7336827,34.734033,21452
0.32008,35.1044366666667,21453
0.809116666666667,35.0559816666667,21454
0.1391707,34.6344902,21455
-1.00866333333333,34.3657733333333,21456
0.0008302,34.7971584,21457
0.0531988,34.6908407,21458
0.6370467,34.7293409,21459
0.904411529561596,34.8787169333335,21460
0.485030358655947,34.5869672908499,21461
0.559431963617596,34.426579808953,21462
-0.0614515233848305,34.3512054621878,21463
0.495173333333333,34.5517483333333,21464
-0.42548,35.0136866666667,21465
-0.8907729,34.5054312,21466
-0.470159,36.9479339,21467
0.100534590991613,34.6111244689576,21468
-0.550921771191005,37.2931771804293,21469
-0.791185,34.6151983333333,21470
-0.103769394619691,34.5262900666228,21471
-0.510895,34.5332,21472
-0.5067479,34.7912087,21473
0.2335628,34.0990106,21474
0.2181882,34.4801053,21475
0.683695,35.4524217,21476
0.0538913,34.8848801,21477
-0.529145,34.872935,21478
-0.382313333333333,35.024205,21479
0.0910861,34.489338,21480
-0.0106086,34.690532,21481
0.144820494224295,34.785611642817,21482
-0.5539529,37.1033419,21483
0.204658333333333,34.137245,21484
0.3382877,34.486665,21485
-0.9382956,34.7176033,21486
0.4192126,34.1591524,21487
0.6468729,34.516423,21488
-0.5826272,37.0927509,21489
1.174622,34.7750857,21490
0.9817982,34.9744053,21491
0.1165338,34.7428972,21492
-0.753765,34.5555483333333,21493
-0.629356666666667,34.3717483333333,21494
0.834043333333333,35.2590816666667,21495
-0.599908333333333,34.7573783333333,21496
0.208488333333333,35.071235,21497
0.1452479,37.709932,21498
0.3844562,34.1928742,21499
-0.4219144,34.8100432,21500
0.85147361540587,35.0532870976109,21501
-0.4607466,37.4952223,21502
1.0829572,35.1031616,21503
-0.369673722773637,34.6441480589891,21504
0.1821679,34.0519634,21505
-0.9683543,34.8649422,21506
-0.055421,37.7986124,21507
-0.631308333333333,34.372125,21508
0.0656311,34.7570511,21509
-0.70741,34.4218133333333,21510
-0.5537922,36.0294027,21511
0.0228900875559196,34.5864416902921,21512
1.09930360494184,34.8430086639224,21513
-0.64383,34.61903,21514
-0.9497783,34.7520978,21515
0.478546,34.1574482,21516
0.0792917,37.5633119,21517
-0.0112446,37.5793878,21518
1.06208913305646,34.7958992575796,21519
0.6394222,34.5614727,21520
0.2601253,34.2912458,21521
-0.464808333333333,35.0169983333333,21522
0.265179070557697,34.8000764793031,21523
-0.0029916666666667,34.9646733333333,21524
-0.42485,35.01315,21525
-0.5301701,34.8283731,21526
-1.1168654,34.4324135,21527
1.1610927,34.8137255,21528
0.0074623,34.8120007,21529
0.613481666666667,34.34176,21530
0.542682504579681,34.4012773380812,21531
-0.2277564,36.2685336,21532
-0.4868931,34.8356395,21533
-0.4927534,34.6852693,21534
0.4458338,34.6690657,21535
0.61695,34.3105166666667,21536
0.509156666666667,35.1286666666667,21537
-0.762016666666667,34.60768,21538
0.520416666666667,34.534495,21539
0.654235370457172,34.908773638308,21540
0.447768333333333,35.0070716666667,21541
0.7367294,34.8891461,21542
-0.810408333333333,34.9561466666667,21543
1.03320166666667,35.110905,21544
0.309622182621687,34.7531218254282,21545
0.821501666666667,35.0606733333333,21546
-1.05117333333333,34.458835,21547
-0.544833333333333,35.0200933333333,21548
0.0438233333333333,34.3875966666667,21549
-0.764694140647515,34.5967326088665,21550
0.594644517620189,34.6466111064082,21551
-0.8031302,36.9838035,21552
0.444202478175589,34.2296937868519,21553
-0.0164634,34.3866871,21554
0.942064081282424,35.0252040648932,21555
0.665652989409864,34.7267031110823,21556
-1.06705666666667,34.4953766666667,21557
0.7405202,34.5688284,21558
0.3747652,35.3876005,21559
0.67799823358655,34.6530650742352,21560
0.1154632,34.6765347,21561
0.2789583,34.1401137,21562
0.422350401765046,34.4826837903184,21563
1.007645,35.3562067,21564
0.6401648,34.5602129,21565
0.6502001,34.4737039,21566
-0.4823159,34.8299993,21567
1.0415928,34.9473784,21568
-0.441765035768534,34.8408626791977,21569
-0.4835561,35.1142589,21570
0.0756866666666667,37.4938533333333,21571
0.2875514,34.7560714,21572
0.7424675,34.3600726,21573
0.7467587,34.6363575,21574
-0.376245,35.14118,21575
0.609365,34.4458057,21576
-1.0015563,34.4710354,21577
-0.0518295632484164,34.6667547479533,21578
0.0942509,34.4500688,21579
0.2920892,34.7345011,21580
-0.787103333333333,34.35812,21581
-0.510134583661242,34.7786227974301,21582
-0.8963047,34.8051899,21583
0.3634196,35.1422698,21584
0.3705114,34.2872274,21585
0.2429147,34.5759868,21586
0.153573226727765,34.6500295792709,21587
0.610845,35.4898733,21588
0.9538817,35.395875,21589
0.838731340639772,34.778715312759,21590
-0.9495577,34.4495701,21591
0.5913338,34.6380019,21592
0.911057455403431,34.9695162656118,21593
0.0347751,34.3674117,21594
1.0222516,34.8481242,21595
0.3413289,34.1056496,21596
-0.9970977,34.598372,21597
0.945826686744936,34.9696209026538,21598
0.6788008,34.6521748,21599
-0.344429443185924,34.9931094749124,21600
0.2701689,34.0849029,21601
0.0138757588439678,34.657164074039,21602
-0.038941313344774,34.6912025272438,21603
-0.0759948057944737,34.5839362528402,21604
0.33645,35.1057866666667,21605
0.8429874,34.8526885,21606
0.7890028,34.5694019,21607
-1.05091833333333,34.5289983333333,21608
-0.3018682,36.3570107,21609
-0.8154782,37.3436903,21610
0.586361442692578,34.8426460381597,21611
0.3646164,34.2823524,21612
0.178793474481232,34.3261863116279,21613
0.8071508,34.4170477,21614
-0.323048333333333,35.1945216666667,21615
-0.227266,36.3916007,21616
-0.4678617,37.4949268,21617
-0.9035644,34.6022704,21618
-0.035909,34.1821231,21619
0.287348333333333,35.1075083333333,21620
0.39449460000833,34.7405491458209,21621
0.0108159,34.4004848,21622
0.9812032,34.907858,21623
0.8445507,34.9279961,21624
0.2922901,34.7347211,21625
-0.643453592805461,34.3452920766507,21626
0.78561,35.0339033333333,21627
-0.600328333333333,34.94706,21628
-0.8487179,37.156888,21629
0.645842947997153,34.951030081138,21630
0.19561,35.1198466666667,21631
0.272933278238515,34.5679564066907,21632
-1.0073367,34.228091,21633
-0.696053333333333,34.2895383333333,21634
0.516666155726729,34.5926978045629,21635
-0.94374,34.67881,21636
0.3619401,34.4341762,21637
-0.8683056,34.7721388,21638
-0.527698808615502,34.6033796516961,21639
-1.0221098,34.5529165,21640
0.496116666666667,34.603335,21641
0.132008333333333,34.34587,21642
-0.658135,35.3753616666667,21643
-0.477325,34.5720033333333,21644
0.3285497,35.3821457,21645
0.362813,35.1425886,21646
0.489831666666667,34.5692216666667,21647
0.4552357,34.1207042,21648
0.628151348792017,34.8483364284038,21649
0.2021541,34.7541172,21650
0.538768735690917,34.5806950809798,21651
-0.244918333333333,35.344615,21652
-0.528945,34.8807783333333,21653
-0.41968426954553,34.7765503701075,21654
-0.9183668,34.4426251,21655
0.0661566666666667,34.2502866666667,21656
-0.564061666666667,35.0067283333333,21657
0.59273,35.395375,21658
0.384265,35.0904133333333,21659
-0.0462789754228887,34.3439400364002,21660
0.55911800803669,34.2045021455528,21661
-0.0602363,37.8105404,21662
-0.657003369101385,34.5606214747253,21663
-0.844301666666667,34.9322533333333,21664
0.9817817,35.1625033,21665
0.3759162,35.0841467,21666
0.373264,34.1319163,21667
0.2088418,34.7680372,21668
0.3515476,35.1466098,21669
-0.0905076099125133,34.37164999433,21670
0.586396918801626,34.5648032548927,21671
0.347045940985861,34.5633255289072,21672
0.7384527,34.8974662,21673
0.9647562,35.0669025,21674
0.208753333333333,35.0726466666667,21675
-0.4959006,37.2721383,21676
1.0087584,34.8561588,21677
0.7503182,34.6672041,21678
0.587128333333333,34.436415,21679
-0.476066666666667,34.9763483333333,21680
-0.8116278,37.5278128,21681
0.9360831,35.0332763,21682
0.3670606,35.1461837,21683
0.33652,35.105565,21684
0.4533448,34.2258807,21685
0.0222408,34.8438686,21686
0.74707,35.351905,21687
-0.437846761622143,34.9480846658933,21688
0.149046700635169,34.4724579556323,21689
-0.8844639,34.6006471,21690
0.185817,34.2343784,21691
0.581932,34.6025299,21692
0.8468163,34.8499489,21693
0.2124,35.4983083,21694
0.0025649,35.3652639,21695
-0.0306438954434589,34.7345051899776,21696
-0.9568363,34.6067599,21697
-0.7376306,34.7963694,21698
-0.547661666666667,34.99131,21699
0.3826655,34.1932446,21700
0.793456366945594,34.69920996327,21701
0.0641721,37.5747581,21702
0.2783756,34.1247602,21703
0.1109237,34.4459406,21704
0.2921952,34.734216,21705
0.633459295611573,34.2832787135051,21706
0.23387,34.0992998,21707
0.0827350950545644,34.4904224644806,21708
0.9889567,35.0368967,21709
0.336358,34.3270462,21710
0.1252646,34.7284555,21711
0.7286256,35.1741722,21712
0.5102793,34.7325106,21713
-0.9421863,34.4442334,21714
-0.758438333333333,34.35602,21715
0.117663333333333,34.31668,21716
0.9795515,34.9067212,21717
0.7216117,34.8655439,21718
-0.518435,34.5928483333333,21719
-0.8006488,36.9391631,21720
0.495334247436463,34.6603926338987,21721
1.0261324,35.346665,21722
0.421830678573126,34.81765113467,21723
-0.500521666666667,34.937305,21724
0.4079103,34.1566436,21725
0.2848632,34.7617794,21726
-0.6972227,34.6804376,21727
-0.7235345,34.792524,21728
0.4551497,34.1208072,21729
-0.0278295459279376,34.6356060533444,21730
-0.7601967,34.7759834,21731
-1.04600333333333,34.4579866666667,21732
0.8291168,34.9805111,21733
-0.580665012701877,37.0450547868369,21734
0.699945147104078,35.097330023659,21735
-0.416785,34.557665,21736
-0.5671003,36.040539,21737
-0.7837495,34.7146281,21738
0.6393079,34.5766965,21739
-0.7164452,34.7314339,21740
0.793633686832871,34.8273300969657,21741
0.500968333333333,35.1173983333333,21742
-1.0457756,34.5713613,21743
0.451751666666667,35.006545,21744
0.759194,34.3576961,21745
-0.0440805325341386,35.0946149866958,21746
-0.973894,34.5880668,21747
-0.5559834,36.0206724,21748
0.3151561,35.1694372,21749
0.83129832186433,34.7989839926445,21750
0.5815601,34.5595807,21751
0.355859393786882,34.3551909549199,21752
0.5905775,34.5611206,21753
-0.5862423,36.9954427,21754
0.5897724,34.6026197,21755
0.1986929,34.7844117,21756
-0.162416666666667,35.5126,21757
0.224348333333333,35.06005,21758
-0.414253333333333,34.4711666666667,21759
0.602377570127384,34.2550636476118,21760
-0.813808333333333,35.176995,21761
-0.8938782,34.5012957,21762
-0.429525,35.01187,21763
0.39052197253786,34.7404064370738,21764
0.554023354246504,34.577179862691096,21765
0.2706501,34.1343669,21766
0.894915,35.1489766666667,21767
1.05891177606991,34.7946448692043,21768
-0.5318447,34.8323986,21769
0.160766179319805,34.6636010501013,21770
0.7279986,34.4511089,21771
0.43721701172667,34.4604223315033,21772
0.450143333333333,34.5245983333333,21773
0.235283333333333,34.5240816666667,21774
0.1670479,34.0409327,21775
-0.9093918,34.8729289,21776
1.1135543,34.7897175,21777
-1.0306655,34.3703616,21778
-0.7595509,34.7014971,21779
0.4809963,35.2567425,21780
0.510271,34.7325349,21781
0.176325620508881,34.6132966266303,21782
0.9541143,35.3963001,21783
0.4867045,34.2006519,21784
0.3067681,34.4513133,21785
-0.0883739,35.2755533,21786
0.955153333333333,35.168865,21787
0.161703333333333,34.9994733333333,21788
0.4551964,34.1206867,21789
0.2819433,34.7259308,21790
-0.4819723,34.8614101,21791
-0.7929005,37.4025873,21792
-0.437820061140903,34.9482492665446,21793
-0.9225331,34.8582122,21794
-0.8231705,37.0546985,21795
0.276510176199432,34.5652083402875,21796
-0.2782591,36.3354176,21797
-0.841908,37.1940715,21798
0.2333341,34.0991955,21799
0.8209242,34.9761369,21800
-0.86144,34.6312566666667,21801
0.3318921,34.3173562,21802
0.3729148,35.3865854,21803
-0.0053302,34.7889483,21804
-0.699515,35.229055,21805
-0.416788333333333,34.5452366666667,21806
-0.707495,34.4886933333333,21807
0.451215400904614,34.482899988047,21808
-0.5834819,36.0319285,21809
0.59801941004195,34.6290712681378,21810
0.391181816411379,34.9198312597582,21811
0.3325251,34.3158908,21812
-0.0227733376354335,34.7306979489538,21813
-0.670435757566761,34.3874144096212,21814
-0.512809891592213,34.7026080594583,21815
-0.584605,34.6631733333333,21816
-0.882315,34.88326,21817
0.9805236,34.8313911,21818
-0.594841666666667,34.3668483333333,21819
0.0331629,34.441291,21820
0.4551652,34.1207303,21821
0.2904652,34.7535304,21822
-0.472102783026858,34.7821423678521,21823
0.818204513731021,34.9742247022447,21824
0.0806449432362184,34.6906384201597,21825
0.7878443,35.0443242,21826
-0.4960185,34.8478297,21827
0.44498,35.316735,21828
0.7631982,34.8911407,21829
0.5939647,35.2107119,21830
1.097215,35.00718,21831
0.0817191196386634,34.6861016897486,21832
-0.5818796,36.054562,21833
0.713265,35.1516933333333,21834
0.1983033,35.4334917,21835
0.9647531,35.066878,21836
0.1097979,34.450991,21837
0.3071077,34.125302,21838
-0.2978516,35.2546752,21839
0.0004107,34.3600486,21840
0.3817929,34.1977535,21841
0.3159722,34.4653356,21842
0.337298314840034,34.3263611629728,21843
-0.469238333333333,34.961685,21844
-0.695203333333333,34.8780566666667,21845
0.125019,34.7281882,21846
0.101348333333333,34.2142516666667,21847
-0.0103764,34.4123803,21848
0.6714775,34.5710248,21849
-0.8213531,37.3476479,21850
0.214309462482906,34.8306880859286,21851
0.8214643,34.8537801,21852
0.781872594363292,34.7166232916325,21853
0.7669547,34.8896192,21854
0.0209359,34.4008733,21855
-0.287515,35.3767716666667,21856
-0.659822154695015,34.5458213747923,21857
1.1053817,35.0706533,21858
-0.307252645554469,34.288928240804,21859
1.0385181,34.8607838,21860
0.3136086,34.349624,21861
0.6604458,34.6532772,21862
1.03359,35.10896,21863
-1.0323573,34.5669324,21864
0.2717383,34.1336196,21865
0.433516278326403,34.7872020551683,21866
0.792838585082979,34.827130683336,21867
1.0072593,35.355769,21868
0.89564,35.1419366666667,21869
0.350421486275067,34.8261346373804,21870
0.193316,35.4725417,21871
-0.755790878534998,34.2319919493093,21872
0.1565105,34.2640659,21873
-0.0348087,34.807227,21874
-0.4444487,34.9033052,21875
0.2801686,34.3843136,21876
0.1798998,34.9361509,21877
0.7609788,34.966527,21878
0.1960171,34.813596,21879
0.78169823147884,34.7093100008439,21880
0.981775,35.1625067,21881
0.2260821,34.1113918,21882
-0.773642639385633,34.4285631531224,21883
0.2724948,34.4044085,21884
0.134176666666667,34.3814266666667,21885
-0.8674075,34.7134028,21886
0.155309677133571,34.5988061201517,21887
-0.751270701284757,34.6480863527952,21888
1.12358666666667,35.13862,21889
-0.587783333333333,34.8210533333333,21890
0.2063198,34.8301595,21891
1.0957318,35.2388883,21892
0.230701,34.8487595,21893
0.8353165,34.9772849,21894
0.1131542,34.7795295,21895
1.010395,35.0306733,21896
-0.0217728,34.3842851,21897
0.4368138,34.6731572,21898
0.80447,35.14367,21899
0.904085,35.0935567,21900
-0.556209260585098,37.0473620246863,21901
0.3155504,34.2823245,21902
0.7746821,35.239671,21903
-0.184336666666667,35.2029883333333,21904
-0.793451666666667,34.364405,21905
0.53638,35.1279232,21906
-0.452239192199105,34.2523080407595,21907
0.54560988582394,34.4012546048798,21908
-0.780326374410593,34.6510669140548,21909
-0.9374024,34.7479548,21910
0.793891839235162,34.8278758139136,21911
0.9098017,35.0335712,21912
-0.993841666666667,34.3590133333333,21913
0.0914208,34.6668168,21914
0.147596666666667,34.1841633333333,21915
0.224586666666667,34.164935,21916
0.450670183831987,34.215183869487,21917
-0.4851449,35.1114909,21918
-0.429691666666667,35.0115466666667,21919
0.552456666666667,35.3784183333333,21920
0.147381576505511,34.7898333344953,21921
0.1245841,34.7282594,21922
0.554952521552509,35.2511269381207,21923
-0.8606084,34.9387753,21924
-0.424548758660653,34.9504339172393,21925
-0.0446140405466518,34.5072457873422,21926
0.2392117,35.436265,21927
0.378925663182432,34.3619691018988,21928
-0.411906666666667,34.81252,21929
-0.568513333333333,34.5170916666667,21930
-0.7615654,34.6742167,21931
-0.0127644,37.6165363,21932
-0.357075,35.0435016666667,21933
0.548678333333333,35.3786716666667,21934
0.8644849,34.9042501,21935
-0.935168333333333,34.6394983333333,21936
0.1129107,34.8065933,21937
-0.717095,34.2850566666667,21938
-0.108388730327371,34.3900981650203,21939
0.8683967,34.9871868,21940
0.6783293,34.6522669,21941
0.8635183,35.138095,21942
0.691565,34.9803816666667,21943
0.2214217,35.60109,21944
0.6312027,34.7958406,21945
0.788485,35.0439866666667,21946
0.2006154,35.4347788,21947
-0.4893461,34.8229873,21948
0.1171569,34.7589315,21949
0.58708,34.4364083333333,21950
-0.563813333333333,34.4892383333333,21951
0.3209529,34.2819681,21952
-0.287666666666667,35.3765,21953
-0.0710080638940361,35.0107915352527,21954
0.0824708,34.5019783,21955
0.2125398,34.3312353,21956
0.218641666666667,34.9819066666667,21957
0.5093225,35.1079944,21958
0.0877092640427115,34.7677536660155,21959
0.351305502586918,34.8262160122735,21960
0.618015,34.997335,21961
0.0391228,34.4713178,21962
0.996051666666667,35.0898666666667,21963
0.367754507823531,34.6680154650494,21964
-0.7616672,34.6920185,21965
0.214701740772745,34.6398457492067,21966
-1.0696202,34.4695088,21967
0.865400091499201,34.8984012839203,21968
-0.8446258,37.0559258,21969
0.283919293638856,34.728357235454,21970
0.557425,35.0141766666667,21971
0.552561666666667,35.4249283333333,21972
0.1228569,37.5617938,21973
0.377516350845457,34.574939670845,21974
0.39788031104737,34.6852982877097,21975
0.677918207359599,34.4273903835825,21976
0.6075832,34.8453106,21977
0.475873,34.1545961,21978
-0.841703333333333,35.19538,21979
-0.884846666666667,34.603535,21980
-0.686961666666667,34.8899733333333,21981
-0.7878679,36.9487193,21982
0.261206666666667,34.4666116666667,21983
0.2317764,34.4655151,21984
0.161270261977051,34.661074343859,21985
1.091095,35.098835,21986
0.68223,35.4566417,21987
0.622215,34.99521,21988
0.7518484,34.3571532,21989
0.6603549,34.8064048,21990
0.361303333333333,35.021025,21991
-0.6547678,34.6449711,21992
0.2404132,34.5623414,21993
0.344898432063257,34.5633984213575,21994
-0.7166191,34.7345545,21995
-0.662951666666667,34.7827783333333,21996
0.788441984067354,34.7607186038324,21997
0.7319422,34.3631273,21998
0.266635,34.547455,21999
-0.9565721,34.607515,22000
0.0894170197008947,34.4561063898127,22001
-0.388321666666667,34.9291266666667,22002
-0.374086666666667,35.1410816666667,22003
-0.346791750925574,34.9950055396824,22004
0.0538526,34.6883064,22005
0.0762096,34.7450035,22006
0.570872271146628,34.6213072729502,22007
-0.4609221,37.6892899,22008
0.0499979,34.6972773,22009
0.486874130234591,34.6185450018816,22010
-0.446795518735713,34.8244095255076,22011
0.376721836128024,34.5889942793038,22012
-0.566675,34.7286083333333,22013
0.2546299,34.5345578,22014
0.732563333333333,34.7347333333333,22015
0.722935328291964,35.0965388659022,22016
0.3856973,34.200269,22017
0.3581746,34.7141129,22018
0.987606666666667,35.0671066666667,22019
0.7500761,34.5077257,22020
0.2925548,34.7343598,22021
0.2648665,34.2666526,22022
0.490521730864011,34.5695359160739,22023
0.9070426,35.0353662,22024
0.7108685,34.6328546,22025
-0.8473354,34.4709539,22026
-0.544837523644574,37.2922534890818,22027
-0.167790019151141,35.0430388122297,22028
0.3208335,34.2823456,22029
0.121543333333333,34.1968416666667,22030
0.26158,34.406005,22031
-0.9773668,34.5902139,22032
0.793411307461327,34.7158543927983,22033
-0.654583543058549,34.550371676236,22034
-0.411656666666667,34.6366016666667,22035
0.096351,34.4659989,22036
0.2675346,34.7580401,22037
-1.00689666666667,34.3660883333333,22038
-0.4631977,35.1199296,22039
0.455005,34.120548,22040
-0.9938223,34.6000895,22041
-0.0437421386244302,34.6582953941369,22042
-0.7596864,34.9125832,22043
0.785511666666667,35.03353,22044
-0.460027,37.6912697,22045
-0.65531,34.43811,22046
-0.551706666666667,37.264505,22047
0.1830422,35.4964483,22048
-0.296173064373185,34.3776070461059,22049
0.9983396,34.9593579,22050
0.1520383,35.1855262,22051
-0.638090473890474,34.7321665818128,22052
-0.442363812614127,34.8641167478914,22053
-0.028120366471453,35.2548783770135,22054
0.4450623,34.8787498,22055
0.777268333333333,35.0592316666667,22056
-0.5551381,34.8626311,22057
-1.0063612,34.2852617,22058
-0.65566,34.437955,22059
0.393170399013614,34.4964021450016,22060
-0.8934413,34.8987946,22061
0.113171666666667,34.3176066666667,22062
-0.5233155,34.9042557,22063
0.2923403,34.7342782,22064
0.0494683333333333,37.6733333333333,22065
1.02607,35.34821,22066
-0.8963448,34.8039423,22067
-1.03424333333333,34.4586516666667,22068
0.5986,34.2590283333333,22069
-0.516063141070944,34.7143813210098,22070
0.6948212,34.5093909,22071
-0.061972,34.1690694,22072
0.9821617,34.9742217,22073
0.802251,35.0806876,22074
0.6790598,34.5125213,22075
-0.758246173007335,34.6563030198423,22076
-0.3296826,35.9864945,22077
-0.4665887,37.5215107,22078
0.609101666666667,35.3952233333333,22079
-0.43430531708538,34.7963100334187,22080
-0.0230809389520199,34.7318335670411,22081
0.774005,35.179285,22082
0.3605417,35.4120283,22083
0.2847728,34.5359952,22084
-0.2874345,36.2407574,22085
-0.657957027706183,34.6938032267564,22086
-0.748318,34.9315087,22087
0.0793696614877518,34.670122302687,22088
-0.388253333333333,35.096345,22089
0.0875699,37.5630064,22090
-0.6411766937621,34.3558374600555,22091
0.4376505,34.7635984,22092
0.2855496,34.1974287,22093
0.766488,34.4826944,22094
-0.466327382061034,37.3781050334986,22095
-0.4614407,36.9428482,22096
0.4904,34.5704816666667,22097
0.145845557020647,34.4814110700381,22098
-0.288853333333333,35.2742066666667,22099
0.7794477,34.9733008,22100
-0.8244816,37.5799882,22101
-0.0680454630991118,35.0108373447691,22102
-0.420303327670485,34.7768234935841,22103
-0.6777658,34.7066927,22104
0.45151455038002,34.482623769319,22105
1.08147666666667,35.0257866666667,22106
-0.538155834899666,34.6038307628777,22107
1.0852372,34.7864332,22108
0.7612459,34.8213532,22109
-0.605762,34.8823798,22110
0.1628923,34.7015578,22111
0.9940933,35.0363933,22112
-0.0333452,34.1796807,22113
0.671448,34.5710316,22114
-0.75636,35.1581983333333,22115
0.0928835,34.4873741,22116
0.3091233,35.43713,22117
-1.101945,34.5204733333333,22118
0.729666,34.6491422,22119
-0.552408333333333,34.7300016666667,22120
0.143845205512632,34.7905138424996,22121
-0.432174278464013,34.9405543875924,22122
0.8190235,34.6402356,22123
1.13553833333333,35.1317116666667,22124
0.764597953659455,34.638881408899,22125
0.595435207041724,34.6484711469574,22126
0.2158068,35.6072339,22127
0.1839521,34.2349196,22128
0.2787486,34.1177633,22129
0.477130692402599,34.5589030788715,22130
0.423484,34.1579716,22131
-0.60502,34.669865,22132
-0.5335765,34.8295849,22133
-0.9165666,34.4412631,22134
-0.198534185806789,35.259904622685,22135
0.162215964792646,34.6354507939658,22136
0.2506037,34.7897762,22137
0.4488251,34.254886,22138
0.9790205,34.9089253,22139
-0.726316666666667,34.484285,22140
-0.0959017444825693,35.2751370184018,22141
-0.5114753,35.9838633,22142
-0.300620250962956,34.3084753768854,22143
0.791720144342436,34.6970439856077,22144
-0.774650782149451,34.6606043450306,22145
0.153407482827623,34.7616069887402,22146
-0.240846445427231,34.9681554480467,22147
-0.7832322,36.9549773,22148
-0.250936666666667,35.3610466666667,22149
0.581656184133367,34.5595543375719,22150
0.2877605,34.7618221,22151
-0.433533333333333,34.9896616666667,22152
0.0111869,34.4736189,22153
-0.02196,34.452394,22154
0.76827,34.5924166666667,22155
-0.178901165384723,34.9645320199967,22156
0.6872443,34.5401713,22157
0.456078333333333,34.5539983333333,22158
0.1671288,37.546646,22159
0.563753795016665,34.5928061298181,22160
0.11677,37.5410747,22161
-0.0508312602848872,34.5844495286449,22162
0.042465,35.0735066666667,22163
0.191546661942082,34.6280101831538,22164
0.5938772,35.2107636,22165
0.26437,34.8082335,22166
-0.7482485,34.660895,22167
-0.400049734615689,34.6956771526464,22168
0.451360574669171,34.4825060880579,22169
-0.638983333333333,34.4178733333333,22170
0.5061726,34.7497581,22171
0.2200486,34.7966839,22172
-0.3984702,36.4165832,22173
-0.228386666666667,35.4029916666667,22174
0.0544270335112152,34.5641179562294,22175
0.116850710217309,34.4848978614009,22176
-0.681941666666667,35.32153,22177
-0.7468438,34.7184495,22178
0.3910628,34.3440381,22179
0.7400204,34.6683894,22180
-0.7878517,36.9861813,22181
-0.9912155,34.376655,22182
1.0451722,34.9988413,22183
-0.757875,34.5448,22184
0.234456,34.5291907,22185
0.2854946,34.399909,22186
0.2824244,34.7511406,22187
1.00353333333333,35.0423616666667,22188
-0.8946773,34.7952006,22189
-0.4837134,34.8005126,22190
-0.0296879,34.801484,22191
0.540349927568449,34.4921500970047,22192
0.668981041361548,34.7650851866947,22193
0.947355,35.1821133333333,22194
-0.708866666666667,34.4951216666667,22195
0.749906666666667,35.0941583333333,22196
-0.761451666666667,34.2580633333333,22197
0.0233961943297639,34.6229116101114,22198
-1.0302963,34.2313476,22199
0.6839732,35.4518962,22200
1.0779305,34.7917111,22201
0.7736714,34.4922901,22202
0.747863333333333,34.7320866666667,22203
0.18024,37.749112,22204
0.8700846,34.887296,22205
0.4021016,34.4372632,22206
-0.51461,34.6628483333333,22207
0.141525,34.37843,22208
0.788094725336171,34.7564964772669,22209
0.106910909688937,34.6205634143084,22210
-0.752764152040336,34.6306004968658,22211
-1.05988666666667,34.52011,22212
0.29921,35.45437,22213
0.743833305214992,34.7137552413316,22214
0.3904774,34.4697286,22215
-0.557141666666667,34.5734383333333,22216
0.39217097160877,34.9199358533384,22217
0.846030691014489,34.7934348860212,22218
0.3428612,34.0978087,22219
0.356429938692281,34.3526176959384,22220
-0.8447917,34.5546885,22221
-0.011285,34.6928284,22222
0.0723174179797506,34.4640165722417,22223
0.516732709684006,34.5719862584225,22224
0.749687749023196,34.7105704501448,22225
0.20539,34.1354566666667,22226
0.80134,35.14402,22227
0.1166855,34.8212575,22228
0.423328578823504,34.1572593551945,22229
-0.0581067918983909,34.3530559206935,22230
0.0937585,34.4497451,22231
-0.314266666666667,35.2949683333333,22232
0.102508077416297,34.7623547738795,22233
0.785579,34.4972518,22234
-0.61008,34.921965,22235
0.4550765,34.1207969,22236
-0.507657758688743,34.7791371914301,22237
0.617766666666667,34.9969483333333,22238
-0.5996236,35.1766699,22239
0.3050765,34.5513089,22240
-0.238082245132154,34.968001459546,22241
-0.86007,34.67195,22242
0.1175259,34.7365305,22243
-0.4851166,37.1358719,22244
0.0276333333333333,35.0394833333333,22245
0.0569398,34.6598978,22246
-0.448955,35.0245783333333,22247
0.2152152,35.5775461,22248
-0.8516,37.0255371,22249
-0.6570019,34.6524774,22250
-0.0331748,34.8064974,22251
1.04177910922413,34.7996270547269,22252
0.9554367,35.37498,22253
-0.277351666666667,35.3700616666667,22254
-0.5331126,37.4911903,22255
0.9870965,35.0392033,22256
-0.786992,36.9511582,22257
1.163911,34.8116552,22258
0.128276314812064,34.5422402646724,22259
-0.892168333333333,34.714865,22260
-0.68864,34.4628533333333,22261
0.5905721,34.5613382,22262
-0.7280605,34.8058997,22263
0.31872,34.2802929,22264
-0.435288333333333,34.5829916666667,22265
-0.70712,34.4892166666667,22266
1.0632876278914,34.7934303584306,22267
-0.0349669,34.1833843,22268
-0.00297,34.95086,22269
0.733673333333333,34.73383,22270
-0.127641691425159,34.5796930056992,22271
0.195266666666667,35.1196816666667,22272
-0.5858419,36.9970726,22273
0.9539817,35.3958517,22274
0.0956977,37.5139868,22275
0.7039822,35.207201,22276
0.6079129,34.600891,22277
-0.0343215,35.0245765,22278
